timestamp_utc,latitude,longitude,heart_rate,finish_time_utc,elapsed_race_time_s,finished_flag,seg_dist_m,dist_from_start_m,SOG_raw_mpm,COG_raw_deg
2026-05-12T13:03:29+00:00,43.51830373518169,16.371059550438076,122,2026-05-12T13:14:57.953614+00:00,689,1,0.0,0.0,0.0,0.0
2026-05-12T13:03:30+00:00,43.51828705519438,16.371056134812534,121,2026-05-12T13:14:57.953614+00:00,689,1,1.875,1.875,112.5,188.446
2026-05-12T13:03:31+00:00,43.51827037520707,16.37105271918699,120,2026-05-12T13:14:57.953614+00:00,689,1,1.875,3.75,112.5,188.446
2026-05-12T13:03:32+00:00,43.518253695219755,16.37104930356145,119,2026-05-12T13:14:57.953614+00:00,689,1,1.875,5.625,112.5,188.446
2026-05-12T13:03:33+00:00,43.518236596137285,16.371044316329062,117,2026-05-12T13:14:57.953614+00:00,689,1,1.943,7.569,116.58,191.942
2026-05-12T13:03:34+00:00,43.518219497054815,16.371039329096675,115,2026-05-12T13:14:57.953614+00:00,689,1,1.943,9.512,116.58,191.942
2026-05-12T13:03:35+00:00,43.51820243149996,16.371036680415273,116,2026-05-12T13:14:57.953614+00:00,689,1,1.91,11.422,114.6,186.422
2026-05-12T13:03:36+00:00,43.5181853659451,16.37103403173387,116,2026-05-12T13:14:57.953614+00:00,689,1,1.91,13.331,114.6,186.422
2026-05-12T13:03:37+00:00,43.51816830039024,16.37103138305247,117,2026-05-12T13:14:57.953614+00:00,689,1,1.91,15.241,114.6,186.422
2026-05-12T13:03:38+00:00,43.518151234835386,16.371028734371066,117,2026-05-12T13:14:57.953614+00:00,689,1,1.91,17.15,114.6,186.422
2026-05-12T13:03:39+00:00,43.51813416928053,16.371026085689664,118,2026-05-12T13:14:57.953614+00:00,689,1,1.91,19.06,114.6,186.422
2026-05-12T13:03:40+00:00,43.51811757311225,16.37102642096579,118,2026-05-12T13:14:57.953614+00:00,689,1,1.846,20.906,110.76,179.161
2026-05-12T13:03:41+00:00,43.51810068357736,16.37102663051337,116,2026-05-12T13:14:57.953614+00:00,689,1,1.878,22.784,112.68,179.485
2026-05-12T13:03:42+00:00,43.51808379404247,16.37102684006095,115,2026-05-12T13:14:57.953614+00:00,689,1,1.878,24.662,112.68,179.485
2026-05-12T13:03:43+00:00,43.51806677877903,16.371025980915874,115,2026-05-12T13:14:57.953614+00:00,689,1,1.893,26.555,113.58,182.097
2026-05-12T13:03:44+00:00,43.51804976351559,16.3710251217708,116,2026-05-12T13:14:57.953614+00:00,689,1,1.893,28.448,113.58,182.097
2026-05-12T13:03:45+00:00,43.51803274825215,16.371024262625724,116,2026-05-12T13:14:57.953614+00:00,689,1,1.893,30.342,113.58,182.097
2026-05-12T13:03:46+00:00,43.518015732988715,16.37102340348065,116,2026-05-12T13:14:57.953614+00:00,689,1,1.893,32.235,113.58,182.097
2026-05-12T13:03:47+00:00,43.51799871772528,16.371022544335574,117,2026-05-12T13:14:57.953614+00:00,689,1,1.893,34.128,113.58,182.097
2026-05-12T13:03:48+00:00,43.51798170246184,16.3710216851905,117,2026-05-12T13:14:57.953614+00:00,689,1,1.893,36.021,113.58,182.097
2026-05-12T13:03:49+00:00,43.5179646871984,16.371020826045424,118,2026-05-12T13:14:57.953614+00:00,689,1,1.893,37.915,113.58,182.097
2026-05-12T13:03:50+00:00,43.51794767193496,16.37101996690035,118,2026-05-12T13:14:57.953614+00:00,689,1,1.893,39.808,113.58,182.097
2026-05-12T13:03:51+00:00,43.517929622903466,16.371015859767795,118,2026-05-12T13:14:57.953614+00:00,689,1,2.034,41.842,122.04,189.37
2026-05-12T13:03:52+00:00,43.51791157387197,16.37101175263524,117,2026-05-12T13:14:57.953614+00:00,689,1,2.034,43.876,122.04,189.37
2026-05-12T13:03:53+00:00,43.517893524840474,16.371007645502687,117,2026-05-12T13:14:57.953614+00:00,689,1,2.034,45.91,122.04,189.37
2026-05-12T13:03:54+00:00,43.517875886921374,16.37100414905165,118,2026-05-12T13:14:57.953614+00:00,689,1,1.981,47.892,118.86,188.18
2026-05-12T13:03:55+00:00,43.517858249002266,16.37100065260061,118,2026-05-12T13:14:57.953614+00:00,689,1,1.981,49.873,118.86,188.18
2026-05-12T13:03:56+00:00,43.517840611083166,16.370997156149574,119,2026-05-12T13:14:57.953614+00:00,689,1,1.981,51.854,118.86,188.18
2026-05-12T13:03:57+00:00,43.517822973164066,16.370993659698538,119,2026-05-12T13:14:57.953614+00:00,689,1,1.981,53.836,118.86,188.18
2026-05-12T13:03:58+00:00,43.517805335244965,16.3709901632475,120,2026-05-12T13:14:57.953614+00:00,689,1,1.981,55.817,118.86,188.18
2026-05-12T13:03:59+00:00,43.51778769732586,16.370986666796462,120,2026-05-12T13:14:57.953614+00:00,689,1,1.981,57.799,118.86,188.18
2026-05-12T13:04:00+00:00,43.51777005940676,16.370983170345426,121,2026-05-12T13:14:57.953614+00:00,689,1,1.981,59.78,118.86,188.18
2026-05-12T13:04:01+00:00,43.51775326766074,16.37098071165383,119,2026-05-12T13:14:57.953614+00:00,689,1,1.878,61.658,112.68,186.061
2026-05-12T13:04:02+00:00,43.51773647591472,16.37097825296223,118,2026-05-12T13:14:57.953614+00:00,689,1,1.878,63.535,112.68,186.061
2026-05-12T13:04:03+00:00,43.517719684168696,16.370975794270635,116,2026-05-12T13:14:57.953614+00:00,689,1,1.878,65.413,112.68,186.061
2026-05-12T13:04:04+00:00,43.5177022498101,16.370972776785493,112,2026-05-12T13:14:57.953614+00:00,689,1,1.954,67.367,117.24,187.154
2026-05-12T13:04:05+00:00,43.517684186808765,16.370969591662288,110,2026-05-12T13:14:57.953614+00:00,689,1,2.025,69.392,121.5,187.287
2026-05-12T13:04:06+00:00,43.51766612380743,16.370966406539083,109,2026-05-12T13:14:57.953614+00:00,689,1,2.025,71.417,121.5,187.287
2026-05-12T13:04:07+00:00,43.51764768362045,16.37096229940653,110,2026-05-12T13:14:57.953614+00:00,689,1,2.077,73.494,124.62,189.175
2026-05-12T13:04:08+00:00,43.51762899197638,16.37095781508833,112,2026-05-12T13:14:57.953614+00:00,689,1,2.11,75.603,126.6,189.869
2026-05-12T13:04:09+00:00,43.51761030033231,16.370953330770135,113,2026-05-12T13:14:57.953614+00:00,689,1,2.11,77.713,126.6,189.869
2026-05-12T13:04:10+00:00,43.517592321150005,16.370951109565794,116,2026-05-12T13:14:57.953614+00:00,689,1,2.007,79.72,120.42,185.119
2026-05-12T13:04:11+00:00,43.5175743419677,16.370948888361454,118,2026-05-12T13:14:57.953614+00:00,689,1,2.007,81.727,120.42,185.119
2026-05-12T13:04:12+00:00,43.51755456067622,16.370943691581488,118,2026-05-12T13:14:57.953614+00:00,689,1,2.239,83.966,134.34,190.786
2026-05-12T13:04:13+00:00,43.517537193372846,16.370938746258616,117,2026-05-12T13:14:57.953614+00:00,689,1,1.972,85.938,118.32,191.667
2026-05-12T13:04:14+00:00,43.517519826069474,16.370933800935745,117,2026-05-12T13:14:57.953614+00:00,689,1,1.972,87.91,118.32,191.667
2026-05-12T13:04:15+00:00,43.5175024587661,16.370928855612874,116,2026-05-12T13:14:57.953614+00:00,689,1,1.972,89.882,118.32,191.667
2026-05-12T13:04:16+00:00,43.51748509146273,16.370923910290003,116,2026-05-12T13:14:57.953614+00:00,689,1,1.972,91.854,118.32,191.667
2026-05-12T13:04:17+00:00,43.51746772415936,16.37091896496713,115,2026-05-12T13:14:57.953614+00:00,689,1,1.972,93.826,118.32,191.667
2026-05-12T13:04:18+00:00,43.51745020598173,16.3709148298949,115,2026-05-12T13:14:57.953614+00:00,689,1,1.976,95.802,118.56,189.713
2026-05-12T13:04:19+00:00,43.5174326878041,16.37091069482267,114,2026-05-12T13:14:57.953614+00:00,689,1,1.976,97.778,118.56,189.713
2026-05-12T13:04:20+00:00,43.517415169626474,16.370906559750438,114,2026-05-12T13:14:57.953614+00:00,689,1,1.976,99.755,118.56,189.713
2026-05-12T13:04:21+00:00,43.51739839534275,16.370904045179486,114,2026-05-12T13:14:57.953614+00:00,689,1,1.876,101.631,112.56,186.204
2026-05-12T13:04:22+00:00,43.51738162105903,16.370901530608535,113,2026-05-12T13:14:57.953614+00:00,689,1,1.876,103.507,112.56,186.204
2026-05-12T13:04:23+00:00,43.51736484677531,16.370899016037583,112,2026-05-12T13:14:57.953614+00:00,689,1,1.876,105.383,112.56,186.204
2026-05-12T13:04:24+00:00,43.517348072491586,16.370896501466632,112,2026-05-12T13:14:57.953614+00:00,689,1,1.876,107.26,112.56,186.204
2026-05-12T13:04:25+00:00,43.517331298207864,16.37089398689568,112,2026-05-12T13:14:57.953614+00:00,689,1,1.876,109.136,112.56,186.204
2026-05-12T13:04:26+00:00,43.51731452392414,16.37089147232473,111,2026-05-12T13:14:57.953614+00:00,689,1,1.876,111.012,112.56,186.204
2026-05-12T13:04:27+00:00,43.51729774964042,16.370888957753778,110,2026-05-12T13:14:57.953614+00:00,689,1,1.876,112.888,112.56,186.204
2026-05-12T13:04:28+00:00,43.5172809753567,16.370886443182826,110,2026-05-12T13:14:57.953614+00:00,689,1,1.876,114.764,112.56,186.204
2026-05-12T13:04:29+00:00,43.517262996174395,16.370883593335748,110,2026-05-12T13:14:57.953614+00:00,689,1,2.012,116.777,120.72,186.557
2026-05-12T13:04:30+00:00,43.51724501699209,16.37088074348867,110,2026-05-12T13:14:57.953614+00:00,689,1,2.012,118.789,120.72,186.557
2026-05-12T13:04:31+00:00,43.51722703780979,16.37087789364159,110,2026-05-12T13:14:57.953614+00:00,689,1,2.012,120.801,120.72,186.557
2026-05-12T13:04:32+00:00,43.517209058627486,16.370875043794513,110,2026-05-12T13:14:57.953614+00:00,689,1,2.012,122.814,120.72,186.557
2026-05-12T13:04:33+00:00,43.51719162426889,16.370871355757117,113,2026-05-12T13:14:57.953614+00:00,689,1,1.961,124.775,117.66,188.721
2026-05-12T13:04:34+00:00,43.51717343553901,16.370867919176817,116,2026-05-12T13:14:57.953614+00:00,689,1,2.041,126.816,122.46,187.802
2026-05-12T13:04:35+00:00,43.51715390570462,16.37086607515812,118,2026-05-12T13:14:57.953614+00:00,689,1,2.177,128.993,130.62,183.917
2026-05-12T13:04:36+00:00,43.51713437587023,16.37086423113942,119,2026-05-12T13:14:57.953614+00:00,689,1,2.177,131.17,130.62,183.917
2026-05-12T13:04:37+00:00,43.517114678397775,16.37085883319378,118,2026-05-12T13:14:57.953614+00:00,689,1,2.233,133.403,133.98,191.24
2026-05-12T13:04:38+00:00,43.51709498092532,16.370853435248137,118,2026-05-12T13:14:57.953614+00:00,689,1,2.233,135.636,133.98,191.24
2026-05-12T13:04:39+00:00,43.51707528345287,16.370848037302494,117,2026-05-12T13:14:57.953614+00:00,689,1,2.233,137.869,133.98,191.24
2026-05-12T13:04:40+00:00,43.517055585980415,16.37084263935685,117,2026-05-12T13:14:57.953614+00:00,689,1,2.233,140.102,133.98,191.24
2026-05-12T13:04:41+00:00,43.51703588850796,16.37083724141121,116,2026-05-12T13:14:57.953614+00:00,689,1,2.233,142.335,133.98,191.24
2026-05-12T13:04:42+00:00,43.51701781153679,16.37083237990737,116,2026-05-12T13:14:57.953614+00:00,689,1,2.048,144.383,122.88,191.035
2026-05-12T13:04:43+00:00,43.516999734565616,16.37082751840353,115,2026-05-12T13:14:57.953614+00:00,689,1,2.048,146.431,122.88,191.035
2026-05-12T13:04:44+00:00,43.51698165759444,16.37082265689969,115,2026-05-12T13:14:57.953614+00:00,689,1,2.048,148.479,122.88,191.035
2026-05-12T13:04:45+00:00,43.51696492172778,16.370817460119724,116,2026-05-12T13:14:57.953614+00:00,689,1,1.908,150.387,114.48,192.69
2026-05-12T13:04:46+00:00,43.51694818586111,16.370812263339758,118,2026-05-12T13:14:57.953614+00:00,689,1,1.908,152.294,114.48,192.69
2026-05-12T13:04:47+00:00,43.516931449994445,16.37080706655979,119,2026-05-12T13:14:57.953614+00:00,689,1,1.908,154.202,114.48,192.69
2026-05-12T13:04:48+00:00,43.516915147192776,16.370805432088673,120,2026-05-12T13:14:57.953614+00:00,689,1,1.818,156.019,109.08,184.158
2026-05-12T13:04:49+00:00,43.51689884439111,16.370803797617555,122,2026-05-12T13:14:57.953614+00:00,689,1,1.818,157.837,109.08,184.158
2026-05-12T13:04:50+00:00,43.516882681287825,16.370803560130298,121,2026-05-12T13:14:57.953614+00:00,689,1,1.797,159.634,107.82,180.61
2026-05-12T13:04:51+00:00,43.51686651818454,16.37080332264304,120,2026-05-12T13:14:57.953614+00:00,689,1,1.797,161.432,107.82,180.61
2026-05-12T13:04:52+00:00,43.51685035508126,16.370803085155785,120,2026-05-12T13:14:57.953614+00:00,689,1,1.797,163.229,107.82,180.61
2026-05-12T13:04:53+00:00,43.51683419197798,16.37080284766853,119,2026-05-12T13:14:57.953614+00:00,689,1,1.797,165.026,107.82,180.61
2026-05-12T13:04:54+00:00,43.516818028874695,16.370802610181272,118,2026-05-12T13:14:57.953614+00:00,689,1,1.797,166.824,107.82,180.61
2026-05-12T13:04:55+00:00,43.51680186577141,16.370802372694016,117,2026-05-12T13:14:57.953614+00:00,689,1,1.797,168.621,107.82,180.61
2026-05-12T13:04:56+00:00,43.516785060055554,16.370802707970142,114,2026-05-12T13:14:57.953614+00:00,689,1,1.869,170.49,112.14,179.171
2026-05-12T13:04:57+00:00,43.516768254339695,16.37080304324627,111,2026-05-12T13:14:57.953614+00:00,689,1,1.869,172.359,112.14,179.171
2026-05-12T13:04:58+00:00,43.51675048470497,16.370802875608206,112,2026-05-12T13:14:57.953614+00:00,689,1,1.976,174.335,118.56,180.392
2026-05-12T13:04:59+00:00,43.51673357002437,16.370803965255618,112,2026-05-12T13:14:57.953614+00:00,689,1,1.883,176.218,112.98,177.325
2026-05-12T13:05:00+00:00,43.51671665534377,16.37080505490303,112,2026-05-12T13:14:57.953614+00:00,689,1,1.883,178.101,112.98,177.325
2026-05-12T13:05:01+00:00,43.51669974066317,16.370806144550443,113,2026-05-12T13:14:57.953614+00:00,689,1,1.883,179.983,112.98,177.325
2026-05-12T13:05:02+00:00,43.51668282598257,16.370807234197855,113,2026-05-12T13:14:57.953614+00:00,689,1,1.883,181.866,112.98,177.325
2026-05-12T13:05:03+00:00,43.51666591130197,16.370808323845267,113,2026-05-12T13:14:57.953614+00:00,689,1,1.883,183.749,112.98,177.325
2026-05-12T13:05:04+00:00,43.51664899662137,16.37080941349268,113,2026-05-12T13:14:57.953614+00:00,689,1,1.883,185.632,112.98,177.325
2026-05-12T13:05:05+00:00,43.51663208194077,16.370810503140092,113,2026-05-12T13:14:57.953614+00:00,689,1,1.883,187.515,112.98,177.325
2026-05-12T13:05:06+00:00,43.51661516726017,16.370811592787504,114,2026-05-12T13:14:57.953614+00:00,689,1,1.883,189.398,112.98,177.325
2026-05-12T13:05:07+00:00,43.51659825257957,16.370812682434916,114,2026-05-12T13:14:57.953614+00:00,689,1,1.883,191.281,112.98,177.325
2026-05-12T13:05:08+00:00,43.51658133789897,16.37081377208233,114,2026-05-12T13:14:57.953614+00:00,689,1,1.883,193.164,112.98,177.325
2026-05-12T13:05:09+00:00,43.516564859077334,16.370815775357187,114,2026-05-12T13:14:57.953614+00:00,689,1,1.839,195.003,110.34,174.962
2026-05-12T13:05:10+00:00,43.5165483802557,16.370817778632045,115,2026-05-12T13:14:57.953614+00:00,689,1,1.839,196.843,110.34,174.962
2026-05-12T13:05:11+00:00,43.516531901434064,16.370819781906903,115,2026-05-12T13:14:57.953614+00:00,689,1,1.839,198.682,110.34,174.962
2026-05-12T13:05:12+00:00,43.51651542261243,16.37082178518176,116,2026-05-12T13:14:57.953614+00:00,689,1,1.839,200.521,110.34,174.962
2026-05-12T13:05:13+00:00,43.51649894379079,16.37082378845662,116,2026-05-12T13:14:57.953614+00:00,689,1,1.839,202.361,110.34,174.962
2026-05-12T13:05:14+00:00,43.51648246496916,16.370825791731477,116,2026-05-12T13:14:57.953614+00:00,689,1,1.839,204.2,110.34,174.962
2026-05-12T13:05:15+00:00,43.51646598614752,16.370827795006335,117,2026-05-12T13:14:57.953614+00:00,689,1,1.839,206.04,110.34,174.962
2026-05-12T13:05:16+00:00,43.51644950732589,16.370829798281193,117,2026-05-12T13:14:57.953614+00:00,689,1,1.839,207.879,110.34,174.962
2026-05-12T13:05:17+00:00,43.51643302850425,16.37083180155605,118,2026-05-12T13:14:57.953614+00:00,689,1,1.839,209.719,110.34,174.962
2026-05-12T13:05:18+00:00,43.51641654968262,16.37083380483091,118,2026-05-12T13:14:57.953614+00:00,689,1,1.839,211.558,110.34,174.962
2026-05-12T13:05:19+00:00,43.516400288790464,16.37083489447832,120,2026-05-12T13:14:57.953614+00:00,689,1,1.81,213.369,108.6,177.218
2026-05-12T13:05:20+00:00,43.51638206653297,16.370833033695817,119,2026-05-12T13:14:57.953614+00:00,689,1,2.032,215.4,121.92,184.235
2026-05-12T13:05:21+00:00,43.516363844275475,16.370831172913313,118,2026-05-12T13:14:57.953614+00:00,689,1,2.032,217.432,121.92,184.235
2026-05-12T13:05:22+00:00,43.51634562201798,16.37082931213081,118,2026-05-12T13:14:57.953614+00:00,689,1,2.032,219.464,121.92,184.235
2026-05-12T13:05:23+00:00,43.516327399760485,16.370827451348305,117,2026-05-12T13:14:57.953614+00:00,689,1,2.032,221.496,121.92,184.235
2026-05-12T13:05:24+00:00,43.51630917750299,16.3708255905658,116,2026-05-12T13:14:57.953614+00:00,689,1,2.032,223.527,121.92,184.235
2026-05-12T13:05:25+00:00,43.51629048585892,16.370822908356786,113,2026-05-12T13:14:57.953614+00:00,689,1,2.09,225.617,125.4,185.941
2026-05-12T13:05:26+00:00,43.51627242285758,16.37082054046914,114,2026-05-12T13:14:57.953614+00:00,689,1,2.018,227.635,121.08,185.43
2026-05-12T13:05:27+00:00,43.51625435985625,16.370818172581494,115,2026-05-12T13:14:57.953614+00:00,689,1,2.018,229.652,121.08,185.43
2026-05-12T13:05:28+00:00,43.51623629685491,16.370815804693848,116,2026-05-12T13:14:57.953614+00:00,689,1,2.018,231.67,121.08,185.43
2026-05-12T13:05:29+00:00,43.51621823385358,16.370813436806202,117,2026-05-12T13:14:57.953614+00:00,689,1,2.018,233.687,121.08,185.43
2026-05-12T13:05:30+00:00,43.51619937457144,16.370810503140092,118,2026-05-12T13:14:57.953614+00:00,689,1,2.11,235.798,126.6,186.436
2026-05-12T13:05:31+00:00,43.51618051528931,16.370807569473982,120,2026-05-12T13:14:57.953614+00:00,689,1,2.11,237.908,126.6,186.436
2026-05-12T13:05:32+00:00,43.5161607619375,16.370805026963353,119,2026-05-12T13:14:57.953614+00:00,689,1,2.206,240.114,132.36,185.333
2026-05-12T13:05:33+00:00,43.51614100858569,16.370802484452724,118,2026-05-12T13:14:57.953614+00:00,689,1,2.206,242.32,132.36,185.333
2026-05-12T13:05:34+00:00,43.51612125523389,16.370799941942096,117,2026-05-12T13:14:57.953614+00:00,689,1,2.206,244.526,132.36,185.333
2026-05-12T13:05:35+00:00,43.51610113866627,16.37079897802323,115,2026-05-12T13:14:57.953614+00:00,689,1,2.238,246.764,134.28,181.99
2026-05-12T13:05:36+00:00,43.51608102209866,16.370798014104366,113,2026-05-12T13:14:57.953614+00:00,689,1,2.238,249.002,134.28,181.99
2026-05-12T13:05:37+00:00,43.51606101030484,16.370794409886003,114,2026-05-12T13:14:57.953614+00:00,689,1,2.244,251.247,134.64,187.441
2026-05-12T13:05:38+00:00,43.516040998511016,16.37079080566764,116,2026-05-12T13:14:57.953614+00:00,689,1,2.244,253.491,134.64,187.441
2026-05-12T13:05:39+00:00,43.516020986717194,16.370787201449275,117,2026-05-12T13:14:57.953614+00:00,689,1,2.244,255.735,134.64,187.441
2026-05-12T13:05:40+00:00,43.51600097492337,16.37078359723091,118,2026-05-12T13:14:57.953614+00:00,689,1,2.244,257.979,134.64,187.441
2026-05-12T13:05:41+00:00,43.51598194800317,16.370778190903366,120,2026-05-12T13:14:57.953614+00:00,689,1,2.16,260.139,129.6,191.643
2026-05-12T13:05:42+00:00,43.51596292108297,16.37077278457582,122,2026-05-12T13:14:57.953614+00:00,689,1,2.16,262.299,129.6,191.643
2026-05-12T13:05:43+00:00,43.51594349183142,16.370768694207072,121,2026-05-12T13:14:57.953614+00:00,689,1,2.185,264.485,131.1,188.68
2026-05-12T13:05:44+00:00,43.51592406257987,16.370764603838325,120,2026-05-12T13:14:57.953614+00:00,689,1,2.185,266.67,131.1,188.68
2026-05-12T13:05:45+00:00,43.51590463332832,16.370760513469577,119,2026-05-12T13:14:57.953614+00:00,689,1,2.185,268.856,131.1,188.68
2026-05-12T13:05:46+00:00,43.51588520407677,16.37075642310083,118,2026-05-12T13:14:57.953614+00:00,689,1,2.185,271.041,131.1,188.68
2026-05-12T13:05:47+00:00,43.515865774825215,16.37075233273208,117,2026-05-12T13:14:57.953614+00:00,689,1,2.185,273.227,131.1,188.68
2026-05-12T13:05:48+00:00,43.51584614440799,16.37074780650437,117,2026-05-12T13:14:57.953614+00:00,689,1,2.213,275.44,132.78,189.492
2026-05-12T13:05:49+00:00,43.51582651399076,16.370743280276656,116,2026-05-12T13:14:57.953614+00:00,689,1,2.213,277.653,132.78,189.492
2026-05-12T13:05:50+00:00,43.51580688357353,16.370738754048944,116,2026-05-12T13:14:57.953614+00:00,689,1,2.213,279.866,132.78,189.492
2026-05-12T13:05:51+00:00,43.515787253156304,16.37073422782123,115,2026-05-12T13:14:57.953614+00:00,689,1,2.213,282.079,132.78,189.492
2026-05-12T13:05:52+00:00,43.51576762273908,16.37072970159352,115,2026-05-12T13:14:57.953614+00:00,689,1,2.213,284.292,132.78,189.492
2026-05-12T13:05:53+00:00,43.51574767380953,16.370725259184837,116,2026-05-12T13:14:57.953614+00:00,689,1,2.247,286.539,134.82,189.174
2026-05-12T13:05:54+00:00,43.51572772487998,16.370720816776156,117,2026-05-12T13:14:57.953614+00:00,689,1,2.247,288.786,134.82,189.174
2026-05-12T13:05:55+00:00,43.51570777595043,16.370716374367476,118,2026-05-12T13:14:57.953614+00:00,689,1,2.247,291.033,134.82,189.174
2026-05-12T13:05:56+00:00,43.515687642619014,16.37071364186704,117,2026-05-12T13:14:57.953614+00:00,689,1,2.25,293.282,135.0,185.621
2026-05-12T13:05:57+00:00,43.5156675092876,16.370710909366608,117,2026-05-12T13:14:57.953614+00:00,689,1,2.25,295.532,135.0,185.621
2026-05-12T13:05:58+00:00,43.51564737595618,16.370708176866174,116,2026-05-12T13:14:57.953614+00:00,689,1,2.25,297.782,135.0,185.621
2026-05-12T13:05:59+00:00,43.51562724262476,16.37070544436574,116,2026-05-12T13:14:57.953614+00:00,689,1,2.25,300.031,135.0,185.621
2026-05-12T13:06:00+00:00,43.51560710929334,16.370702711865306,115,2026-05-12T13:14:57.953614+00:00,689,1,2.25,302.281,135.0,185.621
2026-05-12T13:06:01+00:00,43.51558709749952,16.37069883523509,116,2026-05-12T13:14:57.953614+00:00,689,1,2.247,304.528,134.82,187.997
2026-05-12T13:06:02+00:00,43.5155670857057,16.370694958604872,116,2026-05-12T13:14:57.953614+00:00,689,1,2.247,306.775,134.82,187.997
2026-05-12T13:06:03+00:00,43.515547073911875,16.370691081974655,116,2026-05-12T13:14:57.953614+00:00,689,1,2.247,309.022,134.82,187.997
2026-05-12T13:06:04+00:00,43.51552706211805,16.37068720534444,117,2026-05-12T13:14:57.953614+00:00,689,1,2.247,311.269,134.82,187.997
2026-05-12T13:06:05+00:00,43.51550667732954,16.370682645589113,118,2026-05-12T13:14:57.953614+00:00,689,1,2.296,313.565,137.76,189.214
2026-05-12T13:06:06+00:00,43.51548629254103,16.370678085833788,119,2026-05-12T13:14:57.953614+00:00,689,1,2.296,315.862,137.76,189.214
2026-05-12T13:06:07+00:00,43.515465907752514,16.370673526078463,119,2026-05-12T13:14:57.953614+00:00,689,1,2.296,318.158,137.76,189.214
2026-05-12T13:06:08+00:00,43.515445522964,16.370668966323137,120,2026-05-12T13:14:57.953614+00:00,689,1,2.296,320.454,137.76,189.214
2026-05-12T13:06:09+00:00,43.51542513817549,16.370664406567812,121,2026-05-12T13:14:57.953614+00:00,689,1,2.296,322.75,137.76,189.214
2026-05-12T13:06:10+00:00,43.51540574803949,16.37066028546542,121,2026-05-12T13:14:57.953614+00:00,689,1,2.182,324.932,130.92,188.762
2026-05-12T13:06:11+00:00,43.51538635790348,16.370656164363027,121,2026-05-12T13:14:57.953614+00:00,689,1,2.182,327.114,130.92,188.762
2026-05-12T13:06:12+00:00,43.51536696776748,16.370652043260634,122,2026-05-12T13:14:57.953614+00:00,689,1,2.182,329.295,130.92,188.762
2026-05-12T13:06:13+00:00,43.51534757763147,16.37064792215824,122,2026-05-12T13:14:57.953614+00:00,689,1,2.182,331.477,130.92,188.762
2026-05-12T13:06:14+00:00,43.51532818749547,16.37064380105585,122,2026-05-12T13:14:57.953614+00:00,689,1,2.182,333.658,130.92,188.762
2026-05-12T13:06:15+00:00,43.51530879735947,16.370639679953456,122,2026-05-12T13:14:57.953614+00:00,689,1,2.182,335.84,130.92,188.762
2026-05-12T13:06:16+00:00,43.515289071947336,16.370636075735092,122,2026-05-12T13:14:57.953614+00:00,689,1,2.213,338.052,132.78,187.548
2026-05-12T13:06:17+00:00,43.515269346535206,16.37063247151673,122,2026-05-12T13:14:57.953614+00:00,689,1,2.213,340.265,132.78,187.548
2026-05-12T13:06:18+00:00,43.515249621123075,16.370628867298365,122,2026-05-12T13:14:57.953614+00:00,689,1,2.213,342.477,132.78,187.548
2026-05-12T13:06:19+00:00,43.515229895710945,16.37062526308,122,2026-05-12T13:14:57.953614+00:00,689,1,2.213,344.69,132.78,187.548
2026-05-12T13:06:20+00:00,43.515210170298815,16.370621658861637,122,2026-05-12T13:14:57.953614+00:00,689,1,2.213,346.902,132.78,187.548
2026-05-12T13:06:21+00:00,43.51519044488669,16.370618054643273,122,2026-05-12T13:14:57.953614+00:00,689,1,2.213,349.115,132.78,187.548
2026-05-12T13:06:22+00:00,43.515170719474554,16.37061445042491,122,2026-05-12T13:14:57.953614+00:00,689,1,2.213,351.327,132.78,187.548
2026-05-12T13:06:23+00:00,43.515150994062424,16.370610846206546,122,2026-05-12T13:14:57.953614+00:00,689,1,2.213,353.54,132.78,187.548
2026-05-12T13:06:24+00:00,43.51513126865029,16.370607241988182,122,2026-05-12T13:14:57.953614+00:00,689,1,2.213,355.753,132.78,187.548
2026-05-12T13:06:25+00:00,43.51511154323816,16.37060363776982,122,2026-05-12T13:14:57.953614+00:00,689,1,2.213,357.965,132.78,187.548
2026-05-12T13:06:26+00:00,43.51509181782603,16.370600033551455,122,2026-05-12T13:14:57.953614+00:00,689,1,2.213,360.178,132.78,187.548
2026-05-12T13:06:27+00:00,43.5150720924139,16.37059642933309,122,2026-05-12T13:14:57.953614+00:00,689,1,2.213,362.39,132.78,187.548
2026-05-12T13:06:28+00:00,43.51505038328469,16.370591867182934,122,2026-05-12T13:14:57.953614+00:00,689,1,2.442,364.832,146.52,188.665
2026-05-12T13:06:29+00:00,43.515028674155474,16.37058730503278,123,2026-05-12T13:14:57.953614+00:00,689,1,2.442,367.274,146.52,188.665
2026-05-12T13:06:30+00:00,43.51500696502626,16.370582742882625,123,2026-05-12T13:14:57.953614+00:00,689,1,2.442,369.716,146.52,188.665
2026-05-12T13:06:31+00:00,43.514985255897045,16.370578180732473,124,2026-05-12T13:14:57.953614+00:00,689,1,2.442,372.157,146.52,188.665
2026-05-12T13:06:32+00:00,43.51496354676783,16.370573618582316,124,2026-05-12T13:14:57.953614+00:00,689,1,2.442,374.599,146.52,188.665
2026-05-12T13:06:33+00:00,43.51494183763862,16.370569056432164,125,2026-05-12T13:14:57.953614+00:00,689,1,2.442,377.041,146.52,188.665
2026-05-12T13:06:34+00:00,43.5149201285094,16.370564494282007,125,2026-05-12T13:14:57.953614+00:00,689,1,2.442,379.483,146.52,188.665
2026-05-12T13:06:35+00:00,43.514899369329214,16.370565751567483,124,2026-05-12T13:14:57.953614+00:00,689,1,2.311,381.793,138.66,177.485
2026-05-12T13:06:36+00:00,43.514878610149026,16.37056700885296,124,2026-05-12T13:14:57.953614+00:00,689,1,2.311,384.104,138.66,177.485
2026-05-12T13:06:37+00:00,43.51485785096884,16.370568266138434,123,2026-05-12T13:14:57.953614+00:00,689,1,2.311,386.415,138.66,177.485
2026-05-12T13:06:38+00:00,43.514837444844574,16.37056573632766,123,2026-05-12T13:14:57.953614+00:00,689,1,2.278,388.693,136.68,185.137
2026-05-12T13:06:39+00:00,43.5148170387203,16.370563206516884,123,2026-05-12T13:14:57.953614+00:00,689,1,2.278,390.971,136.68,185.137
2026-05-12T13:06:40+00:00,43.51479663259604,16.37056067670611,123,2026-05-12T13:14:57.953614+00:00,689,1,2.278,393.249,136.68,185.137
2026-05-12T13:06:41+00:00,43.514776226471774,16.370558146895334,123,2026-05-12T13:14:57.953614+00:00,689,1,2.278,395.527,136.68,185.137
2026-05-12T13:06:42+00:00,43.5147558203475,16.37055561708456,123,2026-05-12T13:14:57.953614+00:00,689,1,2.278,397.806,136.68,185.137
2026-05-12T13:06:43+00:00,43.51473541422324,16.37055308727378,122,2026-05-12T13:14:57.953614+00:00,689,1,2.278,400.084,136.68,185.137
2026-05-12T13:06:44+00:00,43.51471500809897,16.370550557463005,122,2026-05-12T13:14:57.953614+00:00,689,1,2.278,402.362,136.68,185.137
2026-05-12T13:06:45+00:00,43.5146946019747,16.37054802765223,122,2026-05-12T13:14:57.953614+00:00,689,1,2.278,404.64,136.68,185.137
2026-05-12T13:06:46+00:00,43.51467419585044,16.370545497841455,122,2026-05-12T13:14:57.953614+00:00,689,1,2.278,406.918,136.68,185.137
2026-05-12T13:06:47+00:00,43.51465378972617,16.37054296803068,122,2026-05-12T13:14:57.953614+00:00,689,1,2.278,409.197,136.68,185.137
2026-05-12T13:06:48+00:00,43.514633383601904,16.370540438219905,122,2026-05-12T13:14:57.953614+00:00,689,1,2.278,411.475,136.68,185.137
2026-05-12T13:06:49+00:00,43.51461513200775,16.370536603499204,124,2026-05-12T13:14:57.953614+00:00,689,1,2.053,413.528,123.18,188.663
2026-05-12T13:06:50+00:00,43.51459688041359,16.370532768778503,125,2026-05-12T13:14:57.953614+00:00,689,1,2.053,415.581,123.18,188.663
2026-05-12T13:06:51+00:00,43.51457862881944,16.370528934057802,126,2026-05-12T13:14:57.953614+00:00,689,1,2.053,417.634,123.18,188.663
2026-05-12T13:06:52+00:00,43.51456037722528,16.3705250993371,128,2026-05-12T13:14:57.953614+00:00,689,1,2.053,419.686,123.18,188.663
2026-05-12T13:06:53+00:00,43.51454296382144,16.370521285571158,127,2026-05-12T13:14:57.953614+00:00,689,1,1.961,421.647,117.66,189.025
2026-05-12T13:06:54+00:00,43.5145255504176,16.370517471805215,126,2026-05-12T13:14:57.953614+00:00,689,1,1.961,423.608,117.66,189.025
2026-05-12T13:06:55+00:00,43.51450813701376,16.370513658039272,126,2026-05-12T13:14:57.953614+00:00,689,1,1.961,425.568,117.66,189.025
2026-05-12T13:06:56+00:00,43.51449072360992,16.37050984427333,125,2026-05-12T13:14:57.953614+00:00,689,1,1.961,427.529,117.66,189.025
2026-05-12T13:06:57+00:00,43.51447298191488,16.37050517834723,124,2026-05-12T13:14:57.953614+00:00,689,1,2.008,429.537,120.48,190.798
2026-05-12T13:06:58+00:00,43.51445524021983,16.37050051242113,123,2026-05-12T13:14:57.953614+00:00,689,1,2.008,431.545,120.48,190.798
2026-05-12T13:06:59+00:00,43.514437498524785,16.370495846495032,122,2026-05-12T13:14:57.953614+00:00,689,1,2.008,433.554,120.48,190.798
2026-05-12T13:07:00+00:00,43.51441756635904,16.370493415743113,121,2026-05-12T13:14:57.953614+00:00,689,1,2.225,435.779,133.5,185.054
2026-05-12T13:07:01+00:00,43.5143976341933,16.370490984991193,121,2026-05-12T13:14:57.953614+00:00,689,1,2.225,438.004,133.5,185.054
2026-05-12T13:07:02+00:00,43.51437770202756,16.370488554239273,120,2026-05-12T13:14:57.953614+00:00,689,1,2.225,440.229,133.5,185.054
2026-05-12T13:07:03+00:00,43.51435776986182,16.370486123487353,120,2026-05-12T13:14:57.953614+00:00,689,1,2.225,442.454,133.5,185.054
2026-05-12T13:07:04+00:00,43.514337837696075,16.370483692735434,119,2026-05-12T13:14:57.953614+00:00,689,1,2.225,444.679,133.5,185.054
2026-05-12T13:07:05+00:00,43.514317529542105,16.370480052594626,119,2026-05-12T13:14:57.953614+00:00,689,1,2.277,446.956,136.62,187.406
2026-05-12T13:07:06+00:00,43.514297221388134,16.370476412453822,120,2026-05-12T13:14:57.953614+00:00,689,1,2.277,449.233,136.62,187.406
2026-05-12T13:07:07+00:00,43.51427691323416,16.370472772313015,120,2026-05-12T13:14:57.953614+00:00,689,1,2.277,451.51,136.62,187.406
2026-05-12T13:07:08+00:00,43.5142566050802,16.37046913217221,121,2026-05-12T13:14:57.953614+00:00,689,1,2.277,453.787,136.62,187.406
2026-05-12T13:07:09+00:00,43.51423629692623,16.370465492031403,121,2026-05-12T13:14:57.953614+00:00,689,1,2.277,456.065,136.62,187.406
2026-05-12T13:07:10+00:00,43.51421598877226,16.3704618518906,122,2026-05-12T13:14:57.953614+00:00,689,1,2.277,458.342,136.62,187.406
2026-05-12T13:07:11+00:00,43.514195680618286,16.370458211749792,122,2026-05-12T13:14:57.953614+00:00,689,1,2.277,460.619,136.62,187.406
2026-05-12T13:07:12+00:00,43.5141752846539,16.37045558542013,123,2026-05-12T13:14:57.953614+00:00,689,1,2.278,462.897,136.68,185.335
2026-05-12T13:07:13+00:00,43.51415488868952,16.37045295909047,124,2026-05-12T13:14:57.953614+00:00,689,1,2.278,465.174,136.68,185.335
2026-05-12T13:07:14+00:00,43.514134492725134,16.37045033276081,125,2026-05-12T13:14:57.953614+00:00,689,1,2.278,467.452,136.68,185.335
2026-05-12T13:07:15+00:00,43.51411384929504,16.370444716885686,125,2026-05-12T13:14:57.953614+00:00,689,1,2.34,469.792,140.4,191.16
2026-05-12T13:07:16+00:00,43.51409320586494,16.37043910101056,125,2026-05-12T13:14:57.953614+00:00,689,1,2.34,472.132,140.4,191.16
2026-05-12T13:07:17+00:00,43.51407256243484,16.370433485135436,125,2026-05-12T13:14:57.953614+00:00,689,1,2.34,474.471,140.4,191.16
2026-05-12T13:07:18+00:00,43.51405191900475,16.37042786926031,125,2026-05-12T13:14:57.953614+00:00,689,1,2.34,476.811,140.4,191.16
2026-05-12T13:07:19+00:00,43.51403127557465,16.370422253385186,125,2026-05-12T13:14:57.953614+00:00,689,1,2.34,479.151,140.4,191.16
2026-05-12T13:07:20+00:00,43.514010632144554,16.37041663751006,125,2026-05-12T13:14:57.953614+00:00,689,1,2.34,481.49,140.4,191.16
2026-05-12T13:07:21+00:00,43.51398998871446,16.370411021634936,125,2026-05-12T13:14:57.953614+00:00,689,1,2.34,483.83,140.4,191.16
2026-05-12T13:07:22+00:00,43.5139694949612,16.370404385961592,125,2026-05-12T13:14:57.953614+00:00,689,1,2.341,486.171,140.46,193.214
2026-05-12T13:07:23+00:00,43.51394900120795,16.370397750288248,125,2026-05-12T13:14:57.953614+00:00,689,1,2.341,488.512,140.46,193.214
2026-05-12T13:07:24+00:00,43.51392850745469,16.370391114614904,125,2026-05-12T13:14:57.953614+00:00,689,1,2.341,490.852,140.46,193.214
2026-05-12T13:07:25+00:00,43.51390801370144,16.37038447894156,125,2026-05-12T13:14:57.953614+00:00,689,1,2.341,493.193,140.46,193.215
2026-05-12T13:07:26+00:00,43.513887519948184,16.370377843268216,125,2026-05-12T13:14:57.953614+00:00,689,1,2.341,495.534,140.46,193.215
2026-05-12T13:07:27+00:00,43.51386702619493,16.37037120759487,126,2026-05-12T13:14:57.953614+00:00,689,1,2.341,497.875,140.46,193.215
2026-05-12T13:07:28+00:00,43.51384653244168,16.370364571921527,126,2026-05-12T13:14:57.953614+00:00,689,1,2.341,500.216,140.46,193.215
2026-05-12T13:07:29+00:00,43.51382603868842,16.370357936248183,126,2026-05-12T13:14:57.953614+00:00,689,1,2.341,502.556,140.46,193.215
2026-05-12T13:07:30+00:00,43.51380554493517,16.37035130057484,126,2026-05-12T13:14:57.953614+00:00,689,1,2.341,504.897,140.46,193.215
2026-05-12T13:07:31+00:00,43.51378505118191,16.370344664901495,126,2026-05-12T13:14:57.953614+00:00,689,1,2.341,507.238,140.46,193.215
2026-05-12T13:07:32+00:00,43.51376455742866,16.37033802922815,126,2026-05-12T13:14:57.953614+00:00,689,1,2.341,509.579,140.46,193.215
2026-05-12T13:07:33+00:00,43.51374406367541,16.370331393554807,126,2026-05-12T13:14:57.953614+00:00,689,1,2.341,511.919,140.46,193.215
2026-05-12T13:07:34+00:00,43.5137236956507,16.370326972100884,125,2026-05-12T13:14:57.953614+00:00,689,1,2.293,514.212,137.58,188.946
2026-05-12T13:07:35+00:00,43.51370332762599,16.37032255064696,124,2026-05-12T13:14:57.953614+00:00,689,1,2.293,516.505,137.58,188.946
2026-05-12T13:07:36+00:00,43.51368295960128,16.370318129193038,123,2026-05-12T13:14:57.953614+00:00,689,1,2.293,518.798,137.58,188.946
2026-05-12T13:07:37+00:00,43.513662591576576,16.370313707739115,122,2026-05-12T13:14:57.953614+00:00,689,1,2.293,521.09,137.58,188.946
2026-05-12T13:07:38+00:00,43.51364339701831,16.370307385389292,122,2026-05-12T13:14:57.953614+00:00,689,1,2.194,523.285,131.64,193.435
2026-05-12T13:07:39+00:00,43.51362420246005,16.370301063039474,122,2026-05-12T13:14:57.953614+00:00,689,1,2.194,525.479,131.64,193.435
2026-05-12T13:07:40+00:00,43.51360500790179,16.37029474068965,122,2026-05-12T13:14:57.953614+00:00,689,1,2.194,527.673,131.64,193.435
2026-05-12T13:07:41+00:00,43.513585813343525,16.370288418339833,123,2026-05-12T13:14:57.953614+00:00,689,1,2.194,529.868,131.64,193.435
2026-05-12T13:07:42+00:00,43.51356661878526,16.37028209599001,123,2026-05-12T13:14:57.953614+00:00,689,1,2.194,532.062,131.64,193.435
2026-05-12T13:07:43+00:00,43.513547424227,16.37027577364019,123,2026-05-12T13:14:57.953614+00:00,689,1,2.194,534.257,131.64,193.435
2026-05-12T13:07:44+00:00,43.51352822966874,16.37026945129037,123,2026-05-12T13:14:57.953614+00:00,689,1,2.194,536.451,131.64,193.435
2026-05-12T13:07:45+00:00,43.513507237657905,16.370265800505877,124,2026-05-12T13:14:57.953614+00:00,689,1,2.353,538.804,141.18,187.188
2026-05-12T13:07:46+00:00,43.51348624564707,16.370262149721384,124,2026-05-12T13:14:57.953614+00:00,689,1,2.353,541.156,141.18,187.188
2026-05-12T13:07:47+00:00,43.51346525363624,16.37025849893689,125,2026-05-12T13:14:57.953614+00:00,689,1,2.353,543.509,141.18,187.188
2026-05-12T13:07:48+00:00,43.51344426162541,16.3702548481524,125,2026-05-12T13:14:57.953614+00:00,689,1,2.353,545.862,141.18,187.188
2026-05-12T13:07:49+00:00,43.51342326961458,16.370251197367907,126,2026-05-12T13:14:57.953614+00:00,689,1,2.353,548.215,141.18,187.188
2026-05-12T13:07:50+00:00,43.513402277603745,16.370247546583414,126,2026-05-12T13:14:57.953614+00:00,689,1,2.353,550.567,141.18,187.188
2026-05-12T13:07:51+00:00,43.513381285592914,16.37024389579892,127,2026-05-12T13:14:57.953614+00:00,689,1,2.353,552.92,141.18,187.188
2026-05-12T13:07:52+00:00,43.51336029358208,16.37024024501443,127,2026-05-12T13:14:57.953614+00:00,689,1,2.353,555.273,141.18,187.188
2026-05-12T13:07:53+00:00,43.51333930157125,16.370236594229937,128,2026-05-12T13:14:57.953614+00:00,689,1,2.353,557.625,141.18,187.188
2026-05-12T13:07:54+00:00,43.51331759244203,16.370229218155146,128,2026-05-12T13:14:57.953614+00:00,689,1,2.486,560.111,149.16,193.842
2026-05-12T13:07:55+00:00,43.513296050950885,16.370223434641957,129,2026-05-12T13:14:57.953614+00:00,689,1,2.44,562.552,146.4,191.018
2026-05-12T13:07:56+00:00,43.51327474415302,16.370218640193343,128,2026-05-12T13:14:57.953614+00:00,689,1,2.401,564.952,144.06,189.268
2026-05-12T13:07:57+00:00,43.51325343735516,16.37021384574473,128,2026-05-12T13:14:57.953614+00:00,689,1,2.401,567.353,144.06,189.268
2026-05-12T13:07:58+00:00,43.5132321305573,16.370209051296115,127,2026-05-12T13:14:57.953614+00:00,689,1,2.401,569.753,144.06,189.268
2026-05-12T13:07:59+00:00,43.51321082375944,16.3702042568475,127,2026-05-12T13:14:57.953614+00:00,689,1,2.401,572.154,144.06,189.268
2026-05-12T13:08:00+00:00,43.513189516961575,16.370199462398887,126,2026-05-12T13:14:57.953614+00:00,689,1,2.401,574.554,144.06,189.268
2026-05-12T13:08:01+00:00,43.51317126536742,16.37019428657368,126,2026-05-12T13:14:57.953614+00:00,689,1,2.072,576.626,124.32,191.621
2026-05-12T13:08:02+00:00,43.51315301377326,16.37018911074847,125,2026-05-12T13:14:57.953614+00:00,689,1,2.072,578.698,124.32,191.621
2026-05-12T13:08:03+00:00,43.51313476217911,16.37018393492326,124,2026-05-12T13:14:57.953614+00:00,689,1,2.072,580.77,124.32,191.621
2026-05-12T13:08:04+00:00,43.51311651058495,16.370178759098053,124,2026-05-12T13:14:57.953614+00:00,689,1,2.072,582.842,124.32,191.621
2026-05-12T13:08:05+00:00,43.51310963742435,16.37016492895782,125,2026-05-12T13:14:57.953614+00:00,689,1,1.352,584.194,81.12,235.578
2026-05-12T13:08:06+00:00,43.51310276426375,16.370151098817587,126,2026-05-12T13:14:57.953614+00:00,689,1,1.352,585.546,81.12,235.578
2026-05-12T13:08:07+00:00,43.5131068713963,16.370129180140793,128,2026-05-12T13:14:57.953614+00:00,689,1,1.826,587.372,109.56,284.487
2026-05-12T13:08:08+00:00,43.51311097852886,16.370107261464,130,2026-05-12T13:14:57.953614+00:00,689,1,1.826,589.197,109.56,284.487
2026-05-12T13:08:09+00:00,43.513113032095134,16.37008194811642,132,2026-05-12T13:14:57.953614+00:00,689,1,2.054,591.251,123.24,276.383
2026-05-12T13:08:10+00:00,43.51311508566141,16.370056634768844,133,2026-05-12T13:14:57.953614+00:00,689,1,2.054,593.305,123.24,276.383
2026-05-12T13:08:11+00:00,43.51311801932752,16.370029812678695,135,2026-05-12T13:14:57.953614+00:00,689,1,2.187,595.493,131.22,278.577
2026-05-12T13:08:12+00:00,43.51312095299363,16.370002990588546,137,2026-05-12T13:14:57.953614+00:00,689,1,2.187,597.68,131.22,278.577
2026-05-12T13:08:13+00:00,43.51312236115336,16.369970535859466,137,2026-05-12T13:14:57.953614+00:00,689,1,2.622,600.302,157.32,273.424
2026-05-12T13:08:14+00:00,43.5131237693131,16.369938081130385,138,2026-05-12T13:14:57.953614+00:00,689,1,2.622,602.924,157.32,273.424
2026-05-12T13:08:15+00:00,43.51312517747283,16.369905626401305,138,2026-05-12T13:14:57.953614+00:00,689,1,2.622,605.546,157.32,273.424
2026-05-12T13:08:16+00:00,43.51312658563256,16.369873171672225,139,2026-05-12T13:14:57.953614+00:00,689,1,2.622,608.168,157.32,273.424
2026-05-12T13:08:17+00:00,43.513127993792295,16.369840716943145,139,2026-05-12T13:14:57.953614+00:00,689,1,2.622,610.79,157.32,273.424
2026-05-12T13:08:18+00:00,43.51312908343971,16.369812469929457,138,2026-05-12T13:14:57.953614+00:00,689,1,2.281,613.071,136.86,273.045
2026-05-12T13:08:19+00:00,43.51313017308712,16.36978422291577,136,2026-05-12T13:14:57.953614+00:00,689,1,2.281,615.352,136.86,273.045
2026-05-12T13:08:20+00:00,43.51313319057226,16.369754690676928,135,2026-05-12T13:14:57.953614+00:00,689,1,2.405,617.757,144.3,278.02
2026-05-12T13:08:21+00:00,43.51313620805741,16.369725158438087,134,2026-05-12T13:14:57.953614+00:00,689,1,2.405,620.162,144.3,278.02
2026-05-12T13:08:22+00:00,43.513139225542545,16.369695626199245,133,2026-05-12T13:14:57.953614+00:00,689,1,2.405,622.567,144.3,278.02
2026-05-12T13:08:23+00:00,43.51313348393887,16.369678443297744,134,2026-05-12T13:14:57.953614+00:00,689,1,1.526,624.092,91.56,245.262
2026-05-12T13:08:24+00:00,43.5131277423352,16.369661260396242,134,2026-05-12T13:14:57.953614+00:00,689,1,1.526,625.618,91.56,245.262
2026-05-12T13:08:25+00:00,43.51312200073153,16.36964407749474,134,2026-05-12T13:14:57.953614+00:00,689,1,1.526,627.144,91.56,245.262
2026-05-12T13:08:26+00:00,43.513116259127855,16.36962689459324,135,2026-05-12T13:14:57.953614+00:00,689,1,1.526,628.669,91.56,245.262
2026-05-12T13:08:27+00:00,43.51309478469193,16.36962578818202,136,2026-05-12T13:14:57.953614+00:00,689,1,2.39,631.059,143.4,182.14
2026-05-12T13:08:28+00:00,43.513073310256,16.3696246817708,136,2026-05-12T13:14:57.953614+00:00,689,1,2.39,633.448,143.4,182.14
2026-05-12T13:08:29+00:00,43.51305183582008,16.369623575359583,137,2026-05-12T13:14:57.953614+00:00,689,1,2.39,635.838,143.4,182.14
2026-05-12T13:08:30+00:00,43.51303036138415,16.369622468948364,137,2026-05-12T13:14:57.953614+00:00,689,1,2.39,638.227,143.4,182.14
2026-05-12T13:08:31+00:00,43.51300888694823,16.369621362537146,138,2026-05-12T13:14:57.953614+00:00,689,1,2.39,640.617,143.4,182.14
2026-05-12T13:08:32+00:00,43.51298550143838,16.369618009775877,140,2026-05-12T13:14:57.953614+00:00,689,1,2.614,643.231,156.84,185.936
2026-05-12T13:08:33+00:00,43.51296211592853,16.36961465701461,141,2026-05-12T13:14:57.953614+00:00,689,1,2.614,645.846,156.84,185.936
2026-05-12T13:08:34+00:00,43.51294003560075,16.36961506413562,141,2026-05-12T13:14:57.953614+00:00,689,1,2.455,648.301,147.3,179.234
2026-05-12T13:08:35+00:00,43.51291795527296,16.36961547125663,141,2026-05-12T13:14:57.953614+00:00,689,1,2.455,650.756,147.3,179.234
2026-05-12T13:08:36+00:00,43.51289587494518,16.36961587837764,141,2026-05-12T13:14:57.953614+00:00,689,1,2.455,653.212,147.3,179.234
2026-05-12T13:08:37+00:00,43.5128737946174,16.369616285498655,142,2026-05-12T13:14:57.953614+00:00,689,1,2.455,655.667,147.3,179.234
2026-05-12T13:08:38+00:00,43.51285171428962,16.369616692619665,142,2026-05-12T13:14:57.953614+00:00,689,1,2.455,658.123,147.3,179.234
2026-05-12T13:08:39+00:00,43.51282963396183,16.369617099740676,142,2026-05-12T13:14:57.953614+00:00,689,1,2.455,660.578,147.3,179.234
2026-05-12T13:08:40+00:00,43.51280755363405,16.369617506861687,142,2026-05-12T13:14:57.953614+00:00,689,1,2.455,663.034,147.3,179.234
2026-05-12T13:08:41+00:00,43.5127841681242,16.369615013245493,141,2026-05-12T13:14:57.953614+00:00,689,1,2.608,665.642,156.48,184.422
2026-05-12T13:08:42+00:00,43.51276078261435,16.3696125196293,140,2026-05-12T13:14:57.953614+00:00,689,1,2.608,668.25,156.48,184.422
2026-05-12T13:08:43+00:00,43.5127373971045,16.369610026013106,139,2026-05-12T13:14:57.953614+00:00,689,1,2.608,670.858,156.48,184.422
2026-05-12T13:08:44+00:00,43.51271401159465,16.369607532396913,138,2026-05-12T13:14:57.953614+00:00,689,1,2.608,673.466,156.48,184.422
2026-05-12T13:08:45+00:00,43.512692051008344,16.36960514355451,136,2026-05-12T13:14:57.953614+00:00,689,1,2.449,675.916,146.94,184.511
2026-05-12T13:08:46+00:00,43.512670090422034,16.369602754712105,135,2026-05-12T13:14:57.953614+00:00,689,1,2.449,678.365,146.94,184.511
2026-05-12T13:08:47+00:00,43.51264871656895,16.369600533507764,135,2026-05-12T13:14:57.953614+00:00,689,1,2.383,680.749,142.98,184.31
2026-05-12T13:08:48+00:00,43.51262734271586,16.369598312303424,136,2026-05-12T13:14:57.953614+00:00,689,1,2.383,683.132,142.98,184.31
2026-05-12T13:08:49+00:00,43.51260596886277,16.369596091099083,136,2026-05-12T13:14:57.953614+00:00,689,1,2.383,685.515,142.98,184.31
2026-05-12T13:08:50+00:00,43.512584595009685,16.369593869894743,136,2026-05-12T13:14:57.953614+00:00,689,1,2.383,687.899,142.98,184.31
2026-05-12T13:08:51+00:00,43.51256087422371,16.36959235277027,136,2026-05-12T13:14:57.953614+00:00,689,1,2.64,690.539,158.4,182.656
2026-05-12T13:08:52+00:00,43.512537153437734,16.369590835645795,136,2026-05-12T13:14:57.953614+00:00,689,1,2.64,693.18,158.4,182.656
2026-05-12T13:08:53+00:00,43.51251343265176,16.36958931852132,135,2026-05-12T13:14:57.953614+00:00,689,1,2.64,695.82,158.4,182.656
2026-05-12T13:08:54+00:00,43.51248971186578,16.369587801396847,135,2026-05-12T13:14:57.953614+00:00,689,1,2.64,698.461,158.4,182.656
2026-05-12T13:08:55+00:00,43.51246599107981,16.369586284272373,135,2026-05-12T13:14:57.953614+00:00,689,1,2.64,701.101,158.4,182.656
2026-05-12T13:08:56+00:00,43.51244227029383,16.3695847671479,135,2026-05-12T13:14:57.953614+00:00,689,1,2.64,703.742,158.4,182.656
2026-05-12T13:08:57+00:00,43.512418549507856,16.369583250023425,135,2026-05-12T13:14:57.953614+00:00,689,1,2.64,706.382,158.4,182.656
2026-05-12T13:08:58+00:00,43.51239482872188,16.36958173289895,134,2026-05-12T13:14:57.953614+00:00,689,1,2.64,709.022,158.4,182.656
2026-05-12T13:08:59+00:00,43.512371107935905,16.369580215774477,134,2026-05-12T13:14:57.953614+00:00,689,1,2.64,711.663,158.4,182.656
2026-05-12T13:09:00+00:00,43.51234738714993,16.369578698650002,134,2026-05-12T13:14:57.953614+00:00,689,1,2.64,714.303,158.4,182.656
2026-05-12T13:09:01+00:00,43.51232592947781,16.36957830749452,135,2026-05-12T13:14:57.953614+00:00,689,1,2.386,716.69,143.16,180.757
2026-05-12T13:09:02+00:00,43.51230447180569,16.36957791633904,136,2026-05-12T13:14:57.953614+00:00,689,1,2.386,719.076,143.16,180.757
2026-05-12T13:09:03+00:00,43.51228301413357,16.36957752518356,137,2026-05-12T13:14:57.953614+00:00,689,1,2.386,721.462,143.16,180.757
2026-05-12T13:09:04+00:00,43.51226051710546,16.36957660317421,136,2026-05-12T13:14:57.953614+00:00,689,1,2.503,723.965,150.18,181.702
2026-05-12T13:09:05+00:00,43.51223802007735,16.36957568116486,136,2026-05-12T13:14:57.953614+00:00,689,1,2.503,726.467,150.18,181.702
2026-05-12T13:09:06+00:00,43.512215523049235,16.369574759155512,135,2026-05-12T13:14:57.953614+00:00,689,1,2.503,728.97,150.18,181.702
2026-05-12T13:09:07+00:00,43.51219302602112,16.369573837146163,135,2026-05-12T13:14:57.953614+00:00,689,1,2.503,731.473,150.18,181.702
2026-05-12T13:09:08+00:00,43.51217052899301,16.369572915136814,134,2026-05-12T13:14:57.953614+00:00,689,1,2.503,733.975,150.18,181.702
2026-05-12T13:09:09+00:00,43.5121485684067,16.36956688016653,131,2026-05-12T13:14:57.953614+00:00,689,1,2.49,736.465,149.4,191.271
2026-05-12T13:09:10+00:00,43.512124847620726,16.369562982581556,130,2026-05-12T13:14:57.953614+00:00,689,1,2.656,739.121,159.36,186.795
2026-05-12T13:09:11+00:00,43.51210112683475,16.36955908499658,130,2026-05-12T13:14:57.953614+00:00,689,1,2.656,741.778,159.36,186.795
2026-05-12T13:09:12+00:00,43.51207961582325,16.369559671729803,130,2026-05-12T13:14:57.953614+00:00,689,1,2.392,744.17,143.52,178.867
2026-05-12T13:09:13+00:00,43.51205810481174,16.369560258463025,129,2026-05-12T13:14:57.953614+00:00,689,1,2.392,746.563,143.52,178.867
2026-05-12T13:09:14+00:00,43.51203659380024,16.369560845196247,129,2026-05-12T13:14:57.953614+00:00,689,1,2.392,748.955,143.52,178.867
2026-05-12T13:09:15+00:00,43.512015082788736,16.36956143192947,129,2026-05-12T13:14:57.953614+00:00,689,1,2.392,751.347,143.52,178.867
2026-05-12T13:09:16+00:00,43.51199357177723,16.36956201866269,129,2026-05-12T13:14:57.953614+00:00,689,1,2.392,753.74,143.52,178.867
2026-05-12T13:09:17+00:00,43.511972060765736,16.369562605395913,128,2026-05-12T13:14:57.953614+00:00,689,1,2.392,756.132,143.52,178.867
2026-05-12T13:09:18+00:00,43.51195054975423,16.369563192129135,128,2026-05-12T13:14:57.953614+00:00,689,1,2.392,758.524,143.52,178.867
2026-05-12T13:09:19+00:00,43.51192903874273,16.369563778862357,128,2026-05-12T13:14:57.953614+00:00,689,1,2.392,760.917,143.52,178.867
2026-05-12T13:09:20+00:00,43.511907527731225,16.36956436559558,128,2026-05-12T13:14:57.953614+00:00,689,1,2.392,763.309,143.52,178.867
2026-05-12T13:09:21+00:00,43.51188601671972,16.3695649523288,127,2026-05-12T13:14:57.953614+00:00,689,1,2.392,765.702,143.52,178.867
2026-05-12T13:09:22+00:00,43.51186450570822,16.369565539062023,127,2026-05-12T13:14:57.953614+00:00,689,1,2.392,768.094,143.52,178.867
2026-05-12T13:09:23+00:00,43.51184315280989,16.369566963985562,128,2026-05-12T13:14:57.953614+00:00,689,1,2.377,770.471,142.62,177.229
2026-05-12T13:09:24+00:00,43.51182179991156,16.3695683889091,128,2026-05-12T13:14:57.953614+00:00,689,1,2.377,772.848,142.62,177.229
2026-05-12T13:09:25+00:00,43.51180044701323,16.36956981383264,129,2026-05-12T13:14:57.953614+00:00,689,1,2.377,775.225,142.62,177.229
2026-05-12T13:09:26+00:00,43.5117790941149,16.36957123875618,130,2026-05-12T13:14:57.953614+00:00,689,1,2.377,777.602,142.62,177.229
2026-05-12T13:09:27+00:00,43.5117577681584,16.369570388591715,130,2026-05-12T13:14:57.953614+00:00,689,1,2.372,779.975,142.32,181.656
2026-05-12T13:09:28+00:00,43.5117364422019,16.36956953842725,129,2026-05-12T13:14:57.953614+00:00,689,1,2.372,782.347,142.32,181.656
2026-05-12T13:09:29+00:00,43.511715116245405,16.369568688262785,129,2026-05-12T13:14:57.953614+00:00,689,1,2.372,784.719,142.32,181.656
2026-05-12T13:09:30+00:00,43.51169379028891,16.369567838098323,128,2026-05-12T13:14:57.953614+00:00,689,1,2.372,787.092,142.32,181.656
2026-05-12T13:09:31+00:00,43.51167246433241,16.369566987933858,128,2026-05-12T13:14:57.953614+00:00,689,1,2.372,789.464,142.32,181.656
2026-05-12T13:09:32+00:00,43.51165113837591,16.369566137769393,127,2026-05-12T13:14:57.953614+00:00,689,1,2.372,791.836,142.32,181.656
2026-05-12T13:09:33+00:00,43.511629812419415,16.369565287604928,127,2026-05-12T13:14:57.953614+00:00,689,1,2.372,794.209,142.32,181.656
2026-05-12T13:09:34+00:00,43.51160801947117,16.36956243775785,126,2026-05-12T13:14:57.953614+00:00,689,1,2.434,796.643,146.04,185.418
2026-05-12T13:09:35+00:00,43.51158739998937,16.36955738766119,127,2026-05-12T13:14:57.953614+00:00,689,1,2.329,798.972,139.74,190.072
2026-05-12T13:09:36+00:00,43.511566780507565,16.369552337564528,128,2026-05-12T13:14:57.953614+00:00,689,1,2.329,801.3,139.74,190.072
2026-05-12T13:09:37+00:00,43.51154616102576,16.369547287467867,128,2026-05-12T13:14:57.953614+00:00,689,1,2.329,803.629,139.74,190.072
2026-05-12T13:09:38+00:00,43.51152554154396,16.369542237371206,129,2026-05-12T13:14:57.953614+00:00,689,1,2.329,805.958,139.74,190.072
2026-05-12T13:09:39+00:00,43.51150524536414,16.36953634609069,129,2026-05-12T13:14:57.953614+00:00,689,1,2.306,808.264,138.36,191.888
2026-05-12T13:09:40+00:00,43.511484949184315,16.369530454810178,128,2026-05-12T13:14:57.953614+00:00,689,1,2.306,810.57,138.36,191.888
2026-05-12T13:09:41+00:00,43.511464653004495,16.369524563529662,128,2026-05-12T13:14:57.953614+00:00,689,1,2.306,812.876,138.36,191.888
2026-05-12T13:09:42+00:00,43.51144435682467,16.369518672249146,128,2026-05-12T13:14:57.953614+00:00,689,1,2.306,815.183,138.36,191.888
2026-05-12T13:09:43+00:00,43.51142406064485,16.36951278096863,128,2026-05-12T13:14:57.953614+00:00,689,1,2.306,817.489,138.36,191.888
2026-05-12T13:09:44+00:00,43.51140376446502,16.369506889688118,127,2026-05-12T13:14:57.953614+00:00,689,1,2.306,819.795,138.36,191.888
2026-05-12T13:09:45+00:00,43.5113834682852,16.369500998407602,127,2026-05-12T13:14:57.953614+00:00,689,1,2.306,822.102,138.36,191.888
2026-05-12T13:09:46+00:00,43.51137873250991,16.369489431381226,128,2026-05-12T13:14:57.953614+00:00,689,1,1.071,823.173,64.26,240.554
2026-05-12T13:09:47+00:00,43.51137399673462,16.36947786435485,128,2026-05-12T13:14:57.953614+00:00,689,1,1.071,824.244,64.26,240.554
2026-05-12T13:09:48+00:00,43.51137584075332,16.36945640668273,128,2026-05-12T13:14:57.953614+00:00,689,1,1.743,825.987,104.58,276.758
2026-05-12T13:09:49+00:00,43.511377684772015,16.36943494901061,128,2026-05-12T13:14:57.953614+00:00,689,1,1.743,827.729,104.58,276.758
2026-05-12T13:09:50+00:00,43.51137931924313,16.369407372549176,130,2026-05-12T13:14:57.953614+00:00,689,1,2.231,829.96,133.86,274.672
2026-05-12T13:09:51+00:00,43.51138095371425,16.369379796087742,131,2026-05-12T13:14:57.953614+00:00,689,1,2.231,832.192,133.86,274.672
2026-05-12T13:09:52+00:00,43.51138288155198,16.36935180053115,132,2026-05-12T13:14:57.953614+00:00,689,1,2.268,834.459,136.08,275.424
2026-05-12T13:09:53+00:00,43.51138480938971,16.369323804974556,134,2026-05-12T13:14:57.953614+00:00,689,1,2.268,836.727,136.08,275.424
2026-05-12T13:09:54+00:00,43.51138589903712,16.36929252371192,134,2026-05-12T13:14:57.953614+00:00,689,1,2.526,839.253,151.56,272.75
2026-05-12T13:09:55+00:00,43.511386988684535,16.369261242449284,134,2026-05-12T13:14:57.953614+00:00,689,1,2.526,841.778,151.56,272.75
2026-05-12T13:09:56+00:00,43.51138807833195,16.369229961186647,134,2026-05-12T13:14:57.953614+00:00,689,1,2.526,844.304,151.56,272.75
2026-05-12T13:09:57+00:00,43.51138916797936,16.36919867992401,134,2026-05-12T13:14:57.953614+00:00,689,1,2.526,846.829,151.56,272.75
2026-05-12T13:09:58+00:00,43.51139025762677,16.369167398661375,134,2026-05-12T13:14:57.953614+00:00,689,1,2.526,849.355,151.56,272.75
2026-05-12T13:09:59+00:00,43.51139107486233,16.369135254062712,133,2026-05-12T13:14:57.953614+00:00,689,1,2.594,851.949,155.64,272.008
2026-05-12T13:10:00+00:00,43.51139189209789,16.36910310946405,132,2026-05-12T13:14:57.953614+00:00,689,1,2.594,854.542,155.64,272.008
2026-05-12T13:10:01+00:00,43.51139270933345,16.369070964865386,132,2026-05-12T13:14:57.953614+00:00,689,1,2.594,857.136,155.64,272.008
2026-05-12T13:10:02+00:00,43.51139352656901,16.369038820266724,131,2026-05-12T13:14:57.953614+00:00,689,1,2.594,859.73,155.64,272.008
2026-05-12T13:10:03+00:00,43.5113916490227,16.369008058682084,131,2026-05-12T13:14:57.953614+00:00,689,1,2.489,862.219,149.34,265.189
2026-05-12T13:10:04+00:00,43.51138977147639,16.368977297097445,131,2026-05-12T13:14:57.953614+00:00,689,1,2.489,864.709,149.34,265.189
2026-05-12T13:10:05+00:00,43.51138789393008,16.368946535512805,132,2026-05-12T13:14:57.953614+00:00,689,1,2.489,867.198,149.34,265.189
2026-05-12T13:10:06+00:00,43.51138601638377,16.368915773928165,132,2026-05-12T13:14:57.953614+00:00,689,1,2.489,869.688,149.34,265.189
2026-05-12T13:10:07+00:00,43.51138413883746,16.368885012343526,132,2026-05-12T13:14:57.953614+00:00,689,1,2.489,872.177,149.34,265.189
2026-05-12T13:10:08+00:00,43.511384861776605,16.368857331108302,132,2026-05-12T13:14:57.953614+00:00,689,1,2.234,874.411,134.04,272.062
2026-05-12T13:10:09+00:00,43.511385584715754,16.368829649873078,131,2026-05-12T13:14:57.953614+00:00,689,1,2.234,876.645,134.04,272.062
2026-05-12T13:10:10+00:00,43.5113863076549,16.368801968637854,131,2026-05-12T13:14:57.953614+00:00,689,1,2.234,878.879,134.04,272.062
2026-05-12T13:10:11+00:00,43.51138703059405,16.36877428740263,130,2026-05-12T13:14:57.953614+00:00,689,1,2.234,881.112,134.04,272.062
2026-05-12T13:10:12+00:00,43.5113877535332,16.368746606167406,130,2026-05-12T13:14:57.953614+00:00,689,1,2.234,883.346,134.04,272.062
2026-05-12T13:10:13+00:00,43.51138847647235,16.368718924932182,130,2026-05-12T13:14:57.953614+00:00,689,1,2.234,885.58,134.04,272.062
2026-05-12T13:10:14+00:00,43.5113891994115,16.368691243696958,129,2026-05-12T13:14:57.953614+00:00,689,1,2.234,887.813,134.04,272.062
2026-05-12T13:10:15+00:00,43.511389922350645,16.368663562461734,129,2026-05-12T13:14:57.953614+00:00,689,1,2.234,890.047,134.04,272.062
2026-05-12T13:10:16+00:00,43.51139109581709,16.368635399267077,128,2026-05-12T13:14:57.953614+00:00,689,1,2.275,892.322,136.5,273.288
2026-05-12T13:10:17+00:00,43.51139295846224,16.368607887998223,128,2026-05-12T13:14:57.953614+00:00,689,1,2.228,894.55,133.68,275.333
2026-05-12T13:10:18+00:00,43.51139482110739,16.36858037672937,128,2026-05-12T13:14:57.953614+00:00,689,1,2.228,896.779,133.68,275.333
2026-05-12T13:10:19+00:00,43.51139668375254,16.368552865460515,128,2026-05-12T13:14:57.953614+00:00,689,1,2.228,899.007,133.68,275.333
2026-05-12T13:10:20+00:00,43.511398546397686,16.36852535419166,128,2026-05-12T13:14:57.953614+00:00,689,1,2.228,901.235,133.68,275.333
2026-05-12T13:10:21+00:00,43.511400409042835,16.368497842922807,127,2026-05-12T13:14:57.953614+00:00,689,1,2.228,903.463,133.68,275.333
2026-05-12T13:10:22+00:00,43.511402271687984,16.368470331653953,127,2026-05-12T13:14:57.953614+00:00,689,1,2.228,905.691,133.68,275.333
2026-05-12T13:10:23+00:00,43.511404134333134,16.3684428203851,127,2026-05-12T13:14:57.953614+00:00,689,1,2.228,907.92,133.68,275.333
2026-05-12T13:10:24+00:00,43.51140599697828,16.368415309116244,127,2026-05-12T13:14:57.953614+00:00,689,1,2.228,910.148,133.68,275.333
2026-05-12T13:10:25+00:00,43.51140785962343,16.36838779784739,127,2026-05-12T13:14:57.953614+00:00,689,1,2.228,912.376,133.68,275.333
2026-05-12T13:10:26+00:00,43.511409242637455,16.368359397165477,127,2026-05-12T13:14:57.953614+00:00,689,1,2.295,914.672,137.7,273.841
2026-05-12T13:10:27+00:00,43.51141062565148,16.368330996483564,128,2026-05-12T13:14:57.953614+00:00,689,1,2.295,916.967,137.7,273.841
2026-05-12T13:10:28+00:00,43.5114120086655,16.36830259580165,128,2026-05-12T13:14:57.953614+00:00,689,1,2.295,919.263,137.7,273.841
2026-05-12T13:10:29+00:00,43.511413391679525,16.36827419511974,128,2026-05-12T13:14:57.953614+00:00,689,1,2.295,921.558,137.7,273.841
2026-05-12T13:10:30+00:00,43.51141477469355,16.368245794437826,128,2026-05-12T13:14:57.953614+00:00,689,1,2.295,923.854,137.7,273.841
2026-05-12T13:10:31+00:00,43.51141615770757,16.368217393755913,128,2026-05-12T13:14:57.953614+00:00,689,1,2.295,926.149,137.7,273.841
2026-05-12T13:10:32+00:00,43.511417540721595,16.368188993074,129,2026-05-12T13:14:57.953614+00:00,689,1,2.295,928.444,137.7,273.841
2026-05-12T13:10:33+00:00,43.51141892373562,16.368160592392087,129,2026-05-12T13:14:57.953614+00:00,689,1,2.295,930.74,137.7,273.841
2026-05-12T13:10:34+00:00,43.51142030674964,16.368132191710174,129,2026-05-12T13:14:57.953614+00:00,689,1,2.295,933.035,137.7,273.841
2026-05-12T13:10:35+00:00,43.511421689763665,16.36810379102826,130,2026-05-12T13:14:57.953614+00:00,689,1,2.295,935.331,137.7,273.841
2026-05-12T13:10:36+00:00,43.51142307277769,16.36807539034635,130,2026-05-12T13:14:57.953614+00:00,689,1,2.295,937.626,137.7,273.841
2026-05-12T13:10:37+00:00,43.51142445579171,16.368046989664435,130,2026-05-12T13:14:57.953614+00:00,689,1,2.295,939.922,137.7,273.841
2026-05-12T13:10:38+00:00,43.511426635086536,16.368018176872283,130,2026-05-12T13:14:57.953614+00:00,689,1,2.336,942.258,140.16,275.954
2026-05-12T13:10:39+00:00,43.51142881438136,16.36798936408013,130,2026-05-12T13:14:57.953614+00:00,689,1,2.336,944.594,140.16,275.954
2026-05-12T13:10:40+00:00,43.511430993676186,16.36796055128798,129,2026-05-12T13:14:57.953614+00:00,689,1,2.336,946.93,140.16,275.954
2026-05-12T13:10:41+00:00,43.51143317297101,16.367931738495827,129,2026-05-12T13:14:57.953614+00:00,689,1,2.336,949.266,140.16,275.954
2026-05-12T13:10:42+00:00,43.51143588870764,16.367901689372957,129,2026-05-12T13:14:57.953614+00:00,689,1,2.442,951.708,146.52,277.103
2026-05-12T13:10:43+00:00,43.511438604444265,16.367871640250087,128,2026-05-12T13:14:57.953614+00:00,689,1,2.442,954.15,146.52,277.103
2026-05-12T13:10:44+00:00,43.51144132018089,16.367841591127217,128,2026-05-12T13:14:57.953614+00:00,689,1,2.442,956.592,146.52,277.103
2026-05-12T13:10:45+00:00,43.51144403591752,16.367811542004347,128,2026-05-12T13:14:57.953614+00:00,689,1,2.442,959.034,146.52,277.103
2026-05-12T13:10:46+00:00,43.51144675165415,16.367781492881477,128,2026-05-12T13:14:57.953614+00:00,689,1,2.442,961.476,146.52,277.103
2026-05-12T13:10:47+00:00,43.511449467390776,16.367751443758607,127,2026-05-12T13:14:57.953614+00:00,689,1,2.442,963.918,146.52,277.103
2026-05-12T13:10:48+00:00,43.5114521831274,16.367721394635737,127,2026-05-12T13:14:57.953614+00:00,689,1,2.442,966.36,146.52,277.103
2026-05-12T13:10:49+00:00,43.51145489886403,16.367691345512867,127,2026-05-12T13:14:57.953614+00:00,689,1,2.442,968.802,146.52,277.103
2026-05-12T13:10:50+00:00,43.51145761460066,16.367661296389997,126,2026-05-12T13:14:57.953614+00:00,689,1,2.442,971.244,146.52,277.103
2026-05-12T13:10:51+00:00,43.511460330337286,16.367631247267127,126,2026-05-12T13:14:57.953614+00:00,689,1,2.442,973.686,146.52,277.103
2026-05-12T13:10:52+00:00,43.51146167144179,16.367604341357946,125,2026-05-12T13:14:57.953614+00:00,689,1,2.175,975.861,130.5,273.932
2026-05-12T13:10:53+00:00,43.511459324508905,16.36758062057197,125,2026-05-12T13:14:57.953614+00:00,689,1,1.931,977.792,115.86,262.231
2026-05-12T13:10:54+00:00,43.51145697757602,16.367556899785995,124,2026-05-12T13:14:57.953614+00:00,689,1,1.931,979.722,115.86,262.231
2026-05-12T13:10:55+00:00,43.51145463064313,16.36753317900002,124,2026-05-12T13:14:57.953614+00:00,689,1,1.931,981.653,115.86,262.231
2026-05-12T13:10:56+00:00,43.511444656178355,16.367526724934578,126,2026-05-12T13:14:57.953614+00:00,689,1,1.225,982.878,73.5,205.139
2026-05-12T13:10:57+00:00,43.51143468171358,16.367520270869136,127,2026-05-12T13:14:57.953614+00:00,689,1,1.225,984.103,73.5,205.139
2026-05-12T13:10:58+00:00,43.51141590625048,16.367514110170305,128,2026-05-12T13:14:57.953614+00:00,689,1,2.146,986.249,128.76,193.386
2026-05-12T13:10:59+00:00,43.51139713078737,16.367507949471474,130,2026-05-12T13:14:57.953614+00:00,689,1,2.146,988.395,128.76,193.386
2026-05-12T13:11:00+00:00,43.51137336809188,16.36750685982406,132,2026-05-12T13:14:57.953614+00:00,689,1,2.644,991.039,158.64,181.905
2026-05-12T13:11:01+00:00,43.51134960539639,16.36750577017665,134,2026-05-12T13:14:57.953614+00:00,689,1,2.644,993.683,158.64,181.905
2026-05-12T13:11:02+00:00,43.5113255912438,16.3675074884668,135,2026-05-12T13:14:57.953614+00:00,689,1,2.674,996.357,160.44,177.029
2026-05-12T13:11:03+00:00,43.51130157709122,16.36750920675695,136,2026-05-12T13:14:57.953614+00:00,689,1,2.674,999.031,160.44,177.029
2026-05-12T13:11:04+00:00,43.51128130964935,16.367506465874612,136,2026-05-12T13:14:57.953614+00:00,689,1,2.264,1001.295,135.84,185.602
2026-05-12T13:11:05+00:00,43.51126104220748,16.367503724992275,136,2026-05-12T13:14:57.953614+00:00,689,1,2.264,1003.559,135.84,185.602
2026-05-12T13:11:06+00:00,43.51124077476561,16.367500984109938,137,2026-05-12T13:14:57.953614+00:00,689,1,2.264,1005.824,135.84,185.602
2026-05-12T13:11:07+00:00,43.51122050732374,16.3674982432276,137,2026-05-12T13:14:57.953614+00:00,689,1,2.264,1008.088,135.84,185.602
2026-05-12T13:11:08+00:00,43.51120023988187,16.367495502345264,137,2026-05-12T13:14:57.953614+00:00,689,1,2.264,1010.353,135.84,185.602
2026-05-12T13:11:09+00:00,43.51117997244,16.367492761462927,137,2026-05-12T13:14:57.953614+00:00,689,1,2.264,1012.617,135.84,185.602
2026-05-12T13:11:10+00:00,43.511159704998136,16.36749002058059,137,2026-05-12T13:14:57.953614+00:00,689,1,2.264,1014.882,135.84,185.602
2026-05-12T13:11:11+00:00,43.51113943755627,16.367487279698253,138,2026-05-12T13:14:57.953614+00:00,689,1,2.264,1017.146,135.84,185.602
2026-05-12T13:11:12+00:00,43.5111191701144,16.367484538815916,138,2026-05-12T13:14:57.953614+00:00,689,1,2.264,1019.411,135.84,185.602
2026-05-12T13:11:13+00:00,43.51109890267253,16.36748179793358,138,2026-05-12T13:14:57.953614+00:00,689,1,2.264,1021.675,135.84,185.602
2026-05-12T13:11:14+00:00,43.51107783615589,16.367481015622616,137,2026-05-12T13:14:57.953614+00:00,689,1,2.343,1024.018,140.58,181.543
2026-05-12T13:11:15+00:00,43.511056769639254,16.367480233311653,136,2026-05-12T13:14:57.953614+00:00,689,1,2.343,1026.362,140.58,181.543
2026-05-12T13:11:16+00:00,43.511035703122616,16.36747945100069,135,2026-05-12T13:14:57.953614+00:00,689,1,2.343,1028.705,140.58,181.543
2026-05-12T13:11:17+00:00,43.511013658717275,16.367479283362627,132,2026-05-12T13:14:57.953614+00:00,689,1,2.451,1031.156,147.06,180.316
2026-05-12T13:11:18+00:00,43.510991195216775,16.36748188175261,130,2026-05-12T13:14:57.953614+00:00,689,1,2.507,1033.663,150.42,175.205
2026-05-12T13:11:19+00:00,43.510968731716275,16.367484480142593,127,2026-05-12T13:14:57.953614+00:00,689,1,2.507,1036.169,150.42,175.205
2026-05-12T13:11:20+00:00,43.51094492711127,16.367484563961625,127,2026-05-12T13:14:57.953614+00:00,689,1,2.647,1038.816,158.82,179.854
2026-05-12T13:11:21+00:00,43.51092265918851,16.36747844517231,127,2026-05-12T13:14:57.953614+00:00,689,1,2.525,1041.341,151.5,191.27
2026-05-12T13:11:22+00:00,43.51090039126575,16.367472326382995,128,2026-05-12T13:14:57.953614+00:00,689,1,2.525,1043.866,151.5,191.27
2026-05-12T13:11:23+00:00,43.51087812334299,16.36746620759368,128,2026-05-12T13:14:57.953614+00:00,689,1,2.525,1046.391,151.5,191.27
2026-05-12T13:11:24+00:00,43.51085919700563,16.36745698750019,129,2026-05-12T13:14:57.953614+00:00,689,1,2.232,1048.623,133.92,199.459
2026-05-12T13:11:25+00:00,43.51084027066827,16.367447767406702,129,2026-05-12T13:14:57.953614+00:00,689,1,2.232,1050.855,133.92,199.459
2026-05-12T13:11:26+00:00,43.51082134433091,16.367438547313213,130,2026-05-12T13:14:57.953614+00:00,689,1,2.232,1053.087,133.92,199.459
2026-05-12T13:11:27+00:00,43.510802417993546,16.367429327219725,130,2026-05-12T13:14:57.953614+00:00,689,1,2.232,1055.319,133.92,199.459
2026-05-12T13:11:28+00:00,43.510783491656184,16.367420107126236,131,2026-05-12T13:14:57.953614+00:00,689,1,2.232,1057.551,133.92,199.459
2026-05-12T13:11:29+00:00,43.51076417735645,16.36741257538753,131,2026-05-12T13:14:57.953614+00:00,689,1,2.232,1059.783,133.92,195.792
2026-05-12T13:11:30+00:00,43.51074486305671,16.367405043648823,131,2026-05-12T13:14:57.953614+00:00,689,1,2.232,1062.015,133.92,195.792
2026-05-12T13:11:31+00:00,43.51072554875697,16.367397511910116,131,2026-05-12T13:14:57.953614+00:00,689,1,2.232,1064.246,133.92,195.792
2026-05-12T13:11:32+00:00,43.51070623445724,16.367389980171406,130,2026-05-12T13:14:57.953614+00:00,689,1,2.232,1066.478,133.92,195.792
2026-05-12T13:11:33+00:00,43.510686920157504,16.3673824484327,130,2026-05-12T13:14:57.953614+00:00,689,1,2.232,1068.71,133.92,195.792
2026-05-12T13:11:34+00:00,43.51066760585776,16.367374916693993,130,2026-05-12T13:14:57.953614+00:00,689,1,2.232,1070.942,133.92,195.792
2026-05-12T13:11:35+00:00,43.51064829155803,16.367367384955287,130,2026-05-12T13:14:57.953614+00:00,689,1,2.232,1073.174,133.92,195.792
2026-05-12T13:11:36+00:00,43.51064532995224,16.367352632805705,131,2026-05-12T13:14:57.953614+00:00,689,1,1.234,1074.408,74.04,254.527
2026-05-12T13:11:37+00:00,43.51064236834645,16.367337880656123,131,2026-05-12T13:14:57.953614+00:00,689,1,1.234,1075.643,74.04,254.527
2026-05-12T13:11:38+00:00,43.510639406740665,16.36732312850654,132,2026-05-12T13:14:57.953614+00:00,689,1,1.234,1076.877,74.04,254.527
2026-05-12T13:11:39+00:00,43.51064569316805,16.367298737168312,132,2026-05-12T13:14:57.953614+00:00,689,1,2.088,1078.965,125.28,289.564
2026-05-12T13:11:40+00:00,43.51065197959542,16.367274345830083,133,2026-05-12T13:14:57.953614+00:00,689,1,2.088,1081.052,125.28,289.564
2026-05-12T13:11:41+00:00,43.510658740997314,16.367243248969316,134,2026-05-12T13:14:57.953614+00:00,689,1,2.618,1083.67,157.08,286.689
2026-05-12T13:11:42+00:00,43.510665502399206,16.36721215210855,135,2026-05-12T13:14:57.953614+00:00,689,1,2.618,1086.288,157.08,286.689
2026-05-12T13:11:43+00:00,43.5106722638011,16.367181055247784,136,2026-05-12T13:14:57.953614+00:00,689,1,2.618,1088.906,157.08,286.689
2026-05-12T13:11:44+00:00,43.51067419163883,16.367149986326694,136,2026-05-12T13:14:57.953614+00:00,689,1,2.515,1091.421,150.9,274.89
2026-05-12T13:11:45+00:00,43.51067611947656,16.367118917405605,135,2026-05-12T13:14:57.953614+00:00,689,1,2.515,1093.936,150.9,274.89
2026-05-12T13:11:46+00:00,43.510678047314286,16.367087848484516,135,2026-05-12T13:14:57.953614+00:00,689,1,2.515,1096.45,150.9,274.89
2026-05-12T13:11:47+00:00,43.51068095583469,16.367055594921112,135,2026-05-12T13:14:57.953614+00:00,689,1,2.621,1099.071,157.26,277.088
2026-05-12T13:11:48+00:00,43.51068386435509,16.367023341357708,135,2026-05-12T13:14:57.953614+00:00,689,1,2.621,1101.693,157.26,277.088
2026-05-12T13:11:49+00:00,43.51068677287549,16.366991087794304,135,2026-05-12T13:14:57.953614+00:00,689,1,2.621,1104.314,157.26,277.088
2026-05-12T13:11:50+00:00,43.51068968139589,16.3669588342309,135,2026-05-12T13:14:57.953614+00:00,689,1,2.621,1106.935,157.26,277.088
2026-05-12T13:11:51+00:00,43.51069258991629,16.366926580667496,134,2026-05-12T13:14:57.953614+00:00,689,1,2.621,1109.556,157.26,277.088
2026-05-12T13:11:52+00:00,43.51069549843669,16.36689432710409,134,2026-05-12T13:14:57.953614+00:00,689,1,2.621,1112.177,157.26,277.088
2026-05-12T13:11:53+00:00,43.51069840695709,16.366862073540688,134,2026-05-12T13:14:57.953614+00:00,689,1,2.621,1114.798,157.26,277.088
2026-05-12T13:11:54+00:00,43.51070131547749,16.366829819977283,134,2026-05-12T13:14:57.953614+00:00,689,1,2.621,1117.419,157.26,277.088
2026-05-12T13:11:55+00:00,43.51070422399789,16.36679756641388,134,2026-05-12T13:14:57.953614+00:00,689,1,2.621,1120.04,157.26,277.088
2026-05-12T13:11:56+00:00,43.51070713251829,16.366765312850475,134,2026-05-12T13:14:57.953614+00:00,689,1,2.621,1122.661,157.26,277.088
2026-05-12T13:11:57+00:00,43.51071121869609,16.366738008800894,133,2026-05-12T13:14:57.953614+00:00,689,1,2.248,1124.909,134.88,281.659
2026-05-12T13:11:58+00:00,43.51071530487389,16.366710704751313,132,2026-05-12T13:14:57.953614+00:00,689,1,2.248,1127.158,134.88,281.659
2026-05-12T13:11:59+00:00,43.51071939105168,16.36668340070173,132,2026-05-12T13:14:57.953614+00:00,689,1,2.248,1129.406,134.88,281.659
2026-05-12T13:12:00+00:00,43.51072347722947,16.36665609665215,131,2026-05-12T13:14:57.953614+00:00,689,1,2.248,1131.654,134.88,281.659
2026-05-12T13:12:01+00:00,43.51072753407061,16.366629710420966,131,2026-05-12T13:14:57.953614+00:00,689,1,2.175,1133.829,130.5,281.969
2026-05-12T13:12:02+00:00,43.510731590911746,16.366603324189782,131,2026-05-12T13:14:57.953614+00:00,689,1,2.175,1136.005,130.5,281.969
2026-05-12T13:12:03+00:00,43.51073564775288,16.366576937958598,131,2026-05-12T13:14:57.953614+00:00,689,1,2.175,1138.18,130.5,281.969
2026-05-12T13:12:04+00:00,43.510739704594016,16.366550551727414,131,2026-05-12T13:14:57.953614+00:00,689,1,2.175,1140.355,130.5,281.969
2026-05-12T13:12:05+00:00,43.51074376143515,16.36652416549623,131,2026-05-12T13:14:57.953614+00:00,689,1,2.175,1142.53,130.5,281.969
2026-05-12T13:12:06+00:00,43.51074795238674,16.366495259904436,131,2026-05-12T13:14:57.953614+00:00,689,1,2.377,1144.907,142.62,281.305
2026-05-12T13:12:07+00:00,43.51075214333832,16.366466354312642,132,2026-05-12T13:14:57.953614+00:00,689,1,2.377,1147.284,142.62,281.305
2026-05-12T13:12:08+00:00,43.51075633428991,16.36643744872085,132,2026-05-12T13:14:57.953614+00:00,689,1,2.377,1149.662,142.62,281.305
2026-05-12T13:12:09+00:00,43.510760525241494,16.36640854312905,133,2026-05-12T13:14:57.953614+00:00,689,1,2.377,1152.039,142.62,281.305
2026-05-12T13:12:10+00:00,43.51076471619308,16.366379637537257,133,2026-05-12T13:14:57.953614+00:00,689,1,2.377,1154.416,142.62,281.305
2026-05-12T13:12:11+00:00,43.510768907144666,16.366350731945463,134,2026-05-12T13:14:57.953614+00:00,689,1,2.377,1156.793,142.62,281.305
2026-05-12T13:12:12+00:00,43.51077309809625,16.36632182635367,134,2026-05-12T13:14:57.953614+00:00,689,1,2.377,1159.17,142.62,281.305
2026-05-12T13:12:13+00:00,43.51077536121011,16.366286370903254,134,2026-05-12T13:14:57.953614+00:00,689,1,2.87,1162.041,172.2,275.03
2026-05-12T13:12:14+00:00,43.51077767461538,16.36625269241631,135,2026-05-12T13:14:57.953614+00:00,689,1,2.728,1164.769,163.68,275.411
2026-05-12T13:12:15+00:00,43.51077998802066,16.366219013929367,135,2026-05-12T13:14:57.953614+00:00,689,1,2.728,1167.497,163.68,275.411
2026-05-12T13:12:16+00:00,43.510782301425934,16.366185335442424,136,2026-05-12T13:14:57.953614+00:00,689,1,2.728,1170.225,163.68,275.411
2026-05-12T13:12:17+00:00,43.51078461483121,16.36615165695548,136,2026-05-12T13:14:57.953614+00:00,689,1,2.728,1172.953,163.68,275.411
2026-05-12T13:12:18+00:00,43.510786928236485,16.366117978468537,137,2026-05-12T13:14:57.953614+00:00,689,1,2.728,1175.681,163.68,275.411
2026-05-12T13:12:19+00:00,43.51079301908612,16.3660847581923,137,2026-05-12T13:14:57.953614+00:00,689,1,2.763,1178.444,165.78,284.188
2026-05-12T13:12:20+00:00,43.51079910993576,16.366051537916064,138,2026-05-12T13:14:57.953614+00:00,689,1,2.763,1181.208,165.78,284.188
2026-05-12T13:12:21+00:00,43.5108052007854,16.366018317639828,138,2026-05-12T13:14:57.953614+00:00,689,1,2.763,1183.971,165.78,284.188
2026-05-12T13:12:22+00:00,43.51080987788737,16.36597984470427,137,2026-05-12T13:14:57.953614+00:00,689,1,3.146,1187.117,188.76,279.516
2026-05-12T13:12:23+00:00,43.51081455498934,16.365941371768713,137,2026-05-12T13:14:57.953614+00:00,689,1,3.146,1190.263,188.76,279.516
2026-05-12T13:12:24+00:00,43.51081923209131,16.365902898833156,136,2026-05-12T13:14:57.953614+00:00,689,1,3.146,1193.409,188.76,279.516
2026-05-12T13:12:25+00:00,43.51082390919328,16.3658644258976,136,2026-05-12T13:14:57.953614+00:00,689,1,3.146,1196.555,188.76,279.516
2026-05-12T13:12:26+00:00,43.51082858629525,16.36582595296204,135,2026-05-12T13:14:57.953614+00:00,689,1,3.146,1199.7,188.76,279.516
2026-05-12T13:12:27+00:00,43.51083210669458,16.36579256504774,135,2026-05-12T13:14:57.953614+00:00,689,1,2.721,1202.421,163.26,278.272
2026-05-12T13:12:28+00:00,43.51083562709391,16.36575917713344,136,2026-05-12T13:14:57.953614+00:00,689,1,2.721,1205.142,163.26,278.272
2026-05-12T13:12:29+00:00,43.51083914749324,16.36572578921914,136,2026-05-12T13:14:57.953614+00:00,689,1,2.721,1207.863,163.26,278.272
2026-05-12T13:12:30+00:00,43.510842971736565,16.365697217406705,136,2026-05-12T13:14:57.953614+00:00,689,1,2.343,1210.206,140.58,280.457
2026-05-12T13:12:31+00:00,43.51084679597989,16.36566864559427,135,2026-05-12T13:14:57.953614+00:00,689,1,2.343,1212.549,140.58,280.457
2026-05-12T13:12:32+00:00,43.51085062022321,16.365640073781833,135,2026-05-12T13:14:57.953614+00:00,689,1,2.343,1214.892,140.58,280.457
2026-05-12T13:12:33+00:00,43.51085444446653,16.365611501969397,134,2026-05-12T13:14:57.953614+00:00,689,1,2.343,1217.235,140.58,280.457
2026-05-12T13:12:34+00:00,43.51085826870985,16.36558293015696,134,2026-05-12T13:14:57.953614+00:00,689,1,2.343,1219.578,140.58,280.457
2026-05-12T13:12:35+00:00,43.510862092953175,16.365554358344525,134,2026-05-12T13:14:57.953614+00:00,689,1,2.343,1221.921,140.58,280.457
2026-05-12T13:12:36+00:00,43.5108659171965,16.36552578653209,133,2026-05-12T13:14:57.953614+00:00,689,1,2.343,1224.264,140.58,280.457
2026-05-12T13:12:37+00:00,43.51086974143982,16.365497214719653,133,2026-05-12T13:14:57.953614+00:00,689,1,2.343,1226.607,140.58,280.457
2026-05-12T13:12:38+00:00,43.51087257033214,16.365468548610806,133,2026-05-12T13:14:57.953614+00:00,689,1,2.333,1228.94,139.98,277.749
2026-05-12T13:12:39+00:00,43.51087539922446,16.36543988250196,133,2026-05-12T13:14:57.953614+00:00,689,1,2.333,1231.273,139.98,277.749
2026-05-12T13:12:40+00:00,43.51087822811678,16.365411216393113,133,2026-05-12T13:14:57.953614+00:00,689,1,2.333,1233.606,139.98,277.749
2026-05-12T13:12:41+00:00,43.5108810570091,16.365382550284266,133,2026-05-12T13:14:57.953614+00:00,689,1,2.333,1235.939,139.98,277.749
2026-05-12T13:12:42+00:00,43.51088410243392,16.36535449884832,132,2026-05-12T13:14:57.953614+00:00,689,1,2.287,1238.227,137.22,278.514
2026-05-12T13:12:43+00:00,43.51088714785874,16.36532644741237,132,2026-05-12T13:14:57.953614+00:00,689,1,2.287,1240.514,137.22,278.514
2026-05-12T13:12:44+00:00,43.51089019328356,16.365298395976424,132,2026-05-12T13:14:57.953614+00:00,689,1,2.287,1242.801,137.22,278.514
2026-05-12T13:12:45+00:00,43.51089323870838,16.365270344540477,131,2026-05-12T13:14:57.953614+00:00,689,1,2.287,1245.089,137.22,278.514
2026-05-12T13:12:46+00:00,43.5108962841332,16.36524229310453,130,2026-05-12T13:14:57.953614+00:00,689,1,2.287,1247.376,137.22,278.514
2026-05-12T13:12:47+00:00,43.510899329558015,16.365214241668582,130,2026-05-12T13:14:57.953614+00:00,689,1,2.287,1249.664,137.22,278.514
2026-05-12T13:12:48+00:00,43.51090248674154,16.36518564540893,130,2026-05-12T13:14:57.953614+00:00,689,1,2.333,1251.996,139.98,278.656
2026-05-12T13:12:49+00:00,43.51090564392507,16.365157049149275,130,2026-05-12T13:14:57.953614+00:00,689,1,2.333,1254.329,139.98,278.656
2026-05-12T13:12:50+00:00,43.5109088011086,16.36512845288962,130,2026-05-12T13:14:57.953614+00:00,689,1,2.333,1256.662,139.98,278.656
2026-05-12T13:12:51+00:00,43.51091195829213,16.365099856629968,130,2026-05-12T13:14:57.953614+00:00,689,1,2.333,1258.994,139.98,278.656
2026-05-12T13:12:52+00:00,43.510915115475655,16.365071260370314,130,2026-05-12T13:14:57.953614+00:00,689,1,2.333,1261.327,139.98,278.656
2026-05-12T13:12:53+00:00,43.51091827265918,16.36504266411066,130,2026-05-12T13:14:57.953614+00:00,689,1,2.333,1263.66,139.98,278.656
2026-05-12T13:12:54+00:00,43.510921988636255,16.365012070164084,131,2026-05-12T13:14:57.953614+00:00,689,1,2.502,1266.161,150.12,279.507
2026-05-12T13:12:55+00:00,43.51092570461333,16.36498147621751,132,2026-05-12T13:14:57.953614+00:00,689,1,2.502,1268.663,150.12,279.507
2026-05-12T13:12:56+00:00,43.5109294205904,16.364950882270932,133,2026-05-12T13:14:57.953614+00:00,689,1,2.502,1271.164,150.12,279.507
2026-05-12T13:12:57+00:00,43.51093300618231,16.36492327786982,133,2026-05-12T13:14:57.953614+00:00,689,1,2.262,1273.426,135.72,280.154
2026-05-12T13:12:58+00:00,43.510936591774225,16.36489567346871,133,2026-05-12T13:14:57.953614+00:00,689,1,2.262,1275.687,135.72,280.154
2026-05-12T13:12:59+00:00,43.51094017736614,16.364868069067597,133,2026-05-12T13:14:57.953614+00:00,689,1,2.262,1277.949,135.72,280.154
2026-05-12T13:13:00+00:00,43.51094376295805,16.364840464666486,133,2026-05-12T13:14:57.953614+00:00,689,1,2.262,1280.21,135.72,280.154
2026-05-12T13:13:01+00:00,43.51094734854996,16.364812860265374,133,2026-05-12T13:14:57.953614+00:00,689,1,2.262,1282.472,135.72,280.154
2026-05-12T13:13:02+00:00,43.510950934141874,16.364785255864263,133,2026-05-12T13:14:57.953614+00:00,689,1,2.262,1284.733,135.72,280.154
2026-05-12T13:13:03+00:00,43.51095451973379,16.36475765146315,133,2026-05-12T13:14:57.953614+00:00,689,1,2.262,1286.995,135.72,280.154
2026-05-12T13:13:04+00:00,43.5109581053257,16.36473004706204,133,2026-05-12T13:14:57.953614+00:00,689,1,2.262,1289.257,135.72,280.154
2026-05-12T13:13:05+00:00,43.51096169091761,16.364702442660928,133,2026-05-12T13:14:57.953614+00:00,689,1,2.262,1291.518,135.72,280.154
2026-05-12T13:13:06+00:00,43.5109650939703,16.364671614021063,132,2026-05-12T13:14:57.953614+00:00,689,1,2.515,1294.033,150.9,278.654
2026-05-12T13:13:07+00:00,43.510968497022986,16.364640785381198,132,2026-05-12T13:14:57.953614+00:00,689,1,2.515,1296.548,150.9,278.654
2026-05-12T13:13:08+00:00,43.510971900075674,16.364609956741333,131,2026-05-12T13:14:57.953614+00:00,689,1,2.515,1299.062,150.9,278.654
2026-05-12T13:13:09+00:00,43.51097530312836,16.364579128101468,131,2026-05-12T13:14:57.953614+00:00,689,1,2.515,1301.577,150.9,278.654
2026-05-12T13:13:10+00:00,43.51097870618105,16.364548299461603,130,2026-05-12T13:14:57.953614+00:00,689,1,2.515,1304.092,150.9,278.654
2026-05-12T13:13:11+00:00,43.51098534464836,16.364519951865077,131,2026-05-12T13:14:57.953614+00:00,689,1,2.402,1306.494,144.12,287.895
2026-05-12T13:13:12+00:00,43.51099198311567,16.36449160426855,131,2026-05-12T13:14:57.953614+00:00,689,1,2.402,1308.896,144.12,287.895
2026-05-12T13:13:13+00:00,43.510998621582985,16.364463256672025,132,2026-05-12T13:14:57.953614+00:00,689,1,2.402,1311.299,144.12,287.895
2026-05-12T13:13:14+00:00,43.5110052600503,16.3644349090755,132,2026-05-12T13:14:57.953614+00:00,689,1,2.402,1313.701,144.12,287.895
2026-05-12T13:13:15+00:00,43.51101189851761,16.364406561478972,133,2026-05-12T13:14:57.953614+00:00,689,1,2.402,1316.103,144.12,287.895
2026-05-12T13:13:16+00:00,43.5110182268545,16.364375171251595,134,2026-05-12T13:14:57.953614+00:00,689,1,2.627,1318.731,157.62,285.535
2026-05-12T13:13:17+00:00,43.5110245551914,16.364343781024218,136,2026-05-12T13:14:57.953614+00:00,689,1,2.627,1321.358,157.62,285.535
2026-05-12T13:13:18+00:00,43.51102828513831,16.36431735707447,135,2026-05-12T13:14:57.953614+00:00,689,1,2.171,1323.529,130.26,281.014
2026-05-12T13:13:19+00:00,43.51103201508522,16.36429093312472,134,2026-05-12T13:14:57.953614+00:00,689,1,2.171,1325.7,130.26,281.014
2026-05-12T13:13:20+00:00,43.51103574503213,16.364264509174973,134,2026-05-12T13:14:57.953614+00:00,689,1,2.171,1327.871,130.26,281.014
2026-05-12T13:13:21+00:00,43.51103947497904,16.364238085225224,133,2026-05-12T13:14:57.953614+00:00,689,1,2.171,1330.042,130.26,281.014
2026-05-12T13:13:22+00:00,43.51104374974966,16.364210844039917,132,2026-05-12T13:14:57.953614+00:00,689,1,2.248,1332.289,134.88,282.209
2026-05-12T13:13:23+00:00,43.51104802452028,16.36418360285461,130,2026-05-12T13:14:57.953614+00:00,689,1,2.248,1334.537,134.88,282.209
2026-05-12T13:13:24+00:00,43.511052299290895,16.364156361669302,129,2026-05-12T13:14:57.953614+00:00,689,1,2.248,1336.785,134.88,282.209
2026-05-12T13:13:25+00:00,43.51104905130342,16.36413299711421,129,2026-05-12T13:14:57.953614+00:00,689,1,1.918,1338.703,115.08,259.149
2026-05-12T13:13:26+00:00,43.51104580331594,16.36410963255912,130,2026-05-12T13:14:57.953614+00:00,689,1,1.918,1340.622,115.08,259.149
2026-05-12T13:13:27+00:00,43.51104255532846,16.36408626800403,130,2026-05-12T13:14:57.953614+00:00,689,1,1.918,1342.54,115.08,259.149
2026-05-12T13:13:28+00:00,43.51103930734098,16.36406290344894,130,2026-05-12T13:14:57.953614+00:00,689,1,1.918,1344.459,115.08,259.149
2026-05-12T13:13:29+00:00,43.51104081608355,16.36403436306864,132,2026-05-12T13:14:57.953614+00:00,689,1,2.308,1346.766,138.48,274.169
2026-05-12T13:13:30+00:00,43.51104232482612,16.36400582268834,133,2026-05-12T13:14:57.953614+00:00,689,1,2.308,1349.074,138.48,274.169
2026-05-12T13:13:31+00:00,43.511036317795515,16.363984728232026,133,2026-05-12T13:14:57.953614+00:00,689,1,1.828,1350.901,109.68,248.562
2026-05-12T13:13:32+00:00,43.51103031076491,16.36396363377571,133,2026-05-12T13:14:57.953614+00:00,689,1,1.828,1352.729,109.68,248.562
2026-05-12T13:13:33+00:00,43.5110243037343,16.363942539319396,133,2026-05-12T13:14:57.953614+00:00,689,1,1.828,1354.557,109.68,248.562
2026-05-12T13:13:34+00:00,43.51101340726018,16.3639406953007,132,2026-05-12T13:14:57.953614+00:00,689,1,1.221,1355.777,73.26,186.997
2026-05-12T13:13:35+00:00,43.51099357008934,16.36394239962101,132,2026-05-12T13:14:57.953614+00:00,689,1,2.21,1357.987,132.6,176.435
2026-05-12T13:13:36+00:00,43.5109737329185,16.36394410394132,131,2026-05-12T13:14:57.953614+00:00,689,1,2.21,1360.197,132.6,176.435
2026-05-12T13:13:37+00:00,43.51095389574766,16.363945808261633,131,2026-05-12T13:14:57.953614+00:00,689,1,2.21,1362.408,132.6,176.435
2026-05-12T13:13:38+00:00,43.51093859877437,16.363943471806124,131,2026-05-12T13:14:57.953614+00:00,689,1,1.711,1364.119,102.66,186.321
2026-05-12T13:13:39+00:00,43.510923301801085,16.363941135350615,132,2026-05-12T13:14:57.953614+00:00,689,1,1.711,1365.83,102.66,186.321
2026-05-12T13:13:40+00:00,43.5109080048278,16.363938798895106,132,2026-05-12T13:14:57.953614+00:00,689,1,1.711,1367.542,102.66,186.321
2026-05-12T13:13:41+00:00,43.51089270785451,16.363936462439597,132,2026-05-12T13:14:57.953614+00:00,689,1,1.711,1369.253,102.66,186.321
2026-05-12T13:13:42+00:00,43.51087741088122,16.363934125984088,132,2026-05-12T13:14:57.953614+00:00,689,1,1.711,1370.964,102.66,186.321
2026-05-12T13:13:43+00:00,43.51086211390793,16.36393178952858,132,2026-05-12T13:14:57.953614+00:00,689,1,1.711,1372.676,102.66,186.321
2026-05-12T13:13:44+00:00,43.510846816934645,16.36392945307307,133,2026-05-12T13:14:57.953614+00:00,689,1,1.711,1374.387,102.66,186.321
2026-05-12T13:13:45+00:00,43.51083151996136,16.36392711661756,133,2026-05-12T13:14:57.953614+00:00,689,1,1.711,1376.098,102.66,186.321
2026-05-12T13:13:46+00:00,43.51082376670092,16.363926865160465,132,2026-05-12T13:14:57.953614+00:00,689,1,0.862,1376.961,51.72,181.347
2026-05-12T13:13:47+00:00,43.51081601344049,16.36392661370337,130,2026-05-12T13:14:57.953614+00:00,689,1,0.862,1377.823,51.72,181.347
2026-05-12T13:13:48+00:00,43.51080872118473,16.363925649784505,128,2026-05-12T13:14:57.953614+00:00,689,1,0.815,1378.638,48.9,185.476
2026-05-12T13:13:49+00:00,43.51080142892897,16.36392468586564,127,2026-05-12T13:14:57.953614+00:00,689,1,0.815,1379.452,48.9,185.476
2026-05-12T13:13:50+00:00,43.51079275365919,16.363924057222903,127,2026-05-12T13:14:57.953614+00:00,689,1,0.966,1380.418,57.96,183.008
2026-05-12T13:13:51+00:00,43.510784078389406,16.363923428580165,127,2026-05-12T13:14:57.953614+00:00,689,1,0.966,1381.384,57.96,183.008
2026-05-12T13:13:52+00:00,43.510775403119624,16.363922799937427,128,2026-05-12T13:14:57.953614+00:00,689,1,0.966,1382.35,57.96,183.008
2026-05-12T13:13:53+00:00,43.51076672784984,16.36392217129469,128,2026-05-12T13:14:57.953614+00:00,689,1,0.966,1383.316,57.96,183.008
2026-05-12T13:13:54+00:00,43.51075805258006,16.36392154265195,128,2026-05-12T13:14:57.953614+00:00,689,1,0.966,1384.282,57.96,183.008
2026-05-12T13:13:55+00:00,43.51074937731027,16.363920914009213,128,2026-05-12T13:14:57.953614+00:00,689,1,0.966,1385.248,57.96,183.008
2026-05-12T13:13:56+00:00,43.5107401991263,16.363918762654066,128,2026-05-12T13:14:57.953614+00:00,689,1,1.035,1386.283,62.1,189.648
2026-05-12T13:13:57+00:00,43.51073102094233,16.36391661129892,127,2026-05-12T13:14:57.953614+00:00,689,1,1.035,1387.318,62.1,189.648
2026-05-12T13:13:58+00:00,43.51072184275836,16.36391445994377,126,2026-05-12T13:14:57.953614+00:00,689,1,1.035,1388.354,62.1,189.648
2026-05-12T13:13:59+00:00,43.510712664574385,16.363912308588624,126,2026-05-12T13:14:57.953614+00:00,689,1,1.035,1389.389,62.1,189.648
2026-05-12T13:14:00+00:00,43.51070348639041,16.363910157233477,126,2026-05-12T13:14:57.953614+00:00,689,1,1.035,1390.424,62.1,189.648
2026-05-12T13:14:01+00:00,43.51069430820644,16.36390800587833,125,2026-05-12T13:14:57.953614+00:00,689,1,1.035,1391.459,62.1,189.648
2026-05-12T13:14:02+00:00,43.51068602409214,16.363906762562692,125,2026-05-12T13:14:57.953614+00:00,689,1,0.927,1392.386,55.62,186.212
2026-05-12T13:14:03+00:00,43.51067773997784,16.363905519247055,125,2026-05-12T13:14:57.953614+00:00,689,1,0.927,1393.312,55.62,186.212
2026-05-12T13:14:04+00:00,43.510669455863535,16.363904275931418,124,2026-05-12T13:14:57.953614+00:00,689,1,0.927,1394.239,55.62,186.212
2026-05-12T13:14:05+00:00,43.510661171749234,16.36390303261578,124,2026-05-12T13:14:57.953614+00:00,689,1,0.927,1395.166,55.62,186.212
2026-05-12T13:14:06+00:00,43.51065288763493,16.363901789300144,124,2026-05-12T13:14:57.953614+00:00,689,1,0.927,1396.092,55.62,186.212
2026-05-12T13:14:07+00:00,43.51064460352063,16.363900545984507,124,2026-05-12T13:14:57.953614+00:00,689,1,0.927,1397.019,55.62,186.212
2026-05-12T13:14:08+00:00,43.510637646541,16.363900168798864,122,2026-05-12T13:14:57.953614+00:00,689,1,0.774,1397.793,46.44,182.252
2026-05-12T13:14:09+00:00,43.51063068956137,16.36389979161322,119,2026-05-12T13:14:57.953614+00:00,689,1,0.774,1398.567,46.44,182.252
2026-05-12T13:14:10+00:00,43.51062410976738,16.36390021070838,117,2026-05-12T13:14:57.953614+00:00,689,1,0.732,1399.3,43.92,177.355
2026-05-12T13:14:11+00:00,43.51061752997339,16.36390062980354,115,2026-05-12T13:14:57.953614+00:00,689,1,0.732,1400.032,43.92,177.355
2026-05-12T13:14:12+00:00,43.51061129942536,16.363900532014668,114,2026-05-12T13:14:57.953614+00:00,689,1,0.693,1400.725,41.58,180.652
2026-05-12T13:14:13+00:00,43.51060506887734,16.363900434225798,114,2026-05-12T13:14:57.953614+00:00,689,1,0.693,1401.418,41.58,180.652
2026-05-12T13:14:14+00:00,43.510598838329315,16.363900336436927,114,2026-05-12T13:14:57.953614+00:00,689,1,0.693,1402.111,41.58,180.652
2026-05-12T13:14:15+00:00,43.51059260778129,16.363900238648057,113,2026-05-12T13:14:57.953614+00:00,689,1,0.693,1402.803,41.58,180.652
2026-05-12T13:14:16+00:00,43.51058637723327,16.363900140859187,112,2026-05-12T13:14:57.953614+00:00,689,1,0.693,1403.496,41.58,180.652
2026-05-12T13:14:17+00:00,43.51058014668524,16.363900043070316,112,2026-05-12T13:14:57.953614+00:00,689,1,0.693,1404.189,41.58,180.652
2026-05-12T13:14:18+00:00,43.51057372055948,16.363899065181613,113,2026-05-12T13:14:57.953614+00:00,689,1,0.719,1404.908,43.14,186.298
2026-05-12T13:14:19+00:00,43.51056729443371,16.36389808729291,113,2026-05-12T13:14:57.953614+00:00,689,1,0.719,1405.627,43.14,186.298
2026-05-12T13:14:20+00:00,43.51056086830795,16.363897109404206,114,2026-05-12T13:14:57.953614+00:00,689,1,0.719,1406.346,43.14,186.298
2026-05-12T13:14:21+00:00,43.51055445615202,16.363899980206043,113,2026-05-12T13:14:57.953614+00:00,689,1,0.75,1407.095,45.0,162.011
2026-05-12T13:14:22+00:00,43.510548043996096,16.36390285100788,112,2026-05-12T13:14:57.953614+00:00,689,1,0.75,1407.845,45.0,162.011
2026-05-12T13:14:23+00:00,43.51054163184017,16.363905721809715,111,2026-05-12T13:14:57.953614+00:00,689,1,0.75,1408.595,45.0,162.011
2026-05-12T13:14:24+00:00,43.51053521968424,16.36390859261155,110,2026-05-12T13:14:57.953614+00:00,689,1,0.75,1409.344,45.0,162.011
2026-05-12T13:14:25+00:00,43.51053167833015,16.36391133768484,108,2026-05-12T13:14:57.953614+00:00,689,1,0.452,1409.796,27.12,150.656
2026-05-12T13:14:26+00:00,43.51052813697606,16.36391408275813,107,2026-05-12T13:14:57.953614+00:00,689,1,0.452,1410.248,27.12,150.656
2026-05-12T13:14:27+00:00,43.51052459562197,16.363916827831417,106,2026-05-12T13:14:57.953614+00:00,689,1,0.452,1410.7,27.12,150.656
2026-05-12T13:14:28+00:00,43.51052105426788,16.363919572904706,104,2026-05-12T13:14:57.953614+00:00,689,1,0.452,1411.151,27.12,150.656
2026-05-12T13:14:29+00:00,43.5105184558779,16.36392418295145,102,2026-05-12T13:14:57.953614+00:00,689,1,0.471,1411.622,28.26,127.853
2026-05-12T13:14:30+00:00,43.510516891255975,16.36392650194466,103,2026-05-12T13:14:57.953614+00:00,689,1,0.255,1411.878,15.3,132.932
2026-05-12T13:14:31+00:00,43.51051532663405,16.363928820937872,105,2026-05-12T13:14:57.953614+00:00,689,1,0.255,1412.133,15.3,132.932
2026-05-12T13:14:32+00:00,43.51051376201213,16.363931139931083,106,2026-05-12T13:14:57.953614+00:00,689,1,0.255,1412.388,15.3,132.932
2026-05-12T13:14:33+00:00,43.510510409250855,16.363934869877994,108,2026-05-12T13:14:57.953614+00:00,689,1,0.479,1412.868,28.74,141.102
2026-05-12T13:14:34+00:00,43.51050705648959,16.363938599824905,109,2026-05-12T13:14:57.953614+00:00,689,1,0.479,1413.347,28.74,141.102
2026-05-12T13:14:35+00:00,43.51050357799977,16.36394086293876,106,2026-05-12T13:14:57.953614+00:00,689,1,0.428,1413.774,25.68,154.74
2026-05-12T13:14:36+00:00,43.510500099509954,16.363943126052618,102,2026-05-12T13:14:57.953614+00:00,689,1,0.428,1414.202,25.68,154.74
2026-05-12T13:14:37+00:00,43.51049716584384,16.36394513770938,99,2026-05-12T13:14:57.953614+00:00,689,1,0.364,1414.566,21.84,153.558
2026-05-12T13:14:38+00:00,43.51049317047,16.36394969187677,98,2026-05-12T13:14:57.953614+00:00,689,1,0.576,1415.143,34.56,140.42
2026-05-12T13:14:39+00:00,43.510489175096154,16.36395424604416,98,2026-05-12T13:14:57.953614+00:00,689,1,0.576,1415.719,34.56,140.42
2026-05-12T13:14:40+00:00,43.51048517972231,16.36395880021155,97,2026-05-12T13:14:57.953614+00:00,689,1,0.576,1416.295,34.56,140.42
2026-05-12T13:14:41+00:00,43.51048308424651,16.36396081186831,96,2026-05-12T13:14:57.953614+00:00,689,1,0.284,1416.579,17.04,145.153
2026-05-12T13:14:42+00:00,43.51048098877072,16.36396282352507,94,2026-05-12T13:14:57.953614+00:00,689,1,0.284,1416.863,17.04,145.153
2026-05-12T13:14:43+00:00,43.51047889329493,16.363964835181832,93,2026-05-12T13:14:57.953614+00:00,689,1,0.284,1417.147,17.04,145.153
2026-05-12T13:14:44+00:00,43.51047746837139,16.363967726938426,92,2026-05-12T13:14:57.953614+00:00,689,1,0.282,1417.429,16.92,124.193
2026-05-12T13:14:45+00:00,43.51047604344785,16.36397061869502,90,2026-05-12T13:14:57.953614+00:00,689,1,0.282,1417.711,16.92,124.193
2026-05-12T13:14:46+00:00,43.51047416590154,16.363974306732416,91,2026-05-12T13:14:57.953614+00:00,689,1,0.363,1418.074,21.78,125.067
2026-05-12T13:14:47+00:00,43.51047228835523,16.36397799476981,91,2026-05-12T13:14:57.953614+00:00,689,1,0.363,1418.438,21.78,125.067
2026-05-12T13:14:48+00:00,43.51047041080892,16.363981682807207,92,2026-05-12T13:14:57.953614+00:00,689,1,0.363,1418.801,21.78,125.067
2026-05-12T13:14:49+00:00,43.51046853326261,16.363985370844603,92,2026-05-12T13:14:57.953614+00:00,689,1,0.363,1419.165,21.78,125.067
2026-05-12T13:14:50+00:00,43.5104666557163,16.363989058881998,93,2026-05-12T13:14:57.953614+00:00,689,1,0.363,1419.528,21.78,125.067
2026-05-12T13:14:51+00:00,43.51046380586922,16.363993040286005,93,2026-05-12T13:14:57.953614+00:00,689,1,0.451,1419.979,27.06,134.624
2026-05-12T13:14:52+00:00,43.51046095602214,16.36399702169001,93,2026-05-12T13:14:57.953614+00:00,689,1,0.451,1420.43,27.06,134.624
2026-05-12T13:14:53+00:00,43.51045605260879,16.364000416360795,92,2026-05-12T13:14:57.953614+00:00,689,1,0.61,1421.04,36.6,153.339
2026-05-12T13:14:54+00:00,43.51045114919543,16.36400381103158,90,2026-05-12T13:14:57.953614+00:00,689,1,0.61,1421.65,36.6,153.339
2026-05-12T13:14:55+00:00,43.510445763822645,16.364004942588508,91,2026-05-12T13:14:57.953614+00:00,689,1,0.606,1422.256,36.36,171.336
2026-05-12T13:14:56+00:00,43.51044037844986,16.364006074145436,92,2026-05-12T13:14:57.953614+00:00,689,1,0.606,1422.862,36.36,171.336
2026-05-12T13:14:57+00:00,43.51043499307707,16.364007205702364,93,2026-05-12T13:14:57.953614+00:00,689,1,0.606,1423.468,36.36,171.336
2026-05-12T13:14:58+00:00,43.51042960770428,16.364008337259293,94,2026-05-12T13:14:57.953614+00:00,689,1,0.606,1424.073,36.36,171.336
2026-05-12T13:14:59+00:00,43.5104259615764,16.36400936404243,94,2026-05-12T13:14:57.953614+00:00,689,1,0.414,1424.487,24.84,168.457
2026-05-12T13:15:00+00:00,43.51042231544852,16.36401039082557,94,2026-05-12T13:14:57.953614+00:00,689,1,0.414,1424.901,24.84,168.457
2026-05-12T13:15:01+00:00,43.51041866932064,16.364011417608708,93,2026-05-12T13:14:57.953614+00:00,689,1,0.414,1425.315,24.84,168.457
2026-05-12T13:15:02+00:00,43.51041502319276,16.364012444391847,93,2026-05-12T13:14:57.953614+00:00,689,1,0.414,1425.729,24.84,168.457
2026-05-12T13:15:16+00:00,43.51036841981113,16.364050414413214,89,2026-05-12T13:14:57.953614+00:00,689,1,6.019,1431.748,25.796,149.421
2026-05-12T13:15:17+00:00,43.510363118257374,16.364052928984165,90,2026-05-12T13:14:57.953614+00:00,689,1,0.623,1432.371,37.38,161.017
2026-05-12T13:15:18+00:00,43.51035781670362,16.364055443555117,92,2026-05-12T13:14:57.953614+00:00,689,1,0.623,1432.995,37.38,161.017
2026-05-12T13:15:19+00:00,43.51035251514986,16.364057958126068,93,2026-05-12T13:14:57.953614+00:00,689,1,0.623,1433.618,37.38,161.017
2026-05-12T13:15:20+00:00,43.510347213596106,16.36406047269702,94,2026-05-12T13:14:57.953614+00:00,689,1,0.623,1434.241,37.38,161.017
2026-05-12T13:15:21+00:00,43.51034011691809,16.364059019833803,94,2026-05-12T13:14:57.953614+00:00,689,1,0.798,1435.039,47.88,188.445
2026-05-12T13:15:22+00:00,43.51033302024007,16.364057566970587,95,2026-05-12T13:14:57.953614+00:00,689,1,0.798,1435.837,47.88,188.445
2026-05-12T13:15:23+00:00,43.51032592356205,16.36405611410737,95,2026-05-12T13:14:57.953614+00:00,689,1,0.798,1436.635,47.88,188.445
2026-05-12T13:15:24+00:00,43.51031882688403,16.364054661244154,95,2026-05-12T13:14:57.953614+00:00,689,1,0.798,1437.432,47.88,188.445
2026-05-12T13:15:25+00:00,43.51031173020601,16.364053208380938,96,2026-05-12T13:14:57.953614+00:00,689,1,0.798,1438.23,47.88,188.445
2026-05-12T13:15:26+00:00,43.510304633527994,16.36405175551772,96,2026-05-12T13:14:57.953614+00:00,689,1,0.798,1439.028,47.88,188.445
2026-05-12T13:15:27+00:00,43.51029549725354,16.364067010581493,99,2026-05-12T13:14:57.953614+00:00,689,1,1.595,1440.623,95.7,129.549
2026-05-12T13:15:28+00:00,43.51029088720679,16.364090479910374,102,2026-05-12T13:14:57.953614+00:00,689,1,1.961,1442.584,117.66,105.155
2026-05-12T13:15:29+00:00,43.510296335443854,16.364107076078653,103,2026-05-12T13:14:57.953614+00:00,689,1,1.469,1444.053,88.14,65.646
2026-05-12T13:15:30+00:00,43.51030178368091,16.364123672246933,104,2026-05-12T13:14:57.953614+00:00,689,1,1.469,1445.523,88.14,65.646
2026-05-12T13:15:31+00:00,43.51031825412065,16.364120906218886,104,2026-05-12T13:14:57.953614+00:00,689,1,1.845,1447.367,110.7,353.056
2026-05-12T13:15:32+00:00,43.51033472456038,16.36411814019084,105,2026-05-12T13:14:57.953614+00:00,689,1,1.845,1449.212,110.7,353.056
2026-05-12T13:15:33+00:00,43.51035119500011,16.364115374162793,106,2026-05-12T13:14:57.953614+00:00,689,1,1.845,1451.057,110.7,353.056
2026-05-12T13:15:34+00:00,43.51036766543984,16.364112608134747,106,2026-05-12T13:14:57.953614+00:00,689,1,1.845,1452.902,110.7,353.056
2026-05-12T13:15:35+00:00,43.510380271822214,16.36410067230463,106,2026-05-12T13:14:57.953614+00:00,689,1,1.7,1454.603,102.0,325.524
2026-05-12T13:15:36+00:00,43.510392878204584,16.364088736474514,106,2026-05-12T13:14:57.953614+00:00,689,1,1.7,1456.303,102.0,325.524
2026-05-12T13:15:37+00:00,43.510405484586954,16.364076800644398,106,2026-05-12T13:14:57.953614+00:00,689,1,1.7,1458.004,102.0,325.524
2026-05-12T13:15:38+00:00,43.51041809096933,16.36406486481428,106,2026-05-12T13:14:57.953614+00:00,689,1,1.7,1459.704,102.0,325.524
2026-05-12T13:15:39+00:00,43.510430697351694,16.364052928984165,106,2026-05-12T13:14:57.953614+00:00,689,1,1.7,1461.405,102.0,325.524
2026-05-12T13:15:40+00:00,43.51044620387256,16.364047564566135,106,2026-05-12T13:14:57.953614+00:00,689,1,1.778,1463.182,106.68,345.915
2026-05-12T13:15:41+00:00,43.51044917944819,16.364043094217777,106,2026-05-12T13:14:57.953614+00:00,689,1,0.489,1463.672,29.34,312.545
2026-05-12T13:15:42+00:00,43.51045215502381,16.36403862386942,107,2026-05-12T13:14:57.953614+00:00,689,1,0.489,1464.161,29.34,312.545
2026-05-12T13:15:43+00:00,43.51045513059944,16.36403415352106,108,2026-05-12T13:14:57.953614+00:00,689,1,0.489,1464.65,29.34,312.545
2026-05-12T13:15:44+00:00,43.510458106175065,16.364029683172703,108,2026-05-12T13:14:57.953614+00:00,689,1,0.489,1465.14,29.34,312.545
2026-05-12T13:15:45+00:00,43.51046108175069,16.364025212824345,108,2026-05-12T13:14:57.953614+00:00,689,1,0.489,1465.629,29.34,312.545
2026-05-12T13:15:46+00:00,43.51046405732632,16.364020742475986,109,2026-05-12T13:14:57.953614+00:00,689,1,0.489,1466.118,29.34,312.545
2026-05-12T13:15:47+00:00,43.51046527270228,16.364016279112548,108,2026-05-12T13:14:57.953614+00:00,689,1,0.384,1466.503,23.04,290.579
2026-05-12T13:15:48+00:00,43.51046648807824,16.36401181574911,108,2026-05-12T13:14:57.953614+00:00,689,1,0.384,1466.887,23.04,290.579
2026-05-12T13:15:49+00:00,43.5104677034542,16.36400735238567,107,2026-05-12T13:14:57.953614+00:00,689,1,0.384,1467.272,23.04,290.579
2026-05-12T13:15:50+00:00,43.51046891883016,16.36400288902223,106,2026-05-12T13:14:57.953614+00:00,689,1,0.384,1467.656,23.04,290.579
2026-05-12T13:15:51+00:00,43.510471656918526,16.364001464098692,106,2026-05-12T13:14:57.953614+00:00,689,1,0.325,1467.981,19.5,339.322
2026-05-12T13:15:52+00:00,43.510474395006895,16.364000039175153,106,2026-05-12T13:14:57.953614+00:00,689,1,0.325,1468.307,19.5,339.322
2026-05-12T13:15:53+00:00,43.510477133095264,16.363998614251614,106,2026-05-12T13:14:57.953614+00:00,689,1,0.325,1468.632,19.5,339.322
2026-05-12T13:15:54+00:00,43.51048522628844,16.36399481445551,106,2026-05-12T13:14:57.953614+00:00,689,1,0.951,1469.583,57.06,341.196
2026-05-12T13:15:55+00:00,43.51049331948161,16.363991014659405,106,2026-05-12T13:14:57.953614+00:00,689,1,0.951,1470.534,57.06,341.196
2026-05-12T13:15:56+00:00,43.510501412674785,16.3639872148633,106,2026-05-12T13:14:57.953614+00:00,689,1,0.951,1471.484,57.06,341.196
2026-05-12T13:15:57+00:00,43.51050950586796,16.363983415067196,106,2026-05-12T13:14:57.953614+00:00,689,1,0.951,1472.435,57.06,341.196
2026-05-12T13:15:58+00:00,43.51051759906113,16.36397961527109,106,2026-05-12T13:14:57.953614+00:00,689,1,0.951,1473.386,57.06,341.196
2026-05-12T13:15:59+00:00,43.510525692254305,16.363975815474987,106,2026-05-12T13:14:57.953614+00:00,689,1,0.951,1474.336,57.06,341.196
2026-05-12T13:16:00+00:00,43.51053378544748,16.363972015678883,106,2026-05-12T13:14:57.953614+00:00,689,1,0.951,1475.287,57.06,341.196
