timestamp_utc,latitude,longitude,heart_rate,finish_time_utc,elapsed_race_time_s,finished_flag,seg_dist_m,dist_from_start_m,SOG_raw_mpm,COG_raw_deg,geom_leg_id,geom_from_mark,geom_to_mark,geom_leg_bearing_deg,target_lat_deg,target_lon_deg,dist_to_target_m,bearing_to_target_deg,COG_deg,ATB_angle_deg,ATB_offset_deg
2026-03-26T10:25:09+00:00,39.526966474950314,2.6891739014536142,93,2026-03-26T10:32:01.808747+00:00,413,1,0.0,0.0,0.0,0.0,1,Start,Finish,55,39.53062950025715,2.697605200917792,830,61,1,60,
2026-03-26T10:25:10+00:00,39.526992472819984,2.6891735522076488,93,2026-03-26T10:32:01.808747+00:00,413,1,2.891,2.891,173.46,359.406,1,Start,Finish,55,39.53062950025715,2.697605200917792,829,61,3,58,
2026-03-26T10:25:11+00:00,39.527018470689654,2.6891732029616833,93,2026-03-26T10:32:01.808747+00:00,413,1,2.891,5.782,173.46,359.406,1,Start,Finish,55,39.53062950025715,2.697605200917792,827,61,4,57,
2026-03-26T10:25:12+00:00,39.5270418561995,2.6891752146184444,93,2026-03-26T10:32:01.808747+00:00,413,1,2.606,8.388,156.36,3.796,1,Start,Finish,55,39.53062950025715,2.697605200917792,826,61,5,56,
2026-03-26T10:25:13+00:00,39.52706596814096,2.689181095920503,93,2026-03-26T10:32:01.808747+00:00,413,1,2.728,11.116,163.68,10.655,1,Start,Finish,55,39.53062950025715,2.697605200917792,824,61,6,55,
2026-03-26T10:25:14+00:00,39.52709008008242,2.689186977222562,92,2026-03-26T10:32:01.808747+00:00,413,1,2.728,13.844,163.68,10.655,1,Start,Finish,55,39.53062950025715,2.697605200917792,822,61,8,53,
2026-03-26T10:25:15+00:00,39.52711419202387,2.6891928585246205,92,2026-03-26T10:32:01.808747+00:00,413,1,2.728,16.573,163.68,10.655,1,Start,Finish,55,39.53062950025715,2.697605200917792,821,62,10,52,
2026-03-26T10:25:16+00:00,39.52713830396533,2.6891987398266792,92,2026-03-26T10:32:01.808747+00:00,413,1,2.728,19.301,163.68,10.655,1,Start,Finish,55,39.53062950025715,2.697605200917792,819,62,11,51,
2026-03-26T10:25:17+00:00,39.52716241590679,2.689204621128738,91,2026-03-26T10:32:01.808747+00:00,413,1,2.728,22.029,163.68,10.655,1,Start,Finish,55,39.53062950025715,2.697605200917792,817,62,11,51,
2026-03-26T10:25:18+00:00,39.52718652784824,2.6892105024307966,91,2026-03-26T10:32:01.808747+00:00,413,1,2.728,24.757,163.68,10.655,1,Start,Finish,55,39.53062950025715,2.697605200917792,815,62,12,50,
2026-03-26T10:25:19+00:00,39.52721083536744,2.6892180182039738,89,2026-03-26T10:32:01.808747+00:00,413,1,2.779,27.536,166.74,13.414,1,Start,Finish,55,39.53062950025715,2.697605200917792,814,62,12,50,
2026-03-26T10:25:20+00:00,39.52723514288664,2.689225533977151,88,2026-03-26T10:32:01.808747+00:00,413,1,2.779,30.314,166.74,13.414,1,Start,Finish,55,39.53062950025715,2.697605200917792,812,62,13,49,
2026-03-26T10:25:21+00:00,39.52725945040584,2.689233049750328,86,2026-03-26T10:32:01.808747+00:00,413,1,2.779,33.093,166.74,13.414,1,Start,Finish,55,39.53062950025715,2.697605200917792,810,62,14,48,
2026-03-26T10:25:22+00:00,39.52728032134473,2.689239252358675,91,2026-03-26T10:32:01.808747+00:00,413,1,2.381,35.474,142.86,12.911,1,Start,Finish,55,39.53062950025715,2.697605200917792,808,63,15,48,
2026-03-26T10:25:23+00:00,39.52730353921652,2.6892482908442616,91,2026-03-26T10:32:01.808747+00:00,413,1,2.696,38.17,161.76,16.713,1,Start,Finish,55,39.53062950025715,2.697605200917792,807,63,15,48,
2026-03-26T10:25:24+00:00,39.527326757088304,2.6892573293298483,92,2026-03-26T10:32:01.808747+00:00,413,1,2.696,40.865,161.76,16.713,1,Start,Finish,55,39.53062950025715,2.697605200917792,805,63,16,47,
2026-03-26T10:25:25+00:00,39.52734997496009,2.689266367815435,92,2026-03-26T10:32:01.808747+00:00,413,1,2.696,43.561,161.76,16.713,1,Start,Finish,55,39.53062950025715,2.697605200917792,803,63,16,47,
2026-03-26T10:25:26+00:00,39.527373192831874,2.6892754063010216,92,2026-03-26T10:32:01.808747+00:00,413,1,2.696,46.256,161.76,16.713,1,Start,Finish,55,39.53062950025715,2.697605200917792,801,63,16,47,
2026-03-26T10:25:27+00:00,39.52739641070366,2.689284444786608,93,2026-03-26T10:32:01.808747+00:00,413,1,2.696,48.952,161.76,16.713,1,Start,Finish,55,39.53062950025715,2.697605200917792,799,63,15,48,
2026-03-26T10:25:28+00:00,39.52741962857544,2.689293483272195,93,2026-03-26T10:32:01.808747+00:00,413,1,2.696,51.647,161.76,16.713,1,Start,Finish,55,39.53062950025715,2.697605200917792,797,63,15,48,
2026-03-26T10:25:29+00:00,39.527442483231425,2.6892998814582825,93,2026-03-26T10:32:01.808747+00:00,413,1,2.6,54.247,156.0,12.185,1,Start,Finish,55,39.53062950025715,2.697605200917792,796,64,14,50,
2026-03-26T10:25:30+00:00,39.527465337887406,2.68930627964437,92,2026-03-26T10:32:01.808747+00:00,413,1,2.6,56.847,156.0,12.185,1,Start,Finish,55,39.53062950025715,2.697605200917792,794,64,12,52,
2026-03-26T10:25:31+00:00,39.52748819254339,2.6893126778304577,92,2026-03-26T10:32:01.808747+00:00,413,1,2.6,59.447,156.0,12.185,1,Start,Finish,55,39.53062950025715,2.697605200917792,792,64,11,53,
2026-03-26T10:25:32+00:00,39.52751231845468,2.689317064359784,92,2026-03-26T10:32:01.808747+00:00,413,1,2.709,62.156,162.54,7.983,1,Start,Finish,55,39.53062950025715,2.697605200917792,791,64,10,54,
2026-03-26T10:25:33+00:00,39.52753644436598,2.6893214508891106,93,2026-03-26T10:32:01.808747+00:00,413,1,2.709,64.865,162.54,7.983,1,Start,Finish,55,39.53062950025715,2.697605200917792,789,64,9,55,
2026-03-26T10:25:34+00:00,39.527560570277274,2.689325837418437,93,2026-03-26T10:32:01.808747+00:00,413,1,2.709,67.574,162.54,7.983,1,Start,Finish,55,39.53062950025715,2.697605200917792,788,64,9,55,
2026-03-26T10:25:35+00:00,39.52758469618857,2.689330223947763,93,2026-03-26T10:32:01.808747+00:00,413,1,2.709,70.283,162.54,7.983,1,Start,Finish,55,39.53062950025715,2.697605200917792,786,64,8,56,
2026-03-26T10:25:36+00:00,39.527608822099864,2.68933461047709,94,2026-03-26T10:32:01.808747+00:00,413,1,2.709,72.992,162.54,7.983,1,Start,Finish,55,39.53062950025715,2.697605200917792,785,65,7,58,
2026-03-26T10:25:37+00:00,39.52763294801116,2.6893389970064163,94,2026-03-26T10:32:01.808747+00:00,413,1,2.709,75.701,162.54,7.983,1,Start,Finish,55,39.53062950025715,2.697605200917792,783,65,7,58,
2026-03-26T10:25:38+00:00,39.52766044065356,2.6893419306725264,94,2026-03-26T10:32:01.808747+00:00,413,1,3.067,78.768,184.02,4.705,1,Start,Finish,55,39.53062950025715,2.697605200917792,782,65,7,58,
2026-03-26T10:25:39+00:00,39.527687933295965,2.6893448643386364,95,2026-03-26T10:32:01.808747+00:00,413,1,3.067,81.836,184.02,4.705,1,Start,Finish,55,39.53062950025715,2.697605200917792,780,65,6,59,
2026-03-26T10:25:40+00:00,39.527712254785,2.6893485384061933,95,2026-03-26T10:32:01.808747+00:00,413,1,2.723,84.558,163.38,6.646,1,Start,Finish,55,39.53062950025715,2.697605200917792,779,65,6,59,
2026-03-26T10:25:41+00:00,39.52773657627404,2.68935221247375,95,2026-03-26T10:32:01.808747+00:00,413,1,2.723,87.281,163.38,6.646,1,Start,Finish,55,39.53062950025715,2.697605200917792,777,66,6,60,
2026-03-26T10:25:42+00:00,39.52776089776307,2.689355886541307,95,2026-03-26T10:32:01.808747+00:00,413,1,2.723,90.004,163.38,6.646,1,Start,Finish,55,39.53062950025715,2.697605200917792,776,66,6,60,
2026-03-26T10:25:43+00:00,39.52778521925211,2.689359560608864,95,2026-03-26T10:32:01.808747+00:00,413,1,2.723,92.726,163.38,6.646,1,Start,Finish,55,39.53062950025715,2.697605200917792,775,66,8,58,
2026-03-26T10:25:44+00:00,39.527809540741146,2.6893632346764207,95,2026-03-26T10:32:01.808747+00:00,413,1,2.723,95.449,163.38,6.646,1,Start,Finish,55,39.53062950025715,2.697605200917792,773,66,9,57,
2026-03-26T10:25:45+00:00,39.52783386223018,2.6893669087439775,95,2026-03-26T10:32:01.808747+00:00,413,1,2.723,98.172,163.38,6.646,1,Start,Finish,55,39.53062950025715,2.697605200917792,772,66,10,56,
2026-03-26T10:25:46+00:00,39.52785629220307,2.689374318346381,95,2026-03-26T10:32:01.808747+00:00,413,1,2.574,100.746,154.44,14.295,1,Start,Finish,55,39.53062950025715,2.697605200917792,770,66,11,55,
2026-03-26T10:25:47+00:00,39.52787872217595,2.689381727948785,95,2026-03-26T10:32:01.808747+00:00,413,1,2.574,103.319,154.44,14.295,1,Start,Finish,55,39.53062950025715,2.697605200917792,769,67,12,55,
2026-03-26T10:25:48+00:00,39.52790115214884,2.6893891375511885,95,2026-03-26T10:32:01.808747+00:00,413,1,2.574,105.893,154.44,14.295,1,Start,Finish,55,39.53062950025715,2.697605200917792,767,67,14,53,
2026-03-26T10:25:49+00:00,39.52792358212173,2.689396547153592,95,2026-03-26T10:32:01.808747+00:00,413,1,2.574,108.467,154.44,14.295,1,Start,Finish,55,39.53062950025715,2.697605200917792,766,67,15,52,
2026-03-26T10:25:50+00:00,39.52794601209462,2.689403956755996,95,2026-03-26T10:32:01.808747+00:00,413,1,2.574,111.041,154.44,14.295,1,Start,Finish,55,39.53062950025715,2.697605200917792,764,67,15,52,
2026-03-26T10:25:51+00:00,39.52796875499189,2.6894128834828734,95,2026-03-26T10:32:01.808747+00:00,413,1,2.642,113.683,158.52,16.843,1,Start,Finish,55,39.53062950025715,2.697605200917792,762,67,16,51,
2026-03-26T10:25:52+00:00,39.52799149788916,2.689421810209751,95,2026-03-26T10:32:01.808747+00:00,413,1,2.642,116.325,158.52,16.843,1,Start,Finish,55,39.53062950025715,2.697605200917792,761,67,16,51,
2026-03-26T10:25:53+00:00,39.52801424078643,2.689430736936629,94,2026-03-26T10:32:01.808747+00:00,413,1,2.642,118.968,158.52,16.843,1,Start,Finish,55,39.53062950025715,2.697605200917792,759,67,16,51,
2026-03-26T10:25:54+00:00,39.528036983683705,2.6894396636635065,94,2026-03-26T10:32:01.808747+00:00,413,1,2.642,121.61,158.52,16.843,1,Start,Finish,55,39.53062950025715,2.697605200917792,757,68,16,52,
2026-03-26T10:25:55+00:00,39.52805972658098,2.689448590390384,94,2026-03-26T10:32:01.808747+00:00,413,1,2.642,124.252,158.52,16.843,1,Start,Finish,55,39.53062950025715,2.697605200917792,756,68,15,53,
2026-03-26T10:25:56+00:00,39.52808246947825,2.689457517117262,94,2026-03-26T10:32:01.808747+00:00,413,1,2.642,126.894,158.52,16.843,1,Start,Finish,55,39.53062950025715,2.697605200917792,754,68,14,54,
2026-03-26T10:25:57+00:00,39.52810526825488,2.689463049173355,94,2026-03-26T10:32:01.808747+00:00,413,1,2.579,129.473,154.74,10.601,1,Start,Finish,55,39.53062950025715,2.697605200917792,753,68,13,55,
2026-03-26T10:25:58+00:00,39.5281280670315,2.6894685812294483,93,2026-03-26T10:32:01.808747+00:00,413,1,2.579,132.053,154.74,10.601,1,Start,Finish,55,39.53062950025715,2.697605200917792,751,68,12,56,
2026-03-26T10:25:59+00:00,39.52815203927457,2.68947342177853,93,2026-03-26T10:32:01.808747+00:00,413,1,2.698,134.75,161.88,8.852,1,Start,Finish,55,39.53062950025715,2.697605200917792,750,68,10,58,
2026-03-26T10:26:00+00:00,39.52817601151765,2.689478262327611,94,2026-03-26T10:32:01.808747+00:00,413,1,2.698,137.448,161.88,8.852,1,Start,Finish,55,39.53062950025715,2.697605200917792,748,69,10,59,
2026-03-26T10:26:01+00:00,39.528199983760715,2.689483102876693,94,2026-03-26T10:32:01.808747+00:00,413,1,2.698,140.146,161.88,8.852,1,Start,Finish,55,39.53062950025715,2.697605200917792,747,69,11,58,
2026-03-26T10:26:02+00:00,39.528223956003785,2.6894879434257746,94,2026-03-26T10:32:01.808747+00:00,413,1,2.698,142.843,161.88,8.852,1,Start,Finish,55,39.53062950025715,2.697605200917792,746,69,11,58,
2026-03-26T10:26:03+00:00,39.528246469795704,2.6894951686263084,94,2026-03-26T10:32:01.808747+00:00,413,1,2.579,145.422,154.74,13.903,1,Start,Finish,55,39.53062950025715,2.697605200917792,744,69,12,57,
2026-03-26T10:26:04+00:00,39.52826898358762,2.6895023938268423,94,2026-03-26T10:32:01.808747+00:00,413,1,2.579,148.001,154.74,13.903,1,Start,Finish,55,39.53062950025715,2.697605200917792,743,69,12,57,
2026-03-26T10:26:05+00:00,39.52829149737954,2.689509619027376,95,2026-03-26T10:32:01.808747+00:00,413,1,2.579,150.58,154.74,13.903,1,Start,Finish,55,39.53062950025715,2.697605200917792,741,69,13,56,
2026-03-26T10:26:06+00:00,39.52831401117146,2.68951684422791,95,2026-03-26T10:32:01.808747+00:00,413,1,2.579,153.159,154.74,13.903,1,Start,Finish,55,39.53062950025715,2.697605200917792,740,70,13,57,
2026-03-26T10:26:07+00:00,39.52833652496338,2.689524069428444,95,2026-03-26T10:32:01.808747+00:00,413,1,2.579,155.738,154.74,13.903,1,Start,Finish,55,39.53062950025715,2.697605200917792,738,70,13,57,
2026-03-26T10:26:08+00:00,39.52835936564952,2.6895297272130847,96,2026-03-26T10:32:01.808747+00:00,413,1,2.586,158.324,155.16,10.816,1,Start,Finish,55,39.53062950025715,2.697605200917792,737,70,14,56,
2026-03-26T10:26:09+00:00,39.528382206335664,2.6895353849977255,96,2026-03-26T10:32:01.808747+00:00,413,1,2.586,160.91,155.16,10.816,1,Start,Finish,55,39.53062950025715,2.697605200917792,736,70,14,56,
2026-03-26T10:26:10+00:00,39.5284043205902,2.6895434176549315,96,2026-03-26T10:32:01.808747+00:00,413,1,2.554,163.463,153.24,15.651,1,Start,Finish,55,39.53062950025715,2.697605200917792,734,70,14,56,
2026-03-26T10:26:11+00:00,39.52842643484473,2.6895514503121376,96,2026-03-26T10:32:01.808747+00:00,413,1,2.554,166.017,153.24,15.651,1,Start,Finish,55,39.53062950025715,2.697605200917792,733,70,14,56,
2026-03-26T10:26:12+00:00,39.52844854909927,2.6895594829693437,96,2026-03-26T10:32:01.808747+00:00,413,1,2.554,168.571,153.24,15.651,1,Start,Finish,55,39.53062950025715,2.697605200917792,731,71,15,56,
2026-03-26T10:26:13+00:00,39.5284706633538,2.6895675156265497,96,2026-03-26T10:32:01.808747+00:00,413,1,2.554,171.124,153.24,15.651,1,Start,Finish,55,39.53062950025715,2.697605200917792,730,71,17,54,
2026-03-26T10:26:14+00:00,39.528492777608335,2.689575548283756,96,2026-03-26T10:32:01.808747+00:00,413,1,2.554,173.678,153.24,15.651,1,Start,Finish,55,39.53062950025715,2.697605200917792,728,71,18,53,
2026-03-26T10:26:15+00:00,39.52851489186287,2.689583580940962,96,2026-03-26T10:32:01.808747+00:00,413,1,2.554,176.232,153.24,15.651,1,Start,Finish,55,39.53062950025715,2.697605200917792,727,71,19,52,
2026-03-26T10:26:16+00:00,39.52853685244918,2.689595588017255,96,2026-03-26T10:32:01.808747+00:00,413,1,2.65,178.882,159.0,22.866,1,Start,Finish,55,39.53062950025715,2.697605200917792,725,71,20,51,
2026-03-26T10:26:17+00:00,39.52855881303549,2.6896075950935483,96,2026-03-26T10:32:01.808747+00:00,413,1,2.65,181.532,159.0,22.866,1,Start,Finish,55,39.53062950025715,2.697605200917792,724,71,21,50,
2026-03-26T10:26:18+00:00,39.5285807736218,2.6896196021698415,96,2026-03-26T10:32:01.808747+00:00,413,1,2.65,184.182,159.0,22.866,1,Start,Finish,55,39.53062950025715,2.697605200917792,722,72,21,51,
2026-03-26T10:26:19+00:00,39.52860273420811,2.6896316092461348,96,2026-03-26T10:32:01.808747+00:00,413,1,2.65,186.832,159.0,22.866,1,Start,Finish,55,39.53062950025715,2.697605200917792,720,72,22,50,
2026-03-26T10:26:20+00:00,39.52862938866019,2.689646277576685,96,2026-03-26T10:32:01.808747+00:00,413,1,3.22,190.052,193.2,22.999,1,Start,Finish,55,39.53062950025715,2.697605200917792,718,72,21,51,
2026-03-26T10:26:21+00:00,39.52865296974778,2.6896571181714535,96,2026-03-26T10:32:01.808747+00:00,413,1,2.782,192.834,166.92,19.524,1,Start,Finish,55,39.53062950025715,2.697605200917792,716,72,20,52,
2026-03-26T10:26:22+00:00,39.52867655083537,2.689667958766222,97,2026-03-26T10:32:01.808747+00:00,413,1,2.782,195.616,166.92,19.524,1,Start,Finish,55,39.53062950025715,2.697605200917792,715,72,19,53,
2026-03-26T10:26:23+00:00,39.52870013192296,2.6896787993609905,97,2026-03-26T10:32:01.808747+00:00,413,1,2.782,198.398,166.92,19.524,1,Start,Finish,55,39.53062950025715,2.697605200917792,713,72,18,54,
2026-03-26T10:26:24+00:00,39.52872347552329,2.6896871253848076,97,2026-03-26T10:32:01.808747+00:00,413,1,2.692,201.09,161.52,15.382,1,Start,Finish,55,39.53062950025715,2.697605200917792,711,73,17,56,
2026-03-26T10:26:25+00:00,39.528746819123626,2.6896954514086246,97,2026-03-26T10:32:01.808747+00:00,413,1,2.692,203.783,161.52,15.382,1,Start,Finish,55,39.53062950025715,2.697605200917792,710,73,17,56,
2026-03-26T10:26:26+00:00,39.52877016272396,2.6897037774324417,98,2026-03-26T10:32:01.808747+00:00,413,1,2.692,206.475,161.52,15.382,1,Start,Finish,55,39.53062950025715,2.697605200917792,708,73,16,57,
2026-03-26T10:26:27+00:00,39.52879350632429,2.6897121034562588,98,2026-03-26T10:32:01.808747+00:00,413,1,2.692,209.167,161.52,15.382,1,Start,Finish,55,39.53062950025715,2.697605200917792,707,73,15,58,
2026-03-26T10:26:28+00:00,39.528816849924624,2.689720429480076,98,2026-03-26T10:32:01.808747+00:00,413,1,2.692,211.859,161.52,15.382,1,Start,Finish,55,39.53062950025715,2.697605200917792,706,73,15,58,
2026-03-26T10:26:29+00:00,39.52884019352496,2.689728755503893,98,2026-03-26T10:32:01.808747+00:00,413,1,2.692,214.551,161.52,15.382,1,Start,Finish,55,39.53062950025715,2.697605200917792,704,74,16,58,
2026-03-26T10:26:30+00:00,39.52886315993965,2.6897370535880327,99,2026-03-26T10:32:01.808747+00:00,413,1,2.651,217.202,159.06,15.572,1,Start,Finish,55,39.53062950025715,2.697605200917792,703,74,16,58,
2026-03-26T10:26:31+00:00,39.52888679690659,2.689745742827654,99,2026-03-26T10:32:01.808747+00:00,413,1,2.732,219.934,163.92,15.83,1,Start,Finish,55,39.53062950025715,2.697605200917792,701,74,16,58,
2026-03-26T10:26:32+00:00,39.528910433873534,2.689754432067275,99,2026-03-26T10:32:01.808747+00:00,413,1,2.732,222.666,163.92,15.83,1,Start,Finish,55,39.53062950025715,2.697605200917792,700,74,16,58,
2026-03-26T10:26:33+00:00,39.52893407084048,2.689763121306896,99,2026-03-26T10:32:01.808747+00:00,413,1,2.732,225.398,163.92,15.83,1,Start,Finish,55,39.53062950025715,2.697605200917792,698,74,16,58,
2026-03-26T10:26:34+00:00,39.52895770780742,2.689771810546518,99,2026-03-26T10:32:01.808747+00:00,413,1,2.732,228.13,163.92,15.83,1,Start,Finish,55,39.53062950025715,2.697605200917792,697,75,16,59,
2026-03-26T10:26:35+00:00,39.528981344774365,2.6897804997861385,99,2026-03-26T10:32:01.808747+00:00,413,1,2.732,230.862,163.92,15.83,1,Start,Finish,55,39.53062950025715,2.697605200917792,696,75,15,60,
2026-03-26T10:26:36+00:00,39.52900498174131,2.6897891890257597,99,2026-03-26T10:32:01.808747+00:00,413,1,2.732,233.594,163.92,15.83,1,Start,Finish,55,39.53062950025715,2.697605200917792,694,75,15,60,
2026-03-26T10:26:37+00:00,39.529029303230345,2.6897968305274844,99,2026-03-26T10:32:01.808747+00:00,413,1,2.783,236.376,166.98,13.622,1,Start,Finish,55,39.53062950025715,2.697605200917792,693,75,15,60,
2026-03-26T10:26:38+00:00,39.52905362471938,2.689804472029209,98,2026-03-26T10:32:01.808747+00:00,413,1,2.783,239.159,166.98,13.622,1,Start,Finish,55,39.53062950025715,2.697605200917792,692,75,14,61,
2026-03-26T10:26:39+00:00,39.52907794620842,2.689812113530934,98,2026-03-26T10:32:01.808747+00:00,413,1,2.783,241.942,166.98,13.622,1,Start,Finish,55,39.53062950025715,2.697605200917792,690,76,14,62,
2026-03-26T10:26:40+00:00,39.52910226769745,2.6898197550326586,98,2026-03-26T10:32:01.808747+00:00,413,1,2.783,244.724,166.98,13.622,1,Start,Finish,55,39.53062950025715,2.697605200917792,689,76,13,63,
2026-03-26T10:26:41+00:00,39.52912658918649,2.6898273965343833,97,2026-03-26T10:32:01.808747+00:00,413,1,2.783,247.507,166.98,13.622,1,Start,Finish,55,39.53062950025715,2.697605200917792,688,76,13,63,
2026-03-26T10:26:42+00:00,39.529150910675526,2.689835038036108,97,2026-03-26T10:32:01.808747+00:00,413,1,2.783,250.29,166.98,13.622,1,Start,Finish,55,39.53062950025715,2.697605200917792,686,76,13,63,
2026-03-26T10:26:43+00:00,39.52917488291859,2.689839731901884,99,2026-03-26T10:32:01.808747+00:00,413,1,2.696,252.986,161.76,8.588,1,Start,Finish,55,39.53062950025715,2.697605200917792,685,76,13,63,
2026-03-26T10:26:44+00:00,39.52919740229845,2.689847177825868,99,2026-03-26T10:32:01.808747+00:00,413,1,2.584,255.57,155.04,14.307,1,Start,Finish,55,39.53062950025715,2.697605200917792,684,77,13,64,
2026-03-26T10:26:45+00:00,39.529219921678305,2.689854623749852,99,2026-03-26T10:32:01.808747+00:00,413,1,2.584,258.154,155.04,14.307,1,Start,Finish,55,39.53062950025715,2.697605200917792,683,77,13,64,
2026-03-26T10:26:46+00:00,39.52924244105816,2.689862069673836,99,2026-03-26T10:32:01.808747+00:00,413,1,2.584,260.738,155.04,14.307,1,Start,Finish,55,39.53062950025715,2.697605200917792,682,77,13,64,
2026-03-26T10:26:47+00:00,39.52926496043801,2.6898695155978203,99,2026-03-26T10:32:01.808747+00:00,413,1,2.584,263.322,155.04,14.307,1,Start,Finish,55,39.53062950025715,2.697605200917792,681,77,14,63,
2026-03-26T10:26:48+00:00,39.52928747981787,2.6898769615218043,99,2026-03-26T10:32:01.808747+00:00,413,1,2.584,265.907,155.04,14.307,1,Start,Finish,55,39.53062950025715,2.697605200917792,679,77,14,63,
2026-03-26T10:26:49+00:00,39.52930999919772,2.6898844074457884,99,2026-03-26T10:32:01.808747+00:00,413,1,2.584,268.491,155.04,14.307,1,Start,Finish,55,39.53062950025715,2.697605200917792,678,78,14,64,
2026-03-26T10:26:50+00:00,39.529334949329495,2.6898928452283144,98,2026-03-26T10:32:01.808747+00:00,413,1,2.867,271.358,172.02,14.619,1,Start,Finish,55,39.53062950025715,2.697605200917792,677,78,16,62,
2026-03-26T10:26:51+00:00,39.52935989946127,2.6899012830108404,97,2026-03-26T10:32:01.808747+00:00,413,1,2.867,274.225,172.02,14.619,1,Start,Finish,55,39.53062950025715,2.697605200917792,676,78,16,62,
2026-03-26T10:26:52+00:00,39.52938484959304,2.6899097207933664,96,2026-03-26T10:32:01.808747+00:00,413,1,2.867,277.092,172.02,14.619,1,Start,Finish,55,39.53062950025715,2.697605200917792,674,78,16,62,
2026-03-26T10:26:53+00:00,39.52940823510289,2.689923383295536,96,2026-03-26T10:32:01.808747+00:00,413,1,2.852,279.944,171.12,24.257,1,Start,Finish,55,39.53062950025715,2.697605200917792,673,78,16,62,
2026-03-26T10:26:54+00:00,39.529430349357426,2.689931010827422,96,2026-03-26T10:32:01.808747+00:00,413,1,2.545,282.489,152.7,14.897,1,Start,Finish,55,39.53062950025715,2.697605200917792,672,79,16,63,
2026-03-26T10:26:55+00:00,39.52945246361196,2.689938638359308,96,2026-03-26T10:32:01.808747+00:00,413,1,2.545,285.034,152.7,14.897,1,Start,Finish,55,39.53062950025715,2.697605200917792,670,79,16,63,
2026-03-26T10:26:56+00:00,39.529474577866495,2.6899462658911943,96,2026-03-26T10:32:01.808747+00:00,413,1,2.545,287.578,152.7,14.897,1,Start,Finish,55,39.53062950025715,2.697605200917792,669,79,16,63,
2026-03-26T10:26:57+00:00,39.52949669212103,2.6899538934230804,96,2026-03-26T10:32:01.808747+00:00,413,1,2.545,290.123,152.7,14.897,1,Start,Finish,55,39.53062950025715,2.697605200917792,668,79,14,65,
2026-03-26T10:26:58+00:00,39.52951880637556,2.6899615209549665,96,2026-03-26T10:32:01.808747+00:00,413,1,2.545,292.667,152.7,14.897,1,Start,Finish,55,39.53062950025715,2.697605200917792,667,79,13,66,
2026-03-26T10:26:59+00:00,39.5295409206301,2.6899691484868526,96,2026-03-26T10:32:01.808747+00:00,413,1,2.545,295.212,152.7,14.897,1,Start,Finish,55,39.53062950025715,2.697605200917792,666,80,12,68,
2026-03-26T10:27:00+00:00,39.52956489287317,2.689973108936101,96,2026-03-26T10:32:01.808747+00:00,413,1,2.687,297.899,161.22,7.262,1,Start,Finish,55,39.53062950025715,2.697605200917792,665,80,11,69,
2026-03-26T10:27:01+00:00,39.52958886511624,2.6899770693853498,95,2026-03-26T10:32:01.808747+00:00,413,1,2.687,300.586,161.22,7.262,1,Start,Finish,55,39.53062950025715,2.697605200917792,664,80,12,68,
2026-03-26T10:27:02+00:00,39.52961283735931,2.6899810298345983,94,2026-03-26T10:32:01.808747+00:00,413,1,2.687,303.273,161.22,7.262,1,Start,Finish,55,39.53062950025715,2.697605200917792,664,80,13,67,
2026-03-26T10:27:03+00:00,39.52963680960238,2.689984990283847,94,2026-03-26T10:32:01.808747+00:00,413,1,2.687,305.96,161.22,7.262,1,Start,Finish,55,39.53062950025715,2.697605200917792,663,80,28,52,
2026-03-26T10:27:04+00:00,39.52966086566448,2.689988510683179,94,2026-03-26T10:32:01.808747+00:00,413,1,2.692,308.652,161.52,6.44,1,Start,Finish,55,39.53062950025715,2.697605200917792,662,81,39,42,
2026-03-26T10:27:05+00:00,39.52967582736164,2.6899991557002068,94,2026-03-26T10:32:01.808747+00:00,413,1,1.898,310.55,113.88,28.756,1,Start,Finish,55,39.53062950025715,2.697605200917792,661,81,39,42,
2026-03-26T10:27:06+00:00,39.529690789058805,2.6900098007172346,93,2026-03-26T10:32:01.808747+00:00,413,1,1.898,312.447,113.88,28.756,1,Start,Finish,55,39.53062950025715,2.697605200917792,660,81,51,30,
2026-03-26T10:27:07+00:00,39.52969321981072,2.690024385228753,93,2026-03-26T10:32:01.808747+00:00,413,1,1.28,313.727,76.8,77.807,1,Start,Finish,55,39.53062950025715,2.697605200917792,658,81,57,24,
2026-03-26T10:27:08+00:00,39.52968827448785,2.690045339986682,93,2026-03-26T10:32:01.808747+00:00,413,1,1.879,315.607,112.74,107.013,1,Start,Finish,55,39.53062950025715,2.697605200917792,657,81,63,18,
2026-03-26T10:27:09+00:00,39.529683681204915,2.690078666433692,93,2026-03-26T10:32:01.808747+00:00,413,1,2.903,318.51,174.18,100.132,1,Start,Finish,55,39.53062950025715,2.697605200917792,654,81,74,7,
2026-03-26T10:27:10+00:00,39.52967908792198,2.690111992880702,92,2026-03-26T10:32:01.808747+00:00,413,1,2.903,321.414,174.18,100.132,1,Start,Finish,55,39.53062950025715,2.697605200917792,651,81,91,10,
2026-03-26T10:27:11+00:00,39.52967449463904,2.690145319327712,92,2026-03-26T10:32:01.808747+00:00,413,1,2.903,324.317,174.18,100.132,1,Start,Finish,55,39.53062950025715,2.697605200917792,649,81,101,20,
2026-03-26T10:27:12+00:00,39.5296699013561,2.690178645774722,91,2026-03-26T10:32:01.808747+00:00,413,1,2.903,327.221,174.18,100.132,1,Start,Finish,55,39.53062950025715,2.697605200917792,646,80,100,20,
2026-03-26T10:27:13+00:00,39.52966530807316,2.690211972221732,91,2026-03-26T10:32:01.808747+00:00,413,1,2.903,330.124,174.18,100.132,1,Start,Finish,55,39.53062950025715,2.697605200917792,643,80,100,20,
2026-03-26T10:27:14+00:00,39.529661536216736,2.690242398530245,91,2026-03-26T10:32:01.808747+00:00,413,1,2.643,332.767,158.58,99.131,1,Start,Finish,55,39.53062950025715,2.697605200917792,641,80,100,20,
2026-03-26T10:27:15+00:00,39.52965776436031,2.6902728248387575,91,2026-03-26T10:32:01.808747+00:00,413,1,2.643,335.41,158.58,99.131,1,Start,Finish,55,39.53062950025715,2.697605200917792,638,80,99,19,
2026-03-26T10:27:16+00:00,39.52965399250388,2.69030325114727,92,2026-03-26T10:32:01.808747+00:00,413,1,2.643,338.053,158.58,99.131,1,Start,Finish,55,39.53062950025715,2.697605200917792,636,80,99,19,
2026-03-26T10:27:17+00:00,39.529650220647454,2.690333677455783,92,2026-03-26T10:32:01.808747+00:00,413,1,2.643,340.696,158.58,99.131,1,Start,Finish,55,39.53062950025715,2.697605200917792,633,80,99,19,
2026-03-26T10:27:18+00:00,39.52964644879103,2.6903641037642956,92,2026-03-26T10:32:01.808747+00:00,413,1,2.643,343.339,158.58,99.131,1,Start,Finish,55,39.53062950025715,2.697605200917792,631,80,99,19,
2026-03-26T10:27:19+00:00,39.5296426769346,2.6903945300728083,92,2026-03-26T10:32:01.808747+00:00,413,1,2.643,345.982,158.58,99.131,1,Start,Finish,55,39.53062950025715,2.697605200917792,628,80,99,19,
2026-03-26T10:27:20+00:00,39.5296392403543,2.6904272753745317,93,2026-03-26T10:32:01.808747+00:00,413,1,2.834,348.816,170.04,97.749,1,Start,Finish,55,39.53062950025715,2.697605200917792,625,80,98,18,
2026-03-26T10:27:21+00:00,39.529635803774,2.6904600206762552,95,2026-03-26T10:32:01.808747+00:00,413,1,2.834,351.65,170.04,97.749,1,Start,Finish,55,39.53062950025715,2.697605200917792,623,80,99,19,
2026-03-26T10:27:22+00:00,39.5296323671937,2.6904927659779787,96,2026-03-26T10:32:01.808747+00:00,413,1,2.834,354.485,170.04,97.749,1,Start,Finish,55,39.53062950025715,2.697605200917792,620,80,98,18,
2026-03-26T10:27:23+00:00,39.52962951734662,2.690523862838745,92,2026-03-26T10:32:01.808747+00:00,413,1,2.686,357.17,161.16,96.776,1,Start,Finish,55,39.53062950025715,2.697605200917792,617,80,98,18,
2026-03-26T10:27:24+00:00,39.52962423674762,2.690557222813368,94,2026-03-26T10:32:01.808747+00:00,413,1,2.921,360.091,175.26,101.598,1,Start,Finish,55,39.53062950025715,2.697605200917792,615,80,98,18,
2026-03-26T10:27:25+00:00,39.52962113544345,2.6905883755534887,93,2026-03-26T10:32:01.808747+00:00,413,1,2.694,362.785,161.64,97.355,1,Start,Finish,55,39.53062950025715,2.697605200917792,612,79,98,19,
2026-03-26T10:27:26+00:00,39.52961803413928,2.6906195282936096,93,2026-03-26T10:32:01.808747+00:00,413,1,2.694,365.479,161.64,97.355,1,Start,Finish,55,39.53062950025715,2.697605200917792,610,79,97,18,
2026-03-26T10:27:27+00:00,39.5296149328351,2.6906506810337305,92,2026-03-26T10:32:01.808747+00:00,413,1,2.694,368.173,161.64,97.355,1,Start,Finish,55,39.53062950025715,2.697605200917792,607,79,97,18,
2026-03-26T10:27:28+00:00,39.52961225062609,2.690678760409355,90,2026-03-26T10:32:01.808747+00:00,413,1,2.427,370.6,145.62,97.06,1,Start,Finish,55,39.53062950025715,2.697605200917792,605,79,95,16,
2026-03-26T10:27:29+00:00,39.52961097937077,2.6907101925462484,90,2026-03-26T10:32:01.808747+00:00,413,1,2.699,373.299,161.94,93.002,1,Start,Finish,55,39.53062950025715,2.697605200917792,602,79,95,16,
2026-03-26T10:27:30+00:00,39.52960970811546,2.6907416246831417,90,2026-03-26T10:32:01.808747+00:00,413,1,2.699,375.998,161.94,93.002,1,Start,Finish,55,39.53062950025715,2.697605200917792,599,79,94,15,
2026-03-26T10:27:31+00:00,39.529608436860144,2.690773056820035,90,2026-03-26T10:32:01.808747+00:00,413,1,2.699,378.698,161.94,93.002,1,Start,Finish,55,39.53062950025715,2.697605200917792,597,79,94,15,
2026-03-26T10:27:32+00:00,39.52960716560483,2.6908044889569283,91,2026-03-26T10:32:01.808747+00:00,413,1,2.699,381.397,161.94,93.002,1,Start,Finish,55,39.53062950025715,2.697605200917792,594,79,92,13,
2026-03-26T10:27:33+00:00,39.529605894349515,2.6908359210938215,91,2026-03-26T10:32:01.808747+00:00,413,1,2.699,384.097,161.94,93.002,1,Start,Finish,55,39.53062950025715,2.697605200917792,592,79,92,13,
2026-03-26T10:27:34+00:00,39.5296046230942,2.690867353230715,91,2026-03-26T10:32:01.808747+00:00,413,1,2.699,386.796,161.94,93.002,1,Start,Finish,55,39.53062950025715,2.697605200917792,589,79,92,13,
2026-03-26T10:27:35+00:00,39.52960596419871,2.6908998750150204,91,2026-03-26T10:32:01.808747+00:00,413,1,2.793,389.589,167.58,86.94,1,Start,Finish,55,39.53062950025715,2.697605200917792,586,79,92,13,
2026-03-26T10:27:36+00:00,39.52960431575775,2.6909328438341618,90,2026-03-26T10:32:01.808747+00:00,413,1,2.833,392.423,169.98,93.709,1,Start,Finish,55,39.53062950025715,2.697605200917792,583,79,94,15,
2026-03-26T10:27:37+00:00,39.529602667316794,2.690965812653303,89,2026-03-26T10:32:01.808747+00:00,413,1,2.833,395.256,169.98,93.709,1,Start,Finish,55,39.53062950025715,2.697605200917792,581,79,95,16,
2026-03-26T10:27:38+00:00,39.52960101887584,2.6909987814724445,88,2026-03-26T10:32:01.808747+00:00,413,1,2.833,398.09,169.98,93.709,1,Start,Finish,55,39.53062950025715,2.697605200917792,578,79,97,18,
2026-03-26T10:27:39+00:00,39.52959526889026,2.6910306829959154,88,2026-03-26T10:32:01.808747+00:00,413,1,2.81,400.9,168.6,103.153,1,Start,Finish,55,39.53062950025715,2.697605200917792,575,78,99,21,
2026-03-26T10:27:40+00:00,39.529589518904686,2.6910625845193863,88,2026-03-26T10:32:01.808747+00:00,413,1,2.81,403.709,168.6,103.153,1,Start,Finish,55,39.53062950025715,2.697605200917792,573,78,100,22,
2026-03-26T10:27:41+00:00,39.52958376891911,2.691094486042857,88,2026-03-26T10:32:01.808747+00:00,413,1,2.81,406.519,168.6,103.153,1,Start,Finish,55,39.53062950025715,2.697605200917792,570,78,101,23,
2026-03-26T10:27:42+00:00,39.529578018933535,2.691126387566328,88,2026-03-26T10:32:01.808747+00:00,413,1,2.81,409.329,168.6,103.153,1,Start,Finish,55,39.53062950025715,2.697605200917792,568,78,101,23,
2026-03-26T10:27:43+00:00,39.52957226894796,2.691158289089799,88,2026-03-26T10:32:01.808747+00:00,413,1,2.81,412.139,168.6,103.153,1,Start,Finish,55,39.53062950025715,2.697605200917792,565,78,100,22,
2026-03-26T10:27:44+00:00,39.529569377191365,2.6911921380087733,88,2026-03-26T10:32:01.808747+00:00,413,1,2.921,415.059,175.26,96.32,1,Start,Finish,55,39.53062950025715,2.697605200917792,562,78,99,21,
2026-03-26T10:27:45+00:00,39.52956648543477,2.6912259869277477,88,2026-03-26T10:32:01.808747+00:00,413,1,2.921,417.98,175.26,96.32,1,Start,Finish,55,39.53062950025715,2.697605200917792,560,78,98,20,
2026-03-26T10:27:46+00:00,39.529563593678176,2.691259835846722,88,2026-03-26T10:32:01.808747+00:00,413,1,2.921,420.901,175.26,96.32,1,Start,Finish,55,39.53062950025715,2.697605200917792,557,78,97,19,
2026-03-26T10:27:47+00:00,39.52956070192158,2.6912936847656965,88,2026-03-26T10:32:01.808747+00:00,413,1,2.921,423.822,175.26,96.32,1,Start,Finish,55,39.53062950025715,2.697605200917792,554,78,96,18,
2026-03-26T10:27:48+00:00,39.52955781016499,2.691327533684671,88,2026-03-26T10:32:01.808747+00:00,413,1,2.921,426.742,175.26,96.32,1,Start,Finish,55,39.53062950025715,2.697605200917792,551,78,96,18,
2026-03-26T10:27:49+00:00,39.529554918408394,2.6913613826036453,88,2026-03-26T10:32:01.808747+00:00,413,1,2.921,429.663,175.26,96.32,1,Start,Finish,55,39.53062950025715,2.697605200917792,549,77,96,19,
2026-03-26T10:27:50+00:00,39.52955223619938,2.691393233835697,88,2026-03-26T10:32:01.808747+00:00,413,1,2.748,432.411,164.88,96.231,1,Start,Finish,55,39.53062950025715,2.697605200917792,546,77,96,19,
2026-03-26T10:27:51+00:00,39.52954955399037,2.691425085067749,88,2026-03-26T10:32:01.808747+00:00,413,1,2.748,435.159,164.88,96.231,1,Start,Finish,55,39.53062950025715,2.697605200917792,543,77,96,19,
2026-03-26T10:27:52+00:00,39.52954687178135,2.691456936299801,88,2026-03-26T10:32:01.808747+00:00,413,1,2.748,437.907,164.88,96.231,1,Start,Finish,55,39.53062950025715,2.697605200917792,541,77,97,20,
2026-03-26T10:27:53+00:00,39.529544189572334,2.6914887875318527,88,2026-03-26T10:32:01.808747+00:00,413,1,2.748,440.655,164.88,96.231,1,Start,Finish,55,39.53062950025715,2.697605200917792,538,77,97,20,
2026-03-26T10:27:54+00:00,39.52954150736332,2.691520638763905,88,2026-03-26T10:32:01.808747+00:00,413,1,2.748,443.403,164.88,96.231,1,Start,Finish,55,39.53062950025715,2.697605200917792,536,77,97,20,
2026-03-26T10:27:55+00:00,39.52953706495464,2.6915518194437027,88,2026-03-26T10:32:01.808747+00:00,413,1,2.719,446.122,163.14,100.466,1,Start,Finish,55,39.53062950025715,2.697605200917792,533,77,98,21,
2026-03-26T10:27:56+00:00,39.52953463420272,2.6915815751999617,89,2026-03-26T10:32:01.808747+00:00,413,1,2.566,448.689,153.96,96.046,1,Start,Finish,55,39.53062950025715,2.697605200917792,531,77,99,22,
2026-03-26T10:27:57+00:00,39.529530527070165,2.6916127977892756,89,2026-03-26T10:32:01.808747+00:00,413,1,2.716,451.405,162.96,99.679,1,Start,Finish,55,39.53062950025715,2.697605200917792,528,77,100,23,
2026-03-26T10:27:58+00:00,39.52952641993761,2.6916440203785896,89,2026-03-26T10:32:01.808747+00:00,413,1,2.716,454.121,162.96,99.679,1,Start,Finish,55,39.53062950025715,2.697605200917792,526,77,101,24,
2026-03-26T10:27:59+00:00,39.52952044084668,2.69167467020452,89,2026-03-26T10:32:01.808747+00:00,413,1,2.711,456.833,162.66,104.194,1,Start,Finish,55,39.53062950025715,2.697605200917792,523,76,102,26,
2026-03-26T10:28:00+00:00,39.52951446175575,2.691705320030451,89,2026-03-26T10:32:01.808747+00:00,413,1,2.711,459.544,162.66,104.194,1,Start,Finish,55,39.53062950025715,2.697605200917792,521,76,103,27,
2026-03-26T10:28:01+00:00,39.52950848266482,2.6917359698563814,90,2026-03-26T10:32:01.808747+00:00,413,1,2.711,462.256,162.66,104.194,1,Start,Finish,55,39.53062950025715,2.697605200917792,519,76,104,28,
2026-03-26T10:28:02+00:00,39.529502503573895,2.691766619682312,90,2026-03-26T10:32:01.808747+00:00,413,1,2.711,464.967,162.66,104.194,1,Start,Finish,55,39.53062950025715,2.697605200917792,516,76,104,28,
2026-03-26T10:28:03+00:00,39.529496524482965,2.6917972695082426,90,2026-03-26T10:32:01.808747+00:00,413,1,2.711,467.679,162.66,104.194,1,Start,Finish,55,39.53062950025715,2.697605200917792,514,76,103,27,
2026-03-26T10:28:04+00:00,39.52949054539203,2.691827919334173,90,2026-03-26T10:32:01.808747+00:00,413,1,2.711,470.39,162.66,104.194,1,Start,Finish,55,39.53062950025715,2.697605200917792,511,76,102,26,
2026-03-26T10:28:05+00:00,39.52948601916432,2.6918596867471933,90,2026-03-26T10:32:01.808747+00:00,413,1,2.771,473.161,166.26,100.466,1,Start,Finish,55,39.53062950025715,2.697605200917792,509,76,100,24,
2026-03-26T10:28:06+00:00,39.52948149293661,2.6918914541602135,91,2026-03-26T10:32:01.808747+00:00,413,1,2.771,475.931,166.26,100.466,1,Start,Finish,55,39.53062950025715,2.697605200917792,506,75,99,24,
2026-03-26T10:28:07+00:00,39.52947897836566,2.691921293735504,91,2026-03-26T10:32:01.808747+00:00,413,1,2.574,478.506,154.44,96.235,1,Start,Finish,55,39.53062950025715,2.697605200917792,504,75,97,22,
2026-03-26T10:28:08+00:00,39.529478112235665,2.6919510075822473,91,2026-03-26T10:32:01.808747+00:00,413,1,2.55,481.056,153.0,92.164,1,Start,Finish,55,39.53062950025715,2.697605200917792,502,75,95,20,
2026-03-26T10:28:09+00:00,39.52947724610567,2.6919807214289904,91,2026-03-26T10:32:01.808747+00:00,413,1,2.55,483.606,153.0,92.164,1,Start,Finish,55,39.53062950025715,2.697605200917792,499,75,94,19,
2026-03-26T10:28:10+00:00,39.52947637997568,2.6920104352757335,90,2026-03-26T10:32:01.808747+00:00,413,1,2.55,486.156,153.0,92.164,1,Start,Finish,55,39.53062950025715,2.697605200917792,497,75,93,18,
2026-03-26T10:28:11+00:00,39.52947551384568,2.692040149122477,90,2026-03-26T10:32:01.808747+00:00,413,1,2.55,488.707,153.0,92.164,1,Start,Finish,55,39.53062950025715,2.697605200917792,494,75,93,18,
2026-03-26T10:28:12+00:00,39.52947464771569,2.6920698629692197,90,2026-03-26T10:32:01.808747+00:00,413,1,2.55,491.257,153.0,92.164,1,Start,Finish,55,39.53062950025715,2.697605200917792,492,75,93,18,
2026-03-26T10:28:13+00:00,39.52947378158569,2.692099576815963,90,2026-03-26T10:32:01.808747+00:00,413,1,2.55,493.807,153.0,92.164,1,Start,Finish,55,39.53062950025715,2.697605200917792,489,75,93,18,
2026-03-26T10:28:14+00:00,39.52947157435119,2.69213137216866,90,2026-03-26T10:32:01.808747+00:00,413,1,2.738,496.545,164.28,95.143,1,Start,Finish,55,39.53062950025715,2.697605200917792,487,75,94,19,
2026-03-26T10:28:15+00:00,39.52946936711669,2.6921631675213575,90,2026-03-26T10:32:01.808747+00:00,413,1,2.738,499.283,164.28,95.143,1,Start,Finish,55,39.53062950025715,2.697605200917792,484,75,94,19,
2026-03-26T10:28:16+00:00,39.52946715988219,2.692194962874055,90,2026-03-26T10:32:01.808747+00:00,413,1,2.738,502.021,164.28,95.143,1,Start,Finish,55,39.53062950025715,2.697605200917792,482,74,95,21,
2026-03-26T10:28:17+00:00,39.52946489676833,2.692225961945951,90,2026-03-26T10:32:01.808747+00:00,413,1,2.67,504.691,160.2,95.407,1,Start,Finish,55,39.53062950025715,2.697605200917792,479,74,95,21,
2026-03-26T10:28:18+00:00,39.529462633654475,2.692256961017847,90,2026-03-26T10:32:01.808747+00:00,413,1,2.67,507.362,160.2,95.407,1,Start,Finish,55,39.53062950025715,2.697605200917792,477,74,95,21,
2026-03-26T10:28:19+00:00,39.52946037054062,2.692287960089743,90,2026-03-26T10:32:01.808747+00:00,413,1,2.67,510.032,160.2,95.407,1,Start,Finish,55,39.53062950025715,2.697605200917792,474,74,95,21,
2026-03-26T10:28:20+00:00,39.52945810742676,2.692318959161639,89,2026-03-26T10:32:01.808747+00:00,413,1,2.67,512.703,160.2,95.407,1,Start,Finish,55,39.53062950025715,2.697605200917792,472,74,95,21,
2026-03-26T10:28:21+00:00,39.529455844312906,2.6923499582335353,89,2026-03-26T10:32:01.808747+00:00,413,1,2.67,515.373,160.2,95.407,1,Start,Finish,55,39.53062950025715,2.697605200917792,469,74,95,21,
2026-03-26T10:28:22+00:00,39.52945358119905,2.6923809573054314,89,2026-03-26T10:32:01.808747+00:00,413,1,2.67,518.044,160.2,95.407,1,Start,Finish,55,39.53062950025715,2.697605200917792,467,74,95,21,
2026-03-26T10:28:23+00:00,39.52945156954229,2.6924115791916847,90,2026-03-26T10:32:01.808747+00:00,413,1,2.636,520.679,158.16,94.868,1,Start,Finish,55,39.53062950025715,2.697605200917792,464,74,95,21,
2026-03-26T10:28:24+00:00,39.52944955788553,2.692442201077938,90,2026-03-26T10:32:01.808747+00:00,413,1,2.636,523.315,158.16,94.868,1,Start,Finish,55,39.53062950025715,2.697605200917792,462,73,95,22,
2026-03-26T10:28:25+00:00,39.529447546228766,2.692472822964191,91,2026-03-26T10:32:01.808747+00:00,413,1,2.636,525.951,158.16,94.868,1,Start,Finish,55,39.53062950025715,2.697605200917792,459,73,96,23,
2026-03-26T10:28:26+00:00,39.529444847255945,2.692503349855542,90,2026-03-26T10:32:01.808747+00:00,413,1,2.635,528.586,158.1,96.539,1,Start,Finish,55,39.53062950025715,2.697605200917792,457,73,96,23,
2026-03-26T10:28:27+00:00,39.52944214828312,2.692533876746893,90,2026-03-26T10:32:01.808747+00:00,413,1,2.635,531.222,158.1,96.539,1,Start,Finish,55,39.53062950025715,2.697605200917792,455,73,96,23,
2026-03-26T10:28:28+00:00,39.5294394493103,2.6925644036382437,89,2026-03-26T10:32:01.808747+00:00,413,1,2.635,533.857,158.1,96.539,1,Start,Finish,55,39.53062950025715,2.697605200917792,452,73,97,24,
2026-03-26T10:28:29+00:00,39.52943675033748,2.6925949305295944,89,2026-03-26T10:32:01.808747+00:00,413,1,2.635,536.492,158.1,96.539,1,Start,Finish,55,39.53062950025715,2.697605200917792,450,73,97,24,
2026-03-26T10:28:30+00:00,39.52943405136466,2.692625457420945,88,2026-03-26T10:32:01.808747+00:00,413,1,2.635,539.127,158.1,96.539,1,Start,Finish,55,39.53062950025715,2.697605200917792,447,73,98,25,
2026-03-26T10:28:31+00:00,39.52942997217178,2.6926577277481556,89,2026-03-26T10:32:01.808747+00:00,413,1,2.805,541.932,168.3,99.307,1,Start,Finish,55,39.53062950025715,2.697605200917792,445,73,98,25,
2026-03-26T10:28:32+00:00,39.52942589297891,2.692689998075366,91,2026-03-26T10:32:01.808747+00:00,413,1,2.805,544.736,168.3,99.307,1,Start,Finish,55,39.53062950025715,2.697605200917792,442,72,99,27,
2026-03-26T10:28:33+00:00,39.52942181378603,2.6927222684025764,92,2026-03-26T10:32:01.808747+00:00,413,1,2.805,547.541,168.3,99.307,1,Start,Finish,55,39.53062950025715,2.697605200917792,440,72,101,29,
2026-03-26T10:28:34+00:00,39.52941695228219,2.6927561312913895,89,2026-03-26T10:32:01.808747+00:00,413,1,2.954,550.495,177.24,100.544,1,Start,Finish,55,39.53062950025715,2.697605200917792,437,72,102,30,
2026-03-26T10:28:35+00:00,39.52941088937223,2.6927866134792566,90,2026-03-26T10:32:01.808747+00:00,413,1,2.7,553.195,162.0,104.46,1,Start,Finish,55,39.53062950025715,2.697605200917792,435,72,102,30,
2026-03-26T10:28:36+00:00,39.52940482646227,2.692817095667124,90,2026-03-26T10:32:01.808747+00:00,413,1,2.7,555.895,162.0,104.46,1,Start,Finish,55,39.53062950025715,2.697605200917792,433,72,102,30,
2026-03-26T10:28:37+00:00,39.52939876355231,2.692847577854991,91,2026-03-26T10:32:01.808747+00:00,413,1,2.7,558.595,162.0,104.46,1,Start,Finish,55,39.53062950025715,2.697605200917792,430,71,102,31,
2026-03-26T10:28:38+00:00,39.52939471229911,2.6928768306970596,91,2026-03-26T10:32:01.808747+00:00,413,1,2.549,561.144,152.94,100.179,1,Start,Finish,55,39.53062950025715,2.697605200917792,428,71,102,31,
2026-03-26T10:28:39+00:00,39.52939066104591,2.6929060835391283,91,2026-03-26T10:32:01.808747+00:00,413,1,2.549,563.693,152.94,100.179,1,Start,Finish,55,39.53062950025715,2.697605200917792,426,71,101,30,
2026-03-26T10:28:40+00:00,39.52938660979271,2.692935336381197,92,2026-03-26T10:32:01.808747+00:00,413,1,2.549,566.242,152.94,100.179,1,Start,Finish,55,39.53062950025715,2.697605200917792,424,71,101,30,
2026-03-26T10:28:41+00:00,39.52938255853951,2.6929645892232656,92,2026-03-26T10:32:01.808747+00:00,413,1,2.549,568.791,152.94,100.179,1,Start,Finish,55,39.53062950025715,2.697605200917792,421,71,100,29,
2026-03-26T10:28:42+00:00,39.52937850728631,2.6929938420653343,92,2026-03-26T10:32:01.808747+00:00,413,1,2.549,571.339,152.94,100.179,1,Start,Finish,55,39.53062950025715,2.697605200917792,419,71,101,30,
2026-03-26T10:28:43+00:00,39.52937445603311,2.693023094907403,92,2026-03-26T10:32:01.808747+00:00,413,1,2.549,573.888,152.94,100.179,1,Start,Finish,55,39.53062950025715,2.697605200917792,417,70,101,31,
2026-03-26T10:28:44+00:00,39.52936920337379,2.693054974079132,92,2026-03-26T10:32:01.808747+00:00,413,1,2.796,576.684,167.76,102.058,1,Start,Finish,55,39.53062950025715,2.697605200917792,415,70,101,31,
2026-03-26T10:28:45+00:00,39.52936395071447,2.693086853250861,93,2026-03-26T10:32:01.808747+00:00,413,1,2.796,579.48,167.76,102.058,1,Start,Finish,55,39.53062950025715,2.697605200917792,412,70,101,31,
2026-03-26T10:28:46+00:00,39.52935869805515,2.6931187324225903,93,2026-03-26T10:32:01.808747+00:00,413,1,2.796,582.276,167.76,102.058,1,Start,Finish,55,39.53062950025715,2.697605200917792,410,70,101,31,
2026-03-26T10:28:47+00:00,39.52935480047017,2.693149955011904,93,2026-03-26T10:32:01.808747+00:00,413,1,2.713,584.988,162.78,99.193,1,Start,Finish,55,39.53062950025715,2.697605200917792,408,70,100,30,
2026-03-26T10:28:48+00:00,39.5293509028852,2.6931811776012182,93,2026-03-26T10:32:01.808747+00:00,413,1,2.713,587.701,162.78,99.193,1,Start,Finish,55,39.53062950025715,2.697605200917792,405,69,100,31,
2026-03-26T10:28:49+00:00,39.52934697736055,2.6932130428031087,93,2026-03-26T10:32:01.808747+00:00,413,1,2.768,590.469,166.08,99.075,1,Start,Finish,55,39.53062950025715,2.697605200917792,403,69,100,31,
2026-03-26T10:28:50+00:00,39.529343051835895,2.693244908004999,93,2026-03-26T10:32:01.808747+00:00,413,1,2.768,593.236,166.08,99.075,1,Start,Finish,55,39.53062950025715,2.697605200917792,400,69,99,30,
2026-03-26T10:28:51+00:00,39.52933912631124,2.6932767732068896,92,2026-03-26T10:32:01.808747+00:00,413,1,2.768,596.004,166.08,99.075,1,Start,Finish,55,39.53062950025715,2.697605200917792,398,69,99,30,
2026-03-26T10:28:52+00:00,39.52933520078659,2.69330863840878,92,2026-03-26T10:32:01.808747+00:00,413,1,2.768,598.771,166.08,99.075,1,Start,Finish,55,39.53062950025715,2.697605200917792,396,69,99,30,
2026-03-26T10:28:53+00:00,39.52933127526194,2.6933405036106706,92,2026-03-26T10:32:01.808747+00:00,413,1,2.768,601.539,166.08,99.075,1,Start,Finish,55,39.53062950025715,2.697605200917792,393,68,98,30,
2026-03-26T10:28:54+00:00,39.52932734973729,2.693372368812561,92,2026-03-26T10:32:01.808747+00:00,413,1,2.768,604.306,166.08,99.075,1,Start,Finish,55,39.53062950025715,2.697605200917792,391,68,97,29,
2026-03-26T10:28:55+00:00,39.5293247513473,2.6934028789401054,93,2026-03-26T10:32:01.808747+00:00,413,1,2.633,606.939,157.98,96.301,1,Start,Finish,55,39.53062950025715,2.697605200917792,389,68,96,28,
2026-03-26T10:28:56+00:00,39.52932353597134,2.693433933891356,93,2026-03-26T10:32:01.808747+00:00,413,1,2.667,609.606,160.02,92.905,1,Start,Finish,55,39.53062950025715,2.697605200917792,386,68,95,27,
2026-03-26T10:28:57+00:00,39.529322320595384,2.6934649888426065,92,2026-03-26T10:32:01.808747+00:00,413,1,2.667,612.273,160.02,92.905,1,Start,Finish,55,39.53062950025715,2.697605200917792,384,68,94,26,
2026-03-26T10:28:58+00:00,39.529321105219424,2.693496043793857,92,2026-03-26T10:32:01.808747+00:00,413,1,2.667,614.939,160.02,92.905,1,Start,Finish,55,39.53062950025715,2.697605200917792,381,68,93,25,
2026-03-26T10:28:59+00:00,39.529319889843464,2.6935270987451077,92,2026-03-26T10:32:01.808747+00:00,413,1,2.667,617.606,160.02,92.905,1,Start,Finish,55,39.53062950025715,2.697605200917792,379,67,93,26,
2026-03-26T10:29:00+00:00,39.529318674467504,2.693558153696358,91,2026-03-26T10:32:01.808747+00:00,413,1,2.667,620.273,160.02,92.905,1,Start,Finish,55,39.53062950025715,2.697605200917792,376,67,92,25,
2026-03-26T10:29:01+00:00,39.529317459091544,2.6935892086476088,91,2026-03-26T10:32:01.808747+00:00,413,1,2.667,622.94,160.02,92.905,1,Start,Finish,55,39.53062950025715,2.697605200917792,374,67,92,25,
2026-03-26T10:29:02+00:00,39.529317274689674,2.693620976060629,90,2026-03-26T10:32:01.808747+00:00,413,1,2.725,625.665,163.5,90.431,1,Start,Finish,55,39.53062950025715,2.697605200917792,372,67,91,24,
2026-03-26T10:29:03+00:00,39.529317090287805,2.693652743473649,89,2026-03-26T10:32:01.808747+00:00,413,1,2.725,628.389,163.5,90.431,1,Start,Finish,55,39.53062950025715,2.697605200917792,369,67,91,24,
2026-03-26T10:29:04+00:00,39.529316905885935,2.693684510886669,89,2026-03-26T10:32:01.808747+00:00,413,1,2.725,631.114,163.5,90.431,1,Start,Finish,55,39.53062950025715,2.697605200917792,367,67,91,24,
2026-03-26T10:29:05+00:00,39.529316721484065,2.6937162782996893,88,2026-03-26T10:32:01.808747+00:00,413,1,2.725,633.838,163.5,90.431,1,Start,Finish,55,39.53062950025715,2.697605200917792,364,66,92,26,
2026-03-26T10:29:06+00:00,39.529316537082195,2.6937480457127094,87,2026-03-26T10:32:01.808747+00:00,413,1,2.725,636.563,163.5,90.431,1,Start,Finish,55,39.53062950025715,2.697605200917792,362,66,93,27,
2026-03-26T10:29:07+00:00,39.529315028339624,2.6937792263925076,90,2026-03-26T10:32:01.808747+00:00,413,1,2.679,639.242,160.74,93.59,1,Start,Finish,55,39.53062950025715,2.697605200917792,359,66,94,28,
2026-03-26T10:29:08+00:00,39.52931213658303,2.693808835465461,90,2026-03-26T10:32:01.808747+00:00,413,1,2.56,641.802,153.6,97.217,1,Start,Finish,55,39.53062950025715,2.697605200917792,357,66,95,29,
2026-03-26T10:29:09+00:00,39.52930924482643,2.6938384445384145,89,2026-03-26T10:32:01.808747+00:00,413,1,2.56,644.362,153.6,97.217,1,Start,Finish,55,39.53062950025715,2.697605200917792,355,66,97,31,
2026-03-26T10:29:10+00:00,39.52930635306984,2.693868053611368,88,2026-03-26T10:32:01.808747+00:00,413,1,2.56,646.921,153.6,97.217,1,Start,Finish,55,39.53062950025715,2.697605200917792,353,65,98,33,
2026-03-26T10:29:11+00:00,39.52930346131325,2.6938976626843214,88,2026-03-26T10:32:01.808747+00:00,413,1,2.56,649.481,153.6,97.217,1,Start,Finish,55,39.53062950025715,2.697605200917792,350,65,100,35,
2026-03-26T10:29:12+00:00,39.529297744855285,2.6939301006495953,88,2026-03-26T10:32:01.808747+00:00,413,1,2.854,652.335,171.24,102.87,1,Start,Finish,55,39.53062950025715,2.697605200917792,348,65,100,35,
2026-03-26T10:29:13+00:00,39.52929202839732,2.693962538614869,89,2026-03-26T10:32:01.808747+00:00,413,1,2.854,655.189,171.24,102.87,1,Start,Finish,55,39.53062950025715,2.697605200917792,346,65,101,36,
2026-03-26T10:29:14+00:00,39.52928631193936,2.693994976580143,89,2026-03-26T10:32:01.808747+00:00,413,1,2.854,658.042,171.24,102.87,1,Start,Finish,55,39.53062950025715,2.697605200917792,344,64,101,37,
2026-03-26T10:29:15+00:00,39.52928059548139,2.694027414545417,90,2026-03-26T10:32:01.808747+00:00,413,1,2.854,660.896,171.24,102.87,1,Start,Finish,55,39.53062950025715,2.697605200917792,342,64,101,37,
2026-03-26T10:29:16+00:00,39.52927487902343,2.6940598525106907,90,2026-03-26T10:32:01.808747+00:00,413,1,2.854,663.75,171.24,102.87,1,Start,Finish,55,39.53062950025715,2.697605200917792,339,64,99,35,
2026-03-26T10:29:17+00:00,39.52927244827151,2.694089775905013,89,2026-03-26T10:32:01.808747+00:00,413,1,2.581,666.33,154.86,96.012,1,Start,Finish,55,39.53062950025715,2.697605200917792,337,63,98,35,
2026-03-26T10:29:18+00:00,39.52927105128765,2.6941209146752954,89,2026-03-26T10:32:01.808747+00:00,413,1,2.675,669.005,160.5,93.329,1,Start,Finish,55,39.53062950025715,2.697605200917792,335,63,96,33,
2026-03-26T10:29:19+00:00,39.52926965430379,2.6941520534455776,89,2026-03-26T10:32:01.808747+00:00,413,1,2.675,671.681,160.5,93.329,1,Start,Finish,55,39.53062950025715,2.697605200917792,333,63,95,32,
2026-03-26T10:29:20+00:00,39.52926825731993,2.69418319221586,90,2026-03-26T10:32:01.808747+00:00,413,1,2.675,674.356,160.5,93.329,1,Start,Finish,55,39.53062950025715,2.697605200917792,330,63,94,31,
2026-03-26T10:29:21+00:00,39.529266860336065,2.694214330986142,90,2026-03-26T10:32:01.808747+00:00,413,1,2.675,677.031,160.5,93.329,1,Start,Finish,55,39.53062950025715,2.697605200917792,328,62,94,32,
2026-03-26T10:29:22+00:00,39.5292654633522,2.6942454697564244,90,2026-03-26T10:32:01.808747+00:00,413,1,2.675,679.706,160.5,93.329,1,Start,Finish,55,39.53062950025715,2.697605200917792,326,62,94,32,
2026-03-26T10:29:23+00:00,39.52926406636834,2.6942766085267067,90,2026-03-26T10:32:01.808747+00:00,413,1,2.675,682.381,160.5,93.329,1,Start,Finish,55,39.53062950025715,2.697605200917792,323,62,98,36,
2026-03-26T10:29:24+00:00,39.52926134224981,2.6943041011691093,90,2026-03-26T10:32:01.808747+00:00,413,1,2.377,684.758,142.62,97.32,1,Start,Finish,55,39.53062950025715,2.697605200917792,321,62,101,39,
2026-03-26T10:29:25+00:00,39.52925861813128,2.694331593811512,90,2026-03-26T10:32:01.808747+00:00,413,1,2.377,687.136,142.62,97.32,1,Start,Finish,55,39.53062950025715,2.697605200917792,319,61,105,44,
2026-03-26T10:29:26+00:00,39.529245257377625,2.694365154951811,90,2026-03-26T10:32:01.808747+00:00,413,1,3.239,690.375,194.34,117.3,1,Start,Finish,55,39.53062950025715,2.697605200917792,318,61,108,47,
2026-03-26T10:29:27+00:00,39.52923189662397,2.6943987160921097,90,2026-03-26T10:32:01.808747+00:00,413,1,3.239,693.614,194.34,117.3,1,Start,Finish,55,39.53062950025715,2.697605200917792,316,61,112,51,
2026-03-26T10:29:28+00:00,39.529218535870314,2.6944322772324085,90,2026-03-26T10:32:01.808747+00:00,413,1,3.239,696.853,194.34,117.3,1,Start,Finish,55,39.53062950025715,2.697605200917792,314,60,111,51,
2026-03-26T10:29:29+00:00,39.52920517511666,2.6944658383727074,90,2026-03-26T10:32:01.808747+00:00,413,1,3.239,700.092,194.34,117.3,1,Start,Finish,55,39.53062950025715,2.697605200917792,312,60,110,50,
2026-03-26T10:29:30+00:00,39.529191814363,2.694499399513006,90,2026-03-26T10:32:01.808747+00:00,413,1,3.239,703.331,194.34,117.3,1,Start,Finish,55,39.53062950025715,2.697605200917792,311,59,107,48,
2026-03-26T10:29:31+00:00,39.52919045649469,2.6945328768342733,90,2026-03-26T10:32:01.808747+00:00,413,1,2.875,706.206,172.5,93.01,1,Start,Finish,55,39.53062950025715,2.697605200917792,308,59,103,44,
2026-03-26T10:29:32+00:00,39.529189098626375,2.6945663541555405,90,2026-03-26T10:32:01.808747+00:00,413,1,2.875,709.082,172.5,93.01,1,Start,Finish,55,39.53062950025715,2.697605200917792,306,58,100,42,
2026-03-26T10:29:33+00:00,39.52918774075806,2.6945998314768076,89,2026-03-26T10:32:01.808747+00:00,413,1,2.875,711.957,172.5,93.01,1,Start,Finish,55,39.53062950025715,2.697605200917792,304,58,97,39,
2026-03-26T10:29:34+00:00,39.52918638288975,2.6946333087980747,89,2026-03-26T10:32:01.808747+00:00,413,1,2.875,714.832,172.5,93.01,1,Start,Finish,55,39.53062950025715,2.697605200917792,301,58,94,36,
2026-03-26T10:29:35+00:00,39.529185025021434,2.694666786119342,89,2026-03-26T10:32:01.808747+00:00,413,1,2.875,717.707,172.5,93.01,1,Start,Finish,55,39.53062950025715,2.697605200917792,299,57,94,37,
2026-03-26T10:29:36+00:00,39.52918249648064,2.6946972124278545,90,2026-03-26T10:32:01.808747+00:00,413,1,2.625,720.332,157.5,96.15,1,Start,Finish,55,39.53062950025715,2.697605200917792,297,57,95,38,
2026-03-26T10:29:37+00:00,39.529179967939854,2.6947276387363672,90,2026-03-26T10:32:01.808747+00:00,413,1,2.625,722.956,157.5,96.15,1,Start,Finish,55,39.53062950025715,2.697605200917792,295,57,95,38,
2026-03-26T10:29:38+00:00,39.529177439399064,2.69475806504488,90,2026-03-26T10:32:01.808747+00:00,413,1,2.625,725.581,157.5,96.15,1,Start,Finish,55,39.53062950025715,2.697605200917792,293,57,96,39,
2026-03-26T10:29:39+00:00,39.52917491085827,2.6947884913533926,91,2026-03-26T10:32:01.808747+00:00,413,1,2.625,728.205,157.5,96.15,1,Start,Finish,55,39.53062950025715,2.697605200917792,291,56,95,39,
2026-03-26T10:29:40+00:00,39.52917238231748,2.6948189176619053,92,2026-03-26T10:32:01.808747+00:00,413,1,2.625,730.83,157.5,96.15,1,Start,Finish,55,39.53062950025715,2.697605200917792,289,56,94,38,
2026-03-26T10:29:41+00:00,39.52916985377669,2.694849343970418,92,2026-03-26T10:32:01.808747+00:00,413,1,2.625,733.455,157.5,96.15,1,Start,Finish,55,39.53062950025715,2.697605200917792,287,56,93,37,
2026-03-26T10:29:42+00:00,39.52917006332427,2.694878471083939,92,2026-03-26T10:32:01.808747+00:00,413,1,2.498,735.953,149.88,89.466,1,Start,Finish,55,39.53062950025715,2.697605200917792,285,55,91,36,
2026-03-26T10:29:43+00:00,39.52917027287185,2.69490759819746,93,2026-03-26T10:32:01.808747+00:00,413,1,2.498,738.451,149.88,89.466,1,Start,Finish,55,39.53062950025715,2.697605200917792,283,55,89,34,
2026-03-26T10:29:44+00:00,39.52917253598571,2.6949384016916156,93,2026-03-26T10:32:01.808747+00:00,413,1,2.654,741.105,159.24,84.559,1,Start,Finish,55,39.53062950025715,2.697605200917792,280,55,88,33,
2026-03-26T10:29:45+00:00,39.529174799099565,2.694969205185771,94,2026-03-26T10:32:01.808747+00:00,413,1,2.654,743.759,159.24,84.559,1,Start,Finish,55,39.53062950025715,2.697605200917792,278,54,86,32,
2026-03-26T10:29:46+00:00,39.52917706221342,2.6950000086799264,94,2026-03-26T10:32:01.808747+00:00,413,1,2.654,746.412,159.24,84.559,1,Start,Finish,55,39.53062950025715,2.697605200917792,276,54,85,31,
2026-03-26T10:29:47+00:00,39.52917932532728,2.695030812174082,94,2026-03-26T10:32:01.808747+00:00,413,1,2.654,749.066,159.24,84.559,1,Start,Finish,55,39.53062950025715,2.697605200917792,273,54,86,32,
2026-03-26T10:29:48+00:00,39.52918158844113,2.695061615668237,95,2026-03-26T10:32:01.808747+00:00,413,1,2.654,751.72,159.24,84.559,1,Start,Finish,55,39.53062950025715,2.697605200917792,271,54,87,33,
2026-03-26T10:29:49+00:00,39.52918385155499,2.6950924191623926,95,2026-03-26T10:32:01.808747+00:00,413,1,2.654,754.374,159.24,84.559,1,Start,Finish,55,39.53062950025715,2.697605200917792,269,53,89,36,
2026-03-26T10:29:50+00:00,39.52918209135533,2.695123963057995,95,2026-03-26T10:32:01.808747+00:00,413,1,2.712,757.086,162.72,94.138,1,Start,Finish,55,39.53062950025715,2.697605200917792,267,53,89,36,
2026-03-26T10:29:51+00:00,39.52918033115566,2.695155506953597,95,2026-03-26T10:32:01.808747+00:00,413,1,2.712,759.799,162.72,94.138,1,Start,Finish,55,39.53062950025715,2.697605200917792,265,53,90,37,
2026-03-26T10:29:52+00:00,39.52917857095599,2.6951870508491993,95,2026-03-26T10:32:01.808747+00:00,413,1,2.712,762.511,162.72,94.138,1,Start,Finish,55,39.53062950025715,2.697605200917792,263,52,91,39,
2026-03-26T10:29:53+00:00,39.52917907387018,2.695224601775408,97,2026-03-26T10:32:01.808747+00:00,413,1,3.221,765.732,193.26,89.005,1,Start,Finish,55,39.53062950025715,2.697605200917792,260,52,92,40,
2026-03-26T10:29:54+00:00,39.52917830552906,2.6952533796429634,97,2026-03-26T10:32:01.808747+00:00,413,1,2.47,768.202,148.2,91.983,1,Start,Finish,55,39.53062950025715,2.697605200917792,258,51,92,41,
2026-03-26T10:29:55+00:00,39.529177537187934,2.695282157510519,97,2026-03-26T10:32:01.808747+00:00,413,1,2.47,770.671,148.2,91.983,1,Start,Finish,55,39.53062950025715,2.697605200917792,256,51,92,41,
2026-03-26T10:29:56+00:00,39.52917676884681,2.695310935378074,96,2026-03-26T10:32:01.808747+00:00,413,1,2.47,773.141,148.2,91.983,1,Start,Finish,55,39.53062950025715,2.697605200917792,255,51,92,41,
2026-03-26T10:29:57+00:00,39.529176000505686,2.6953397132456303,96,2026-03-26T10:32:01.808747+00:00,413,1,2.47,775.611,148.2,91.983,1,Start,Finish,55,39.53062950025715,2.697605200917792,253,50,91,41,
2026-03-26T10:29:58+00:00,39.52917523216456,2.695368491113186,96,2026-03-26T10:32:01.808747+00:00,413,1,2.47,778.08,148.2,91.983,1,Start,Finish,55,39.53062950025715,2.697605200917792,251,50,92,42,
2026-03-26T10:29:59+00:00,39.52917446382344,2.6953972689807415,96,2026-03-26T10:32:01.808747+00:00,413,1,2.47,780.55,148.2,91.983,1,Start,Finish,55,39.53062950025715,2.697605200917792,249,49,92,43,
2026-03-26T10:30:00+00:00,39.529173988848925,2.695426493883133,96,2026-03-26T10:32:01.808747+00:00,413,1,2.507,783.057,150.42,91.207,1,Start,Finish,55,39.53062950025715,2.697605200917792,247,49,92,43,
2026-03-26T10:30:01+00:00,39.52917351387441,2.6954557187855244,95,2026-03-26T10:32:01.808747+00:00,413,1,2.507,785.564,150.42,91.207,1,Start,Finish,55,39.53062950025715,2.697605200917792,245,49,93,44,
2026-03-26T10:30:02+00:00,39.5291730388999,2.695484943687916,95,2026-03-26T10:32:01.808747+00:00,413,1,2.507,788.071,150.42,91.207,1,Start,Finish,55,39.53062950025715,2.697605200917792,244,48,92,44,
2026-03-26T10:30:03+00:00,39.529170440509915,2.6955188903957605,97,2026-03-26T10:32:01.808747+00:00,413,1,2.926,790.997,175.56,95.667,1,Start,Finish,55,39.53062950025715,2.697605200917792,242,48,92,44,
2026-03-26T10:30:04+00:00,39.52916784211993,2.6955528371036053,99,2026-03-26T10:32:01.808747+00:00,413,1,2.926,793.922,175.56,95.667,1,Start,Finish,55,39.53062950025715,2.697605200917792,240,47,91,44,
2026-03-26T10:30:05+00:00,39.52916868031025,2.695584080647677,98,2026-03-26T10:32:01.808747+00:00,413,1,2.681,796.604,160.86,88.008,1,Start,Finish,55,39.53062950025715,2.697605200917792,238,47,91,44,
2026-03-26T10:30:06+00:00,39.52916951850057,2.695615324191749,97,2026-03-26T10:32:01.808747+00:00,413,1,2.681,799.285,160.86,88.008,1,Start,Finish,55,39.53062950025715,2.697605200917792,236,46,91,45,
2026-03-26T10:30:07+00:00,39.52917035669088,2.695646567735821,96,2026-03-26T10:32:01.808747+00:00,413,1,2.681,801.966,160.86,88.008,1,Start,Finish,55,39.53062950025715,2.697605200917792,234,46,91,45,
2026-03-26T10:30:08+00:00,39.5291711948812,2.695677811279893,95,2026-03-26T10:32:01.808747+00:00,413,1,2.681,804.647,160.86,88.008,1,Start,Finish,55,39.53062950025715,2.697605200917792,232,46,92,46,
2026-03-26T10:30:09+00:00,39.52917052432895,2.6957082375884056,98,2026-03-26T10:32:01.808747+00:00,413,1,2.611,807.258,156.66,91.637,1,Start,Finish,55,39.53062950025715,2.697605200917792,230,45,94,49,
2026-03-26T10:30:10+00:00,39.52916638925672,2.695738272741437,98,2026-03-26T10:32:01.808747+00:00,413,1,2.617,809.874,157.02,100.12,1,Start,Finish,55,39.53062950025715,2.697605200917792,228,45,95,50,
2026-03-26T10:30:11+00:00,39.52916225418448,2.6957683078944683,97,2026-03-26T10:32:01.808747+00:00,413,1,2.617,812.491,157.02,100.12,1,Start,Finish,55,39.53062950025715,2.697605200917792,227,44,96,52,
2026-03-26T10:30:12+00:00,39.52915811911225,2.6957983430474997,97,2026-03-26T10:32:01.808747+00:00,413,1,2.617,815.108,157.02,100.12,1,Start,Finish,55,39.53062950025715,2.697605200917792,225,43,97,54,
2026-03-26T10:30:13+00:00,39.52915522735566,2.6958274701610208,98,2026-03-26T10:32:01.808747+00:00,413,1,2.519,817.626,151.14,97.335,1,Start,Finish,55,39.53062950025715,2.697605200917792,224,43,98,55,
2026-03-26T10:30:14+00:00,39.529152335599065,2.695856597274542,98,2026-03-26T10:32:01.808747+00:00,413,1,2.519,820.145,151.14,97.335,1,Start,Finish,55,39.53062950025715,2.697605200917792,222,42,97,55,
2026-03-26T10:30:15+00:00,39.52915047761053,2.695887847803533,98,2026-03-26T10:32:01.808747+00:00,413,1,2.688,822.833,161.28,94.408,1,Start,Finish,55,39.53062950025715,2.697605200917792,221,42,96,54,
2026-03-26T10:30:16+00:00,39.52914861962199,2.6959190983325243,98,2026-03-26T10:32:01.808747+00:00,413,1,2.688,825.521,161.28,94.408,1,Start,Finish,55,39.53062950025715,2.697605200917792,219,41,95,54,
2026-03-26T10:30:17+00:00,39.529146761633456,2.6959503488615155,98,2026-03-26T10:32:01.808747+00:00,413,1,2.688,828.21,161.28,94.408,1,Start,Finish,55,39.53062950025715,2.697605200917792,218,41,95,54,
2026-03-26T10:30:18+00:00,39.52914490364492,2.6959815993905067,99,2026-03-26T10:32:01.808747+00:00,413,1,2.688,830.898,161.28,94.408,1,Start,Finish,55,39.53062950025715,2.697605200917792,216,40,94,54,
2026-03-26T10:30:19+00:00,39.52914304565638,2.696012849919498,99,2026-03-26T10:32:01.808747+00:00,413,1,2.688,833.586,161.28,94.408,1,Start,Finish,55,39.53062950025715,2.697605200917792,214,40,94,54,
2026-03-26T10:30:20+00:00,39.52914118766785,2.696044100448489,99,2026-03-26T10:32:01.808747+00:00,413,1,2.688,836.274,161.28,94.408,1,Start,Finish,55,39.53062950025715,2.697605200917792,213,39,93,54,
2026-03-26T10:30:21+00:00,39.52913997229189,2.6960764545947313,99,2026-03-26T10:32:01.808747+00:00,413,1,2.778,839.052,166.68,92.788,1,Start,Finish,55,39.53062950025715,2.697605200917792,211,38,92,54,
2026-03-26T10:30:22+00:00,39.52913875691593,2.6961088087409735,99,2026-03-26T10:32:01.808747+00:00,413,1,2.778,841.83,166.68,92.788,1,Start,Finish,55,39.53062950025715,2.697605200917792,210,38,90,52,
2026-03-26T10:30:23+00:00,39.529139092192054,2.696142755448818,99,2026-03-26T10:32:01.808747+00:00,413,1,2.912,844.742,174.72,89.266,1,Start,Finish,55,39.53062950025715,2.697605200917792,208,37,89,52,
2026-03-26T10:30:24+00:00,39.52914153691381,2.6961718825623393,99,2026-03-26T10:32:01.808747+00:00,413,1,2.513,847.255,150.78,83.79,1,Start,Finish,55,39.53062950025715,2.697605200917792,206,37,87,50,
2026-03-26T10:30:25+00:00,39.52914398163557,2.6962010096758604,99,2026-03-26T10:32:01.808747+00:00,413,1,2.513,849.768,150.78,83.79,1,Start,Finish,55,39.53062950025715,2.697605200917792,204,36,86,50,
2026-03-26T10:30:26+00:00,39.52914642635733,2.6962301367893815,99,2026-03-26T10:32:01.808747+00:00,413,1,2.513,852.28,150.78,83.79,1,Start,Finish,55,39.53062950025715,2.697605200917792,203,36,84,48,
2026-03-26T10:30:27+00:00,39.52914887107909,2.6962592639029026,99,2026-03-26T10:32:01.808747+00:00,413,1,2.513,854.793,150.78,83.79,1,Start,Finish,55,39.53062950025715,2.697605200917792,201,35,83,48,
2026-03-26T10:30:28+00:00,39.529151315800846,2.6962883910164237,99,2026-03-26T10:32:01.808747+00:00,413,1,2.513,857.306,150.78,83.79,1,Start,Finish,55,39.53062950025715,2.697605200917792,199,34,82,48,
2026-03-26T10:30:29+00:00,39.52915376052261,2.696317518129945,99,2026-03-26T10:32:01.808747+00:00,413,1,2.513,859.819,150.78,83.79,1,Start,Finish,55,39.53062950025715,2.697605200917792,198,34,82,48,
2026-03-26T10:30:30+00:00,39.52915780059993,2.6963451113551855,99,2026-03-26T10:32:01.808747+00:00,413,1,2.409,862.228,144.54,79.251,1,Start,Finish,55,39.53062950025715,2.697605200917792,196,33,81,48,
2026-03-26T10:30:31+00:00,39.52916184067726,2.696372704580426,99,2026-03-26T10:32:01.808747+00:00,413,1,2.409,864.637,144.54,79.251,1,Start,Finish,55,39.53062950025715,2.697605200917792,194,33,82,49,
2026-03-26T10:30:32+00:00,39.52916588075459,2.696400297805667,98,2026-03-26T10:32:01.808747+00:00,413,1,2.409,867.045,144.54,79.251,1,Start,Finish,55,39.53062950025715,2.697605200917792,193,32,82,50,
2026-03-26T10:30:33+00:00,39.52916992083192,2.6964278910309076,98,2026-03-26T10:32:01.808747+00:00,413,1,2.409,869.454,144.54,79.251,1,Start,Finish,55,39.53062950025715,2.697605200917792,191,32,82,50,
2026-03-26T10:30:34+00:00,39.52917396090925,2.6964554842561483,98,2026-03-26T10:32:01.808747+00:00,413,1,2.409,871.863,144.54,79.251,1,Start,Finish,55,39.53062950025715,2.697605200917792,190,31,83,52,
2026-03-26T10:30:35+00:00,39.52917471528053,2.6964865531772375,98,2026-03-26T10:32:01.808747+00:00,413,1,2.666,874.529,159.96,88.197,1,Start,Finish,55,39.53062950025715,2.697605200917792,188,31,84,53,
2026-03-26T10:30:36+00:00,39.52917546965182,2.6965176220983267,98,2026-03-26T10:32:01.808747+00:00,413,1,2.666,877.195,159.96,88.197,1,Start,Finish,55,39.53062950025715,2.697605200917792,187,30,86,56,
2026-03-26T10:30:37+00:00,39.529176224023104,2.696548691019416,98,2026-03-26T10:32:01.808747+00:00,413,1,2.666,879.861,159.96,88.197,1,Start,Finish,55,39.53062950025715,2.697605200917792,185,29,87,58,
2026-03-26T10:30:38+00:00,39.52917697839439,2.696579759940505,97,2026-03-26T10:32:01.808747+00:00,413,1,2.666,882.527,159.96,88.197,1,Start,Finish,55,39.53062950025715,2.697605200917792,184,29,88,59,
2026-03-26T10:30:39+00:00,39.529177732765675,2.696610828861594,97,2026-03-26T10:32:01.808747+00:00,413,1,2.666,885.193,159.96,88.197,1,Start,Finish,55,39.53062950025715,2.697605200917792,183,28,88,60,
2026-03-26T10:30:40+00:00,39.52917848713696,2.6966418977826834,97,2026-03-26T10:32:01.808747+00:00,413,1,2.666,887.859,159.96,88.197,1,Start,Finish,55,39.53062950025715,2.697605200917792,181,27,90,63,
2026-03-26T10:30:41+00:00,39.5291788643226,2.696672743186354,98,2026-03-26T10:32:01.808747+00:00,413,1,2.646,890.504,158.76,89.092,1,Start,Finish,55,39.53062950025715,2.697605200917792,180,26,91,65,
2026-03-26T10:30:42+00:00,39.529179241508245,2.696703588590026,98,2026-03-26T10:32:01.808747+00:00,413,1,2.646,893.15,158.76,89.092,1,Start,Finish,55,39.53062950025715,2.697605200917792,179,26,92,66,
2026-03-26T10:30:43+00:00,39.52917669899762,2.6967351883649826,98,2026-03-26T10:32:01.808747+00:00,413,1,2.725,895.875,163.5,95.955,1,Start,Finish,55,39.53062950025715,2.697605200917792,178,25,93,68,
2026-03-26T10:30:44+00:00,39.52917415648699,2.6967667881399393,98,2026-03-26T10:32:01.808747+00:00,413,1,2.725,898.6,163.5,95.955,1,Start,Finish,55,39.53062950025715,2.697605200917792,177,24,94,70,
2026-03-26T10:30:45+00:00,39.52917161397636,2.696798387914896,98,2026-03-26T10:32:01.808747+00:00,413,1,2.725,901.325,163.5,95.955,1,Start,Finish,55,39.53062950025715,2.697605200917792,176,23,95,72,
2026-03-26T10:30:46+00:00,39.52916907146573,2.6968299876898527,99,2026-03-26T10:32:01.808747+00:00,413,1,2.725,904.049,163.5,95.955,1,Start,Finish,55,39.53062950025715,2.697605200917792,175,22,97,75,
2026-03-26T10:30:47+00:00,39.5291665289551,2.6968615874648094,99,2026-03-26T10:32:01.808747+00:00,413,1,2.725,906.774,163.5,95.955,1,Start,Finish,55,39.53062950025715,2.697605200917792,175,21,98,77,
2026-03-26T10:30:48+00:00,39.52916398644447,2.696893187239766,99,2026-03-26T10:32:01.808747+00:00,413,1,2.725,909.499,163.5,95.955,1,Start,Finish,55,39.53062950025715,2.697605200917792,174,21,90,69,
2026-03-26T10:30:49+00:00,39.52915883157402,2.6969257928431034,99,2026-03-26T10:32:01.808747+00:00,413,1,2.855,912.354,171.3,101.584,1,Start,Finish,55,39.53062950025715,2.697605200917792,174,20,83,63,
2026-03-26T10:30:50+00:00,39.52915367670357,2.6969583984464407,99,2026-03-26T10:32:01.808747+00:00,413,1,2.855,915.208,171.3,101.584,1,Start,Finish,55,39.53062950025715,2.697605200917792,173,19,70,51,
2026-03-26T10:30:51+00:00,39.5291540119797,2.696984549984336,100,2026-03-26T10:32:01.808747+00:00,413,1,2.243,917.451,134.58,89.048,1,Start,Finish,55,39.53062950025715,2.697605200917792,172,18,59,41,
2026-03-26T10:30:52+00:00,39.52916597016156,2.6969971787184477,100,2026-03-26T10:32:01.808747+00:00,413,1,1.715,919.166,102.9,39.165,1,Start,Finish,55,39.53062950025715,2.697605200917792,171,18,59,41,
2026-03-26T10:30:53+00:00,39.529177928343415,2.6970098074525595,101,2026-03-26T10:32:01.808747+00:00,413,1,1.715,920.881,102.9,39.165,1,Start,Finish,55,39.53062950025715,2.697605200917792,169,18,49,31,
2026-03-26T10:30:54+00:00,39.52918988652527,2.6970224361866713,101,2026-03-26T10:32:01.808747+00:00,413,1,1.715,922.596,102.9,39.165,1,Start,Finish,55,39.53062950025715,2.697605200917792,168,17,38,21,
2026-03-26T10:30:55+00:00,39.52920698560774,2.697030231356621,101,2026-03-26T10:32:01.808747+00:00,413,1,2.015,924.612,120.9,19.373,1,Start,Finish,55,39.53062950025715,2.697605200917792,166,17,38,21,
2026-03-26T10:30:56+00:00,39.52922926750034,2.697035288438201,101,2026-03-26T10:32:01.808747+00:00,413,1,2.515,927.127,150.9,9.929,1,Start,Finish,55,39.53062950025715,2.697605200917792,163,17,28,11,
2026-03-26T10:30:57+00:00,39.52925154939294,2.697040345519781,101,2026-03-26T10:32:01.808747+00:00,413,1,2.515,929.642,150.9,9.929,1,Start,Finish,55,39.53062950025715,2.697605200917792,161,18,18,0,
2026-03-26T10:30:58+00:00,39.529273831285536,2.6970454026013613,102,2026-03-26T10:32:01.808747+00:00,413,1,2.515,932.158,150.9,9.929,1,Start,Finish,55,39.53062950025715,2.697605200917792,158,18,15,3,
2026-03-26T10:30:59+00:00,39.529296113178134,2.6970504596829414,102,2026-03-26T10:32:01.808747+00:00,413,1,2.515,934.673,150.9,9.929,1,Start,Finish,55,39.53062950025715,2.697605200917792,156,18,10,8,
2026-03-26T10:31:00+00:00,39.52931839507073,2.6970555167645216,102,2026-03-26T10:32:01.808747+00:00,413,1,2.515,937.188,150.9,9.929,1,Start,Finish,55,39.53062950025715,2.697605200917792,153,18,11,7,
2026-03-26T10:31:01+00:00,39.52934067696333,2.6970605738461018,102,2026-03-26T10:32:01.808747+00:00,413,1,2.515,939.704,150.9,9.929,1,Start,Finish,55,39.53062950025715,2.697605200917792,151,18,12,6,
2026-03-26T10:31:02+00:00,39.529362469911575,2.6970658544451,102,2026-03-26T10:32:01.808747+00:00,413,1,2.465,942.169,147.9,10.586,1,Start,Finish,55,39.53062950025715,2.697605200917792,148,18,12,6,
2026-03-26T10:31:03+00:00,39.529385338537395,2.697074068710208,102,2026-03-26T10:32:01.808747+00:00,413,1,2.639,944.808,158.34,15.485,1,Start,Finish,55,39.53062950025715,2.697605200917792,146,18,13,5,
2026-03-26T10:31:04+00:00,39.529408207163215,2.697082282975316,101,2026-03-26T10:32:01.808747+00:00,413,1,2.639,947.446,158.34,15.485,1,Start,Finish,55,39.53062950025715,2.697605200917792,143,18,14,4,
2026-03-26T10:31:05+00:00,39.529431075789034,2.697090497240424,100,2026-03-26T10:32:01.808747+00:00,413,1,2.639,950.085,158.34,15.485,1,Start,Finish,55,39.53062950025715,2.697605200917792,140,18,15,3,
2026-03-26T10:31:06+00:00,39.529453944414854,2.6970987115055323,100,2026-03-26T10:32:01.808747+00:00,413,1,2.639,952.724,158.34,15.485,1,Start,Finish,55,39.53062950025715,2.697605200917792,138,18,16,2,
2026-03-26T10:31:07+00:00,39.529476813040674,2.6971069257706404,100,2026-03-26T10:32:01.808747+00:00,413,1,2.639,955.362,158.34,15.485,1,Start,Finish,55,39.53062950025715,2.697605200917792,135,18,16,2,
2026-03-26T10:31:08+00:00,39.52949968166649,2.6971151400357485,99,2026-03-26T10:32:01.808747+00:00,413,1,2.639,958.001,158.34,15.485,1,Start,Finish,55,39.53062950025715,2.697605200917792,132,18,16,2,
2026-03-26T10:31:09+00:00,39.52952105551958,2.6971238013356924,98,2026-03-26T10:32:01.808747+00:00,413,1,2.49,960.491,149.4,17.357,1,Start,Finish,55,39.53062950025715,2.697605200917792,130,19,16,3,
2026-03-26T10:31:10+00:00,39.52954242937267,2.6971324626356363,97,2026-03-26T10:32:01.808747+00:00,413,1,2.49,962.981,149.4,17.357,1,Start,Finish,55,39.53062950025715,2.697605200917792,127,19,15,4,
2026-03-26T10:31:11+00:00,39.52956380322576,2.6971411239355803,96,2026-03-26T10:32:01.808747+00:00,413,1,2.49,965.471,149.4,17.357,1,Start,Finish,55,39.53062950025715,2.697605200917792,125,19,14,5,
2026-03-26T10:31:12+00:00,39.52958794310689,2.6971467677503824,96,2026-03-26T10:32:01.808747+00:00,413,1,2.728,968.199,163.68,10.222,1,Start,Finish,55,39.53062950025715,2.697605200917792,122,19,13,6,
2026-03-26T10:31:13+00:00,39.529612082988024,2.6971524115651846,96,2026-03-26T10:32:01.808747+00:00,413,1,2.728,970.926,163.68,10.222,1,Start,Finish,55,39.53062950025715,2.697605200917792,120,19,12,7,
2026-03-26T10:31:14+00:00,39.52963622286916,2.6971580553799868,96,2026-03-26T10:32:01.808747+00:00,413,1,2.728,973.654,163.68,10.222,1,Start,Finish,55,39.53062950025715,2.697605200917792,117,19,11,8,
2026-03-26T10:31:15+00:00,39.52966036275029,2.697163699194789,95,2026-03-26T10:32:01.808747+00:00,413,1,2.728,976.381,163.68,10.222,1,Start,Finish,55,39.53062950025715,2.697605200917792,114,19,10,9,
2026-03-26T10:31:16+00:00,39.529684502631426,2.697169343009591,95,2026-03-26T10:32:01.808747+00:00,413,1,2.728,979.109,163.68,10.222,1,Start,Finish,55,39.53062950025715,2.697605200917792,112,20,10,10,
2026-03-26T10:31:17+00:00,39.52970864251256,2.6971749868243933,95,2026-03-26T10:32:01.808747+00:00,413,1,2.728,981.836,163.68,10.222,1,Start,Finish,55,39.53062950025715,2.697605200917792,109,20,10,10,
2026-03-26T10:31:18+00:00,39.529732055962086,2.6971796806901693,95,2026-03-26T10:32:01.808747+00:00,413,1,2.634,984.471,158.04,8.79,1,Start,Finish,55,39.53062950025715,2.697605200917792,106,20,9,11,
2026-03-26T10:31:19+00:00,39.52975546941161,2.6971843745559454,94,2026-03-26T10:32:01.808747+00:00,413,1,2.634,987.105,158.04,8.79,1,Start,Finish,55,39.53062950025715,2.697605200917792,104,20,8,12,
2026-03-26T10:31:20+00:00,39.52977888286114,2.6971890684217215,94,2026-03-26T10:32:01.808747+00:00,413,1,2.634,989.739,158.04,8.79,1,Start,Finish,55,39.53062950025715,2.697605200917792,101,21,7,14,
2026-03-26T10:31:21+00:00,39.529801863245666,2.697191722691059,94,2026-03-26T10:32:01.808747+00:00,413,1,2.565,992.305,153.9,5.091,1,Start,Finish,55,39.53062950025715,2.697605200917792,99,21,7,14,
2026-03-26T10:31:22+00:00,39.529824843630195,2.6971943769603968,94,2026-03-26T10:32:01.808747+00:00,413,1,2.565,994.87,153.9,5.091,1,Start,Finish,55,39.53062950025715,2.697605200917792,96,21,6,15,
2026-03-26T10:31:23+00:00,39.52984782401472,2.6971970312297344,94,2026-03-26T10:32:01.808747+00:00,413,1,2.565,997.436,153.9,5.091,1,Start,Finish,55,39.53062950025715,2.697605200917792,94,22,6,16,
2026-03-26T10:31:24+00:00,39.52987080439925,2.697199685499072,95,2026-03-26T10:32:01.808747+00:00,413,1,2.565,1000.001,153.9,5.091,1,Start,Finish,55,39.53062950025715,2.697605200917792,91,22,7,15,
2026-03-26T10:31:25+00:00,39.52989378478378,2.6972023397684097,95,2026-03-26T10:32:01.808747+00:00,413,1,2.565,1002.566,153.9,5.091,1,Start,Finish,55,39.53062950025715,2.697605200917792,89,23,9,14,
2026-03-26T10:31:26+00:00,39.52991676516831,2.6972049940377474,95,2026-03-26T10:32:01.808747+00:00,413,1,2.565,1005.132,153.9,5.091,1,Start,Finish,55,39.53062950025715,2.697605200917792,86,23,12,11,
2026-03-26T10:31:27+00:00,39.52993864193559,2.697214842773974,95,2026-03-26T10:32:01.808747+00:00,413,1,2.575,1007.707,154.5,19.148,1,Start,Finish,55,39.53062950025715,2.697605200917792,84,24,15,9,
2026-03-26T10:31:28+00:00,39.529960518702865,2.6972246915102005,95,2026-03-26T10:32:01.808747+00:00,413,1,2.575,1010.282,154.5,19.148,1,Start,Finish,55,39.53062950025715,2.697605200917792,81,24,17,7,
2026-03-26T10:31:29+00:00,39.52998338732869,2.6972378650680184,95,2026-03-26T10:32:01.808747+00:00,413,1,2.783,1013.065,166.98,23.956,1,Start,Finish,55,39.53062950025715,2.697605200917792,78,24,20,4,
2026-03-26T10:31:30+00:00,39.530006255954504,2.6972510386258364,95,2026-03-26T10:32:01.808747+00:00,413,1,2.783,1015.847,166.98,23.956,1,Start,Finish,55,39.53062950025715,2.697605200917792,76,24,23,1,
2026-03-26T10:31:31+00:00,39.53002912458032,2.6972642121836543,96,2026-03-26T10:32:01.808747+00:00,413,1,2.783,1018.63,166.98,23.956,1,Start,Finish,55,39.53062950025715,2.697605200917792,73,24,23,1,
2026-03-26T10:31:32+00:00,39.53005199320614,2.697277385741472,96,2026-03-26T10:32:01.808747+00:00,413,1,2.783,1021.412,166.98,23.956,1,Start,Finish,55,39.53062950025715,2.697605200917792,70,24,23,1,
2026-03-26T10:31:33+00:00,39.53007486183196,2.69729055929929,96,2026-03-26T10:32:01.808747+00:00,413,1,2.783,1024.195,166.98,23.956,1,Start,Finish,55,39.53062950025715,2.697605200917792,67,24,23,1,
2026-03-26T10:31:34+00:00,39.53009773045778,2.697303732857108,96,2026-03-26T10:32:01.808747+00:00,413,1,2.783,1026.977,166.98,23.956,1,Start,Finish,55,39.53062950025715,2.697605200917792,65,24,22,2,
2026-03-26T10:31:35+00:00,39.53012013807893,2.697313986718654,96,2026-03-26T10:32:01.808747+00:00,413,1,2.642,1029.62,158.52,19.44,1,Start,Finish,55,39.53062950025715,2.697605200917792,62,24,21,3,
2026-03-26T10:31:36+00:00,39.53014254570007,2.697324240580201,96,2026-03-26T10:32:01.808747+00:00,413,1,2.642,1032.262,158.52,19.44,1,Start,Finish,55,39.53062950025715,2.697605200917792,59,24,20,4,
2026-03-26T10:31:37+00:00,39.53016495332122,2.6973344944417477,96,2026-03-26T10:32:01.808747+00:00,413,1,2.642,1034.904,158.52,19.44,1,Start,Finish,55,39.53062950025715,2.697605200917792,57,24,19,5,
2026-03-26T10:31:38+00:00,39.530187151394784,2.697342778556049,96,2026-03-26T10:32:01.808747+00:00,413,1,2.569,1037.473,154.14,16.058,1,Start,Finish,55,39.53062950025715,2.697605200917792,54,25,18,7,
2026-03-26T10:31:39+00:00,39.53020934946835,2.69735106267035,96,2026-03-26T10:32:01.808747+00:00,413,1,2.569,1040.041,154.14,16.058,1,Start,Finish,55,39.53062950025715,2.697605200917792,52,25,17,8,
2026-03-26T10:31:40+00:00,39.53023154754192,2.6973593467846513,96,2026-03-26T10:32:01.808747+00:00,413,1,2.569,1042.61,154.14,16.058,1,Start,Finish,55,39.53062950025715,2.697605200917792,49,25,17,8,
2026-03-26T10:31:41+00:00,39.53025374561548,2.6973676308989525,96,2026-03-26T10:32:01.808747+00:00,413,1,2.569,1045.178,154.14,16.058,1,Start,Finish,55,39.53062950025715,2.697605200917792,46,26,16,10,
2026-03-26T10:31:42+00:00,39.53027594368905,2.6973759150132537,96,2026-03-26T10:32:01.808747+00:00,413,1,2.569,1047.747,154.14,16.058,1,Start,Finish,55,39.53062950025715,2.697605200917792,44,27,16,11,
2026-03-26T10:31:43+00:00,39.530298141762614,2.697384199127555,96,2026-03-26T10:32:01.808747+00:00,413,1,2.569,1050.315,154.14,16.058,1,Start,Finish,55,39.53062950025715,2.697605200917792,41,27,16,11,
2026-03-26T10:31:44+00:00,39.5303216278553,2.697392262518406,96,2026-03-26T10:32:01.808747+00:00,413,1,2.702,1053.017,162.12,14.832,1,Start,Finish,55,39.53062950025715,2.697605200917792,39,28,15,13,
2026-03-26T10:31:45+00:00,39.53034511394799,2.697400325909257,96,2026-03-26T10:32:01.808747+00:00,413,1,2.702,1055.718,162.12,14.832,1,Start,Finish,55,39.53062950025715,2.697605200917792,36,29,15,14,
2026-03-26T10:31:46+00:00,39.530368600040674,2.697408389300108,97,2026-03-26T10:32:01.808747+00:00,413,1,2.702,1058.42,162.12,14.832,1,Start,Finish,55,39.53062950025715,2.697605200917792,34,30,15,15,
2026-03-26T10:31:47+00:00,39.53039208613336,2.697416452690959,97,2026-03-26T10:32:01.808747+00:00,413,1,2.702,1061.122,162.12,14.832,1,Start,Finish,55,39.53062950025715,2.697605200917792,31,32,15,17,
2026-03-26T10:31:48+00:00,39.53041557222605,2.69742451608181,97,2026-03-26T10:32:01.808747+00:00,413,1,2.702,1063.823,162.12,14.832,1,Start,Finish,55,39.53062950025715,2.697605200917792,28,33,16,17,
2026-03-26T10:31:49+00:00,39.530437448993325,2.697432478889823,97,2026-03-26T10:32:01.808747+00:00,413,1,2.527,1066.35,151.62,15.681,1,Start,Finish,55,39.53062950025715,2.697605200917792,26,35,16,19,
2026-03-26T10:31:50+00:00,39.53045855741948,2.6974409306421876,97,2026-03-26T10:32:01.808747+00:00,413,1,2.457,1068.806,147.42,17.162,1,Start,Finish,55,39.53062950025715,2.697605200917792,24,37,16,21,
2026-03-26T10:31:51+00:00,39.53047966584563,2.697449382394552,97,2026-03-26T10:32:01.808747+00:00,413,1,2.457,1071.263,147.42,17.162,1,Start,Finish,55,39.53062950025715,2.697605200917792,21,39,17,22,
2026-03-26T10:31:52+00:00,39.530500774271786,2.697457834146917,96,2026-03-26T10:32:01.808747+00:00,413,1,2.457,1073.719,147.42,17.162,1,Start,Finish,55,39.53062950025715,2.697605200917792,19,41,16,25,
2026-03-26T10:31:53+00:00,39.53052188269794,2.6974662858992815,96,2026-03-26T10:32:01.808747+00:00,413,1,2.457,1076.176,147.42,17.162,1,Start,Finish,55,39.53062950025715,2.697605200917792,17,45,16,29,
2026-03-26T10:31:54+00:00,39.53054299112409,2.697474737651646,96,2026-03-26T10:32:01.808747+00:00,413,1,2.457,1078.632,147.42,17.162,1,Start,Finish,55,39.53062950025715,2.697605200917792,15,49,16,33,
2026-03-26T10:31:55+00:00,39.53056409955025,2.6974831894040108,96,2026-03-26T10:32:01.808747+00:00,413,1,2.457,1081.089,147.42,17.162,1,Start,Finish,55,39.53062950025715,2.697605200917792,13,55,16,39,
2026-03-26T10:31:56+00:00,39.5305841951631,2.697490062564611,96,2026-03-26T10:32:01.808747+00:00,413,1,2.311,1083.4,138.66,14.778,1,Start,Finish,55,39.53062950025715,2.697605200917792,11,63,17,46,
2026-03-26T10:31:57+00:00,39.530604290775955,2.697496935725212,96,2026-03-26T10:32:01.808747+00:00,413,1,2.311,1085.711,138.66,14.778,1,Start,Finish,55,39.53062950025715,2.697605200917792,10,73,18,55,
2026-03-26T10:31:58+00:00,39.53062438638881,2.6975038088858128,95,2026-03-26T10:32:01.808747+00:00,413,1,2.311,1088.022,138.66,14.778,1,Start,Finish,55,39.53062950025715,2.697605200917792,9,86,19,67,
2026-03-26T10:31:59+00:00,39.53064448200166,2.6975106820464134,95,2026-03-26T10:32:01.808747+00:00,413,1,2.311,1090.333,138.66,14.778,1,Start,Finish,55,39.53062950025715,2.697605200917792,8,102,20,82,
2026-03-26T10:32:00+00:00,39.530662964098155,2.6975218998268247,95,2026-03-26T10:32:01.808747+00:00,413,1,2.269,1092.602,136.14,25.086,1,Start,Finish,55,39.53062950025715,2.697605200917792,8,118,21,97,
2026-03-26T10:32:01+00:00,39.53068144619465,2.697533117607236,94,2026-03-26T10:32:01.808747+00:00,413,1,2.269,1094.871,136.14,25.086,1,Start,Finish,55,39.53062950025715,2.697605200917792,8,133,22,111,
2026-03-26T10:32:02+00:00,39.53069992829114,2.697544335387647,94,2026-03-26T10:32:01.808747+00:00,413,1,2.269,1097.14,136.14,25.086,1,Start,Finish,55,39.53062950025715,2.697605200917792,9,146,21,125,
2026-03-26T10:32:03+00:00,39.530718410387635,2.6975555531680584,94,2026-03-26T10:32:01.808747+00:00,413,1,2.269,1099.409,136.14,25.086,1,Start,Finish,55,39.53062950025715,2.697605200917792,11,157,19,138,
2026-03-26T10:32:04+00:00,39.53073689248413,2.6975667709484696,93,2026-03-26T10:32:01.808747+00:00,413,1,2.269,1101.679,136.14,25.086,1,Start,Finish,55,39.53062950025715,2.697605200917792,12,165,14,151,
2026-03-26T10:32:05+00:00,39.53075537458062,2.697577988728881,93,2026-03-26T10:32:01.808747+00:00,413,1,2.269,1103.948,136.14,25.086,1,Start,Finish,55,39.53062950025715,2.697605200917792,14,171,5,166,
2026-03-26T10:32:06+00:00,39.530769819393754,2.6975801680237055,93,2026-03-26T10:32:01.808747+00:00,413,1,1.617,1105.565,97.02,6.637,1,Start,Finish,55,39.53062950025715,2.697605200917792,16,172,356,176,
2026-03-26T10:32:07+00:00,39.530784264206886,2.69758234731853,92,2026-03-26T10:32:01.808747+00:00,413,1,1.617,1107.182,97.02,6.637,1,Start,Finish,55,39.53062950025715,2.697605200917792,17,174,352,178,
2026-03-26T10:32:08+00:00,39.53079870902002,2.6975845266133547,92,2026-03-26T10:32:01.808747+00:00,413,1,1.617,1108.799,97.02,6.637,1,Start,Finish,55,39.53062950025715,2.697605200917792,19,175,344,169,
2026-03-26T10:32:09+00:00,39.5308116171509,2.6975683495402336,94,2026-03-26T10:32:01.808747+00:00,413,1,1.996,1110.795,119.76,315.973,1,Start,Finish,55,39.53062950025715,2.697605200917792,20,171,329,158,
2026-03-26T10:32:10+00:00,39.53081811312586,2.6975424913689494,93,2026-03-26T10:32:01.808747+00:00,413,1,2.332,1113.127,139.92,288.041,1,Start,Finish,55,39.53062950025715,2.697605200917792,22,166,321,155,
2026-03-26T10:32:11+00:00,39.53082460910082,2.697516633197665,92,2026-03-26T10:32:01.808747+00:00,413,1,2.332,1115.46,139.92,288.041,1,Start,Finish,55,39.53062950025715,2.697605200917792,23,161,303,142,
2026-03-26T10:32:12+00:00,39.53081941232085,2.6974892243742943,93,2026-03-26T10:32:01.808747+00:00,413,1,2.421,1117.88,145.26,256.189,1,Start,Finish,55,39.53062950025715,2.697605200917792,23,155,277,122,
2026-03-26T10:32:13+00:00,39.530808040872216,2.697458965703845,93,2026-03-26T10:32:01.808747+00:00,413,1,2.887,1120.767,173.22,244.022,1,Start,Finish,55,39.53062950025715,2.697605200917792,23,148,265,117,
2026-03-26T10:32:14+00:00,39.53079666942358,2.697428707033396,93,2026-03-26T10:32:01.808747+00:00,413,1,2.887,1123.654,173.22,244.022,1,Start,Finish,55,39.53062950025715,2.697605200917792,24,141,252,111,
2026-03-26T10:32:15+00:00,39.530785297974944,2.6973984483629465,92,2026-03-26T10:32:01.808747+00:00,413,1,2.887,1126.541,173.22,244.022,1,Start,Finish,55,39.53062950025715,2.697605200917792,25,134,246,112,
2026-03-26T10:32:16+00:00,39.53077392652631,2.6973681896924973,92,2026-03-26T10:32:01.808747+00:00,413,1,2.887,1129.427,173.22,244.022,1,Start,Finish,55,39.53062950025715,2.697605200917792,26,128,243,115,
2026-03-26T10:32:17+00:00,39.53076255507767,2.697337931022048,92,2026-03-26T10:32:01.808747+00:00,413,1,2.887,1132.314,173.22,244.022,1,Start,Finish,55,39.53062950025715,2.697605200917792,27,123,242,119,
2026-03-26T10:32:18+00:00,39.53075118362904,2.6973076723515987,92,2026-03-26T10:32:01.808747+00:00,413,1,2.887,1135.201,173.22,244.022,1,Start,Finish,55,39.53062950025715,2.697605200917792,29,118,241,123,
2026-03-26T10:32:19+00:00,39.53073679469526,2.6972780004143715,92,2026-03-26T10:32:01.808747+00:00,413,1,3.006,1138.207,180.36,237.841,1,Start,Finish,55,39.53062950025715,2.697605200917792,30,113,240,127,
2026-03-26T10:32:20+00:00,39.53072240576148,2.697248328477144,92,2026-03-26T10:32:01.808747+00:00,413,1,3.006,1141.213,180.36,237.841,1,Start,Finish,55,39.53062950025715,2.697605200917792,32,109,240,131,
2026-03-26T10:32:21+00:00,39.5307080168277,2.697218656539917,92,2026-03-26T10:32:01.808747+00:00,413,1,3.006,1144.219,180.36,237.841,1,Start,Finish,55,39.53062950025715,2.697605200917792,34,105,239,134,
2026-03-26T10:32:22+00:00,39.530693627893925,2.6971889846026897,93,2026-03-26T10:32:01.808747+00:00,413,1,3.006,1147.224,180.36,237.841,1,Start,Finish,55,39.53062950025715,2.697605200917792,36,101,236,135,
2026-03-26T10:32:23+00:00,39.53067923896015,2.6971593126654625,93,2026-03-26T10:32:01.808747+00:00,413,1,3.006,1150.23,180.36,237.841,1,Start,Finish,55,39.53062950025715,2.697605200917792,39,98,235,137,
2026-03-26T10:32:24+00:00,39.53066485002637,2.6971296407282352,93,2026-03-26T10:32:01.808747+00:00,413,1,3.006,1153.236,180.36,237.841,1,Start,Finish,55,39.53062950025715,2.697605200917792,41,96,225,129,
2026-03-26T10:32:25+00:00,39.530648002400994,2.6971066743135452,92,2026-03-26T10:32:01.808747+00:00,413,1,2.718,1155.955,163.08,226.435,1,Start,Finish,55,39.53062950025715,2.697605200917792,43,93,219,126,
2026-03-26T10:32:26+00:00,39.53063115477562,2.697083707898855,91,2026-03-26T10:32:01.808747+00:00,413,1,2.718,1158.673,163.08,226.435,1,Start,Finish,55,39.53062950025715,2.697605200917792,45,90,214,124,
2026-03-26T10:32:27+00:00,39.53061232343316,2.697077044285834,91,2026-03-26T10:32:01.808747+00:00,413,1,2.171,1160.843,130.26,195.266,1,Start,Finish,55,39.53062950025715,2.697605200917792,45,88,208,120,
2026-03-26T10:32:28+00:00,39.5305934920907,2.6970703806728125,90,2026-03-26T10:32:01.808747+00:00,413,1,2.171,1163.014,130.26,195.266,1,Start,Finish,55,39.53062950025715,2.697605200917792,46,85,207,122,
2026-03-26T10:32:29+00:00,39.53057466074824,2.697063717059791,90,2026-03-26T10:32:01.808747+00:00,413,1,2.171,1165.185,130.26,195.266,1,Start,Finish,55,39.53062950025715,2.697605200917792,47,83,198,115,
2026-03-26T10:32:30+00:00,39.530555829405785,2.6970570534467697,90,2026-03-26T10:32:01.808747+00:00,413,1,2.171,1167.355,130.26,195.266,1,Start,Finish,55,39.53062950025715,2.697605200917792,48,80,190,110,
2026-03-26T10:32:31+00:00,39.530536998063326,2.6970503898337483,89,2026-03-26T10:32:01.808747+00:00,413,1,2.171,1169.526,130.26,195.266,1,Start,Finish,55,39.53062950025715,2.697605200917792,49,78,179,101,
2026-03-26T10:32:32+00:00,39.53051816672087,2.697043726220727,89,2026-03-26T10:32:01.808747+00:00,413,1,2.171,1171.696,130.26,195.266,1,Start,Finish,55,39.53062950025715,2.697605200917792,50,76,171,95,
2026-03-26T10:32:33+00:00,39.53049809206277,2.697057221084833,90,2026-03-26T10:32:01.808747+00:00,413,1,2.514,1174.211,150.84,152.594,1,Start,Finish,55,39.53062950025715,2.697605200917792,49,73,163,90,
2026-03-26T10:32:34+00:00,39.530478017404675,2.6970707159489393,92,2026-03-26T10:32:01.808747+00:00,413,1,2.514,1176.725,150.84,152.594,1,Start,Finish,55,39.53062950025715,2.697605200917792,49,70,153,83,
2026-03-26T10:32:35+00:00,39.530464773997664,2.6970927324146032,92,2026-03-26T10:32:01.808747+00:00,413,1,2.395,1179.119,143.7,127.951,1,Start,Finish,55,39.53062950025715,2.697605200917792,48,67,143,76,
2026-03-26T10:32:36+00:00,39.53045153059065,2.697114748880267,91,2026-03-26T10:32:01.808747+00:00,413,1,2.395,1181.514,143.7,127.951,1,Start,Finish,55,39.53062950025715,2.697605200917792,46,65,132,67,
2026-03-26T10:32:37+00:00,39.53043828718364,2.697136765345931,91,2026-03-26T10:32:01.808747+00:00,413,1,2.395,1183.909,143.7,127.951,1,Start,Finish,55,39.53062950025715,2.697605200917792,45,62,124,62,
2026-03-26T10:32:38+00:00,39.5304324477911,2.6971568120643497,91,2026-03-26T10:32:01.808747+00:00,413,1,1.838,1185.746,110.28,110.69,1,Start,Finish,55,39.53062950025715,2.697605200917792,44,60,120,60,
2026-03-26T10:32:39+00:00,39.53042660839856,2.697176858782768,91,2026-03-26T10:32:01.808747+00:00,413,1,1.838,1187.584,110.28,110.69,1,Start,Finish,55,39.53062950025715,2.697605200917792,43,58,114,56,
2026-03-26T10:32:40+00:00,39.530420769006014,2.697196905501187,91,2026-03-26T10:32:01.808747+00:00,413,1,1.838,1189.422,110.28,110.69,1,Start,Finish,55,39.53062950025715,2.697605200917792,42,56,111,55,
2026-03-26T10:32:41+00:00,39.53041492961347,2.6972169522196054,91,2026-03-26T10:32:01.808747+00:00,413,1,1.838,1191.26,110.28,110.69,1,Start,Finish,55,39.53062950025715,2.697605200917792,41,54,111,57,
2026-03-26T10:32:42+00:00,39.53040909022093,2.697236998938024,91,2026-03-26T10:32:01.808747+00:00,413,1,1.838,1193.098,110.28,110.69,1,Start,Finish,55,39.53062950025715,2.697605200917792,40,52,108,56,
2026-03-26T10:32:43+00:00,39.530403250828385,2.697257045656442,91,2026-03-26T10:32:01.808747+00:00,413,1,1.838,1194.935,110.28,110.69,1,Start,Finish,55,39.53062950025715,2.697605200917792,39,50,107,57,
2026-03-26T10:32:44+00:00,39.53040186781436,2.6972812693566084,91,2026-03-26T10:32:01.808747+00:00,413,1,2.083,1197.019,124.98,94.234,1,Start,Finish,55,39.53062950025715,2.697605200917792,38,48,107,59,
2026-03-26T10:32:45+00:00,39.53040048480034,2.697305493056774,91,2026-03-26T10:32:01.808747+00:00,413,1,2.083,1199.102,124.98,94.234,1,Start,Finish,55,39.53062950025715,2.697605200917792,36,45,107,62,
2026-03-26T10:32:46+00:00,39.53039897605777,2.6973316445946693,91,2026-03-26T10:32:01.808747+00:00,413,1,2.249,1201.351,134.94,94.278,1,Start,Finish,55,39.53062950025715,2.697605200917792,35,42,108,66,
2026-03-26T10:32:47+00:00,39.53039319254458,2.697348282672465,90,2026-03-26T10:32:01.808747+00:00,413,1,1.565,1202.916,93.9,114.26,1,Start,Finish,55,39.53062950025715,2.697605200917792,34,40,108,68,
2026-03-26T10:32:48+00:00,39.53038740903139,2.6973649207502604,89,2026-03-26T10:32:01.808747+00:00,413,1,1.565,1204.481,93.9,114.26,1,Start,Finish,55,39.53062950025715,2.697605200917792,34,37,108,71,
2026-03-26T10:32:49+00:00,39.530384140089154,2.697378834709525,88,2026-03-26T10:32:01.808747+00:00,413,1,1.247,1205.729,74.82,106.941,1,Start,Finish,55,39.53062950025715,2.697605200917792,33,35,108,73,
2026-03-26T10:32:50+00:00,39.530379278585315,2.6973936706781387,90,2026-03-26T10:32:01.808747+00:00,413,1,1.382,1207.111,82.92,113.018,1,Start,Finish,55,39.53062950025715,2.697605200917792,33,33,109,76,
2026-03-26T10:32:51+00:00,39.530373411253095,2.69741035066545,89,2026-03-26T10:32:01.808747+00:00,413,1,1.572,1208.683,94.32,114.516,1,Start,Finish,55,39.53062950025715,2.697605200917792,33,30,109,79,
2026-03-26T10:32:52+00:00,39.53036930412054,2.697423677891493,91,2026-03-26T10:32:01.808747+00:00,413,1,1.231,1209.914,73.86,111.78,1,Start,Finish,55,39.53062950025715,2.697605200917792,33,28,110,82,
2026-03-26T10:32:53+00:00,39.53036507125944,2.6974367955699563,92,2026-03-26T10:32:01.808747+00:00,413,1,1.22,1211.134,73.2,112.703,1,Start,Finish,55,39.53062950025715,2.697605200917792,33,26,111,85,
2026-03-26T10:32:54+00:00,39.53036083839834,2.69744991324842,92,2026-03-26T10:32:01.808747+00:00,413,1,1.22,1212.353,73.2,112.703,1,Start,Finish,55,39.53062950025715,2.697605200917792,33,24,112,88,
2026-03-26T10:32:55+00:00,39.53035685699433,2.6974659645929933,92,2026-03-26T10:32:01.808747+00:00,413,1,1.446,1213.799,86.76,107.827,1,Start,Finish,55,39.53062950025715,2.697605200917792,33,21,112,91,
2026-03-26T10:32:56+00:00,39.53035287559032,2.6974820159375668,92,2026-03-26T10:32:01.808747+00:00,413,1,1.446,1215.245,86.76,107.827,1,Start,Finish,55,39.53062950025715,2.697605200917792,33,19,111,92,
2026-03-26T10:32:57+00:00,39.53034889418632,2.6974980672821403,91,2026-03-26T10:32:01.808747+00:00,413,1,1.446,1216.691,86.76,107.827,1,Start,Finish,55,39.53062950025715,2.697605200917792,33,16,112,96,
2026-03-26T10:32:58+00:00,39.53034491278231,2.6975141186267138,91,2026-03-26T10:32:01.808747+00:00,413,1,1.446,1218.137,86.76,107.827,1,Start,Finish,55,39.53062950025715,2.697605200917792,33,14,112,98,
2026-03-26T10:32:59+00:00,39.53033896163106,2.6975294575095177,91,2026-03-26T10:32:01.808747+00:00,413,1,1.473,1219.61,88.38,116.704,1,Start,Finish,55,39.53062950025715,2.697605200917792,33,11,111,100,
2026-03-26T10:33:00+00:00,39.5303351059556,2.697539096698165,93,2026-03-26T10:32:01.808747+00:00,413,1,0.931,1220.541,55.86,117.412,1,Start,Finish,55,39.53062950025715,2.697605200917792,33,10,111,101,
