timestamp_utc,latitude,longitude,heart_rate,finish_time_utc,elapsed_race_time_s,finished_flag,seg_dist_m,dist_from_start_m,SOG_raw_mpm,COG_raw_deg,geom_leg_id,geom_from_mark,geom_to_mark,geom_leg_bearing_deg,target_lat_deg,target_lon_deg,dist_to_target_m,bearing_to_target_deg,COG_deg,ATB_angle_deg,ATB_offset_deg,axis_angle_signed_deg,is_upwind,upwind_dist_remaining_m
2026-03-26T10:25:09+00:00,39.52594432979822,2.690092697739601,147,2026-03-26T10:32:04.429745+00:00,415,1,0.0,0.0,0.0,0.0,1,Start,Finish,55,39.53062950025715,2.697605200917792,829,51,8,43,,,False,
2026-03-26T10:25:10+00:00,39.52596561983228,2.690097475424409,146,2026-03-26T10:32:04.429745+00:00,415,1,2.403,2.403,144.18,9.82,1,Start,Finish,55,39.53062950025715,2.697605200917792,827,51,10,41,,,False,
2026-03-26T10:25:11+00:00,39.52598917298019,2.6901020016521215,146,2026-03-26T10:32:04.429745+00:00,415,1,2.648,5.05,158.88,8.431,1,Start,Finish,55,39.53062950025715,2.697605200917792,825,51,12,39,,,False,
2026-03-26T10:25:12+00:00,39.52601373195648,2.690109796822071,145,2026-03-26T10:32:04.429745+00:00,415,1,2.811,7.862,168.66,13.757,1,Start,Finish,55,39.53062950025715,2.697605200917792,823,51,12,39,,,False,
2026-03-26T10:25:13+00:00,39.52603845857084,2.6901211123913527,145,2026-03-26T10:32:04.429745+00:00,415,1,2.916,10.777,174.96,19.442,1,Start,Finish,55,39.53062950025715,2.697605200917792,820,52,14,38,,,False,
2026-03-26T10:25:14+00:00,39.52606494538486,2.690133349969983,144,2026-03-26T10:32:04.429745+00:00,415,1,3.127,13.904,187.62,19.615,1,Start,Finish,55,39.53062950025715,2.697605200917792,817,52,12,40,,,False,
2026-03-26T10:25:15+00:00,39.526089085265994,2.69014198333025,143,2026-03-26T10:32:04.429745+00:00,415,1,2.784,16.689,167.04,15.422,1,Start,Finish,55,39.53062950025715,2.697605200917792,815,52,11,41,,,False,
2026-03-26T10:25:16+00:00,39.52610987238586,2.690146928653121,143,2026-03-26T10:32:04.429745+00:00,415,1,2.35,19.039,141.0,10.398,1,Start,Finish,55,39.53062950025715,2.697605200917792,813,52,11,41,,,False,
2026-03-26T10:25:17+00:00,39.52612797729671,2.690149275586009,143,2026-03-26T10:32:04.429745+00:00,415,1,2.023,21.062,121.38,5.71,1,Start,Finish,55,39.53062950025715,2.697605200917792,812,52,10,42,,,False,
2026-03-26T10:25:18+00:00,39.52614490874112,2.6901497785001993,143,2026-03-26T10:32:04.429745+00:00,415,1,1.883,22.945,112.98,1.312,1,Start,Finish,55,39.53062950025715,2.697605200917792,811,52,10,42,,,False,
2026-03-26T10:25:19+00:00,39.52616913244128,2.690152795985341,144,2026-03-26T10:32:04.429745+00:00,415,1,2.706,25.651,162.36,5.488,1,Start,Finish,55,39.53062950025715,2.697605200917792,809,52,10,42,,,False,
2026-03-26T10:25:20+00:00,39.52619235031307,2.690157238394022,144,2026-03-26T10:32:04.429745+00:00,415,1,2.61,28.261,156.6,8.395,1,Start,Finish,55,39.53062950025715,2.697605200917792,807,52,9,43,,,False,
2026-03-26T10:25:21+00:00,39.52621456235647,2.6901656202971935,146,2026-03-26T10:32:04.429745+00:00,415,1,2.572,30.833,154.32,16.229,1,Start,Finish,55,39.53062950025715,2.697605200917792,805,52,8,44,,,False,
2026-03-26T10:25:22+00:00,39.52623903751373,2.6901745051145554,147,2026-03-26T10:32:04.429745+00:00,415,1,2.826,33.659,169.56,15.642,1,Start,Finish,55,39.53062950025715,2.697605200917792,803,53,9,44,,,False,
2026-03-26T10:25:23+00:00,39.52626183629036,2.6901797018945217,147,2026-03-26T10:32:04.429745+00:00,415,1,2.574,36.233,154.44,9.972,1,Start,Finish,55,39.53062950025715,2.697605200917792,801,53,10,43,,,False,
2026-03-26T10:25:24+00:00,39.52628480270505,2.6901815459132195,147,2026-03-26T10:32:04.429745+00:00,415,1,2.559,38.792,153.54,3.544,1,Start,Finish,55,39.53062950025715,2.697605200917792,799,53,11,42,,,False,
2026-03-26T10:25:25+00:00,39.52630751766264,2.690185233950615,148,2026-03-26T10:32:04.429745+00:00,415,1,2.546,41.337,152.76,7.138,1,Start,Finish,55,39.53062950025715,2.697605200917792,797,53,10,43,,,False,
2026-03-26T10:25:26+00:00,39.526330484077334,2.690190766006708,148,2026-03-26T10:32:04.429745+00:00,415,1,2.597,43.935,155.82,10.525,1,Start,Finish,55,39.53062950025715,2.697605200917792,796,53,9,44,,,False,
2026-03-26T10:25:27+00:00,39.526352025568485,2.6901959627866745,150,2026-03-26T10:32:04.429745+00:00,415,1,2.436,46.371,146.16,10.541,1,Start,Finish,55,39.53062950025715,2.697605200917792,794,53,9,44,,,False,
2026-03-26T10:25:28+00:00,39.52637281268835,2.690201662480831,150,2026-03-26T10:32:04.429745+00:00,415,1,2.363,48.734,141.78,11.942,1,Start,Finish,55,39.53062950025715,2.697605200917792,792,53,8,45,,,False,
2026-03-26T10:25:29+00:00,39.52639125287533,2.690206691622734,150,2026-03-26T10:32:04.429745+00:00,415,1,2.095,50.829,125.7,11.88,1,Start,Finish,55,39.53062950025715,2.697605200917792,790,53,8,45,,,False,
2026-03-26T10:25:30+00:00,39.52641103416681,2.6902103796601295,150,2026-03-26T10:32:04.429745+00:00,415,1,2.222,53.051,133.32,8.183,1,Start,Finish,55,39.53062950025715,2.697605200917792,789,54,8,46,,,False,
2026-03-26T10:25:31+00:00,39.526432156562805,2.6902130618691444,151,2026-03-26T10:32:04.429745+00:00,415,1,2.36,55.411,141.6,5.594,1,Start,Finish,55,39.53062950025715,2.697605200917792,787,54,6,48,,,False,
2026-03-26T10:25:32+00:00,39.52645445242524,2.690214989706874,151,2026-03-26T10:32:04.429745+00:00,415,1,2.485,57.896,149.1,3.816,1,Start,Finish,55,39.53062950025715,2.697605200917792,786,54,5,49,,,False,
2026-03-26T10:25:33+00:00,39.52647800557315,2.690215241163969,151,2026-03-26T10:32:04.429745+00:00,415,1,2.619,60.515,157.14,0.472,1,Start,Finish,55,39.53062950025715,2.697605200917792,784,54,4,50,,,False,
2026-03-26T10:25:34+00:00,39.526501391083,2.69021431915462,152,2026-03-26T10:32:04.429745+00:00,415,1,2.602,63.116,156.12,358.258,1,Start,Finish,55,39.53062950025715,2.697605200917792,783,54,8,46,,,False,
2026-03-26T10:25:35+00:00,39.52652469277382,2.6902156602591276,152,2026-03-26T10:32:04.429745+00:00,415,1,2.594,65.71,155.64,2.542,1,Start,Finish,55,39.53062950025715,2.697605200917792,781,54,16,38,,,False,
2026-03-26T10:25:36+00:00,39.526546988636255,2.6902147382497787,153,2026-03-26T10:32:04.429745+00:00,415,1,2.48,68.191,148.8,358.173,1,Start,Finish,55,39.53062950025715,2.697605200917792,780,54,27,27,,,False,
2026-03-26T10:25:37+00:00,39.52656626701355,2.69021968357265,155,2026-03-26T10:32:04.429745+00:00,415,1,2.185,70.376,131.1,11.192,1,Start,Finish,55,39.53062950025715,2.697605200917792,778,54,35,19,,,False,
2026-03-26T10:25:38+00:00,39.526576744392514,2.6902360282838345,155,2026-03-26T10:32:04.429745+00:00,415,1,1.823,72.199,109.38,50.271,1,Start,Finish,55,39.53062950025715,2.697605200917792,776,55,40,15,,,False,
2026-03-26T10:25:39+00:00,39.52658076770604,2.6902610063552856,157,2026-03-26T10:32:04.429745+00:00,415,1,2.189,74.387,131.34,78.205,1,Start,Finish,55,39.53062950025715,2.697605200917792,774,54,54,0,,,False,
2026-03-26T10:25:40+00:00,39.52657984569669,2.690290091559291,158,2026-03-26T10:32:04.429745+00:00,415,1,2.497,76.884,149.82,92.353,1,Start,Finish,55,39.53062950025715,2.697605200917792,772,54,67,13,,,False,
2026-03-26T10:25:41+00:00,39.52657691203058,2.6903249602764845,157,2026-03-26T10:32:04.429745+00:00,415,1,3.008,79.892,180.48,96.225,1,Start,Finish,55,39.53062950025715,2.697605200917792,770,54,79,25,,,False,
2026-03-26T10:25:42+00:00,39.52657473273575,2.690359326079488,158,2026-03-26T10:32:04.429745+00:00,415,1,2.957,82.85,177.42,94.7,1,Start,Finish,55,39.53062950025715,2.697605200917792,768,54,93,39,,,False,
2026-03-26T10:25:43+00:00,39.52657179906964,2.6903933566063643,161,2026-03-26T10:32:04.429745+00:00,415,1,2.937,85.786,176.22,96.377,1,Start,Finish,55,39.53062950025715,2.697605200917792,766,54,95,41,,,False,
2026-03-26T10:25:44+00:00,39.52656928449869,2.690424369648099,162,2026-03-26T10:32:04.429745+00:00,415,1,2.675,88.461,160.5,96.001,1,Start,Finish,55,39.53062950025715,2.697605200917792,764,54,94,40,,,False,
2026-03-26T10:25:45+00:00,39.5265669375658,2.69045471213758,162,2026-03-26T10:32:04.429745+00:00,415,1,2.615,91.076,156.9,95.726,1,Start,Finish,55,39.53062950025715,2.697605200917792,762,54,93,39,,,False,
2026-03-26T10:25:46+00:00,39.52656685374677,2.690486898645758,161,2026-03-26T10:32:04.429745+00:00,415,1,2.761,93.837,165.66,90.193,1,Start,Finish,55,39.53062950025715,2.697605200917792,759,53,92,39,,,False,
2026-03-26T10:25:47+00:00,39.52656760811806,2.690520593896508,160,2026-03-26T10:32:04.429745+00:00,415,1,2.891,96.728,173.46,88.337,1,Start,Finish,55,39.53062950025715,2.697605200917792,757,53,91,38,,,False,
2026-03-26T10:25:48+00:00,39.52656869776547,2.6905538700520992,160,2026-03-26T10:32:04.429745+00:00,415,1,2.857,99.585,171.42,87.569,1,Start,Finish,55,39.53062950025715,2.697605200917792,755,53,89,36,,,False,
2026-03-26T10:25:49+00:00,39.526568530127406,2.6905859727412462,159,2026-03-26T10:32:04.429745+00:00,415,1,2.753,102.338,165.18,90.388,1,Start,Finish,55,39.53062950025715,2.697605200917792,753,53,87,34,,,False,
2026-03-26T10:25:50+00:00,39.52657003886998,2.690618075430393,159,2026-03-26T10:32:04.429745+00:00,415,1,2.758,105.097,165.48,86.513,1,Start,Finish,55,39.53062950025715,2.697605200917792,750,53,87,34,,,False,
2026-03-26T10:25:51+00:00,39.52657263725996,2.690648166462779,160,2026-03-26T10:32:04.429745+00:00,415,1,2.597,107.694,155.82,83.612,1,Start,Finish,55,39.53062950025715,2.697605200917792,748,53,87,34,,,False,
2026-03-26T10:25:52+00:00,39.52657540328801,2.6906789280474186,160,2026-03-26T10:32:04.429745+00:00,415,1,2.656,110.35,159.36,83.351,1,Start,Finish,55,39.53062950025715,2.697605200917792,746,53,87,34,,,False,
2026-03-26T10:25:53+00:00,39.52657456509769,2.69070734269917,160,2026-03-26T10:32:04.429745+00:00,415,1,2.439,112.789,146.34,92.19,1,Start,Finish,55,39.53062950025715,2.697605200917792,744,53,87,34,,,False,
2026-03-26T10:25:54+00:00,39.52657506801188,2.6907346677035093,160,2026-03-26T10:32:04.429745+00:00,415,1,2.344,115.133,140.64,88.633,1,Start,Finish,55,39.53062950025715,2.697605200917792,742,53,87,34,,,False,
2026-03-26T10:25:55+00:00,39.52657716348767,2.6907640881836414,160,2026-03-26T10:32:04.429745+00:00,415,1,2.534,117.667,152.04,84.724,1,Start,Finish,55,39.53062950025715,2.697605200917792,740,52,88,36,,,False,
2026-03-26T10:25:56+00:00,39.52657816931605,2.6907943468540907,161,2026-03-26T10:32:04.429745+00:00,415,1,2.598,120.265,155.88,87.532,1,Start,Finish,55,39.53062950025715,2.697605200917792,738,52,89,37,,,False,
2026-03-26T10:25:57+00:00,39.52657850459218,2.690826952457428,162,2026-03-26T10:32:04.429745+00:00,415,1,2.797,123.062,167.82,89.236,1,Start,Finish,55,39.53062950025715,2.697605200917792,735,52,88,36,,,False,
2026-03-26T10:25:58+00:00,39.52657766640186,2.6908566243946552,162,2026-03-26T10:32:04.429745+00:00,415,1,2.547,125.608,152.82,92.097,1,Start,Finish,55,39.53062950025715,2.697605200917792,733,52,88,36,,,False,
2026-03-26T10:25:59+00:00,39.52657657675445,2.69088470377028,163,2026-03-26T10:32:04.429745+00:00,415,1,2.411,128.019,144.66,92.88,1,Start,Finish,55,39.53062950025715,2.697605200917792,732,52,88,36,,,False,
2026-03-26T10:26:00+00:00,39.526577247306705,2.69091353751719,163,2026-03-26T10:32:04.429745+00:00,415,1,2.474,130.494,148.44,88.273,1,Start,Finish,55,39.53062950025715,2.697605200917792,730,52,89,37,,,False,
2026-03-26T10:26:01+00:00,39.52657951042056,2.6909410301595926,162,2026-03-26T10:32:04.429745+00:00,415,1,2.371,132.865,142.26,83.908,1,Start,Finish,55,39.53062950025715,2.697605200917792,728,52,87,35,,,False,
2026-03-26T10:26:02+00:00,39.526581605896354,2.6909713726490736,162,2026-03-26T10:32:04.429745+00:00,415,1,2.613,135.478,156.78,84.884,1,Start,Finish,55,39.53062950025715,2.697605200917792,725,52,86,34,,,False,
2026-03-26T10:26:03+00:00,39.526582108810544,2.691001882776618,162,2026-03-26T10:32:04.429745+00:00,415,1,2.617,138.095,157.02,88.776,1,Start,Finish,55,39.53062950025715,2.697605200917792,723,52,82,30,,,False,
2026-03-26T10:26:04+00:00,39.52658797614277,2.6910297945141792,162,2026-03-26T10:32:04.429745+00:00,415,1,2.481,140.576,148.86,74.755,1,Start,Finish,55,39.53062950025715,2.697605200917792,721,51,80,29,,,False,
2026-03-26T10:26:05+00:00,39.52659317292273,2.691062819212675,163,2026-03-26T10:32:04.429745+00:00,415,1,2.891,143.467,173.46,78.469,1,Start,Finish,55,39.53062950025715,2.697605200917792,719,51,80,29,,,False,
2026-03-26T10:26:06+00:00,39.5265999622643,2.6910945866256952,164,2026-03-26T10:32:04.429745+00:00,415,1,2.827,146.295,169.62,74.513,1,Start,Finish,55,39.53062950025715,2.697605200917792,716,51,79,28,,,False,
2026-03-26T10:26:07+00:00,39.52660700306296,2.6911248452961445,163,2026-03-26T10:32:04.429745+00:00,415,1,2.711,149.005,162.66,73.213,1,Start,Finish,55,39.53062950025715,2.697605200917792,713,51,78,27,,,False,
2026-03-26T10:26:08+00:00,39.52660960145295,2.691157199442386,164,2026-03-26T10:32:04.429745+00:00,415,1,2.79,151.795,167.4,84.056,1,Start,Finish,55,39.53062950025715,2.697605200917792,711,51,79,28,,,False,
2026-03-26T10:26:09+00:00,39.52661261893809,2.6911877933889627,164,2026-03-26T10:32:04.429745+00:00,415,1,2.645,154.441,158.7,82.713,1,Start,Finish,55,39.53062950025715,2.697605200917792,709,51,80,29,,,False,
2026-03-26T10:26:10+00:00,39.52661722898483,2.691218890249729,164,2026-03-26T10:32:04.429745+00:00,415,1,2.716,157.156,162.96,79.121,1,Start,Finish,55,39.53062950025715,2.697605200917792,706,51,81,30,,,False,
2026-03-26T10:26:11+00:00,39.526621252298355,2.6912518311291933,164,2026-03-26T10:32:04.429745+00:00,415,1,2.86,160.017,171.6,81.002,1,Start,Finish,55,39.53062950025715,2.697605200917792,704,51,82,31,,,False,
2026-03-26T10:26:12+00:00,39.52662485651672,2.6912853587418795,163,2026-03-26T10:32:04.429745+00:00,415,1,2.903,162.92,174.18,82.066,1,Start,Finish,55,39.53062950025715,2.697605200917792,701,51,83,32,,,False,
2026-03-26T10:26:13+00:00,39.52662804163992,2.6913162041455507,163,2026-03-26T10:32:04.429745+00:00,415,1,2.669,165.589,160.14,82.375,1,Start,Finish,55,39.53062950025715,2.697605200917792,699,50,83,33,,,False,
2026-03-26T10:26:14+00:00,39.52663013711572,2.6913501508533955,163,2026-03-26T10:32:04.429745+00:00,415,1,2.921,168.51,175.26,85.424,1,Start,Finish,55,39.53062950025715,2.697605200917792,697,50,84,34,,,False,
2026-03-26T10:26:15+00:00,39.52663214877248,2.6913845166563988,162,2026-03-26T10:32:04.429745+00:00,415,1,2.956,171.466,177.36,85.66,1,Start,Finish,55,39.53062950025715,2.697605200917792,694,50,85,35,,,False,
2026-03-26T10:26:16+00:00,39.52663474716246,2.691413937136531,163,2026-03-26T10:32:04.429745+00:00,415,1,2.54,174.006,152.4,83.468,1,Start,Finish,55,39.53062950025715,2.697605200917792,692,50,86,36,,,False,
2026-03-26T10:26:17+00:00,39.52663575299084,2.6914452854543924,162,2026-03-26T10:32:04.429745+00:00,415,1,2.691,176.697,161.46,87.618,1,Start,Finish,55,39.53062950025715,2.697605200917792,690,50,86,36,,,False,
2026-03-26T10:26:18+00:00,39.52663742937147,2.691473448649049,162,2026-03-26T10:32:04.429745+00:00,415,1,2.423,179.12,145.38,85.587,1,Start,Finish,55,39.53062950025715,2.697605200917792,688,50,87,37,,,False,
2026-03-26T10:26:19+00:00,39.52663709409535,2.6915011927485466,162,2026-03-26T10:32:04.429745+00:00,415,1,2.38,181.5,142.8,90.898,1,Start,Finish,55,39.53062950025715,2.697605200917792,686,50,88,38,,,False,
2026-03-26T10:26:20+00:00,39.5266380161047,2.6915271766483784,162,2026-03-26T10:32:04.429745+00:00,415,1,2.231,183.731,133.86,87.366,1,Start,Finish,55,39.53062950025715,2.697605200917792,685,50,88,38,,,False,
2026-03-26T10:26:21+00:00,39.52664011158049,2.6915559265762568,162,2026-03-26T10:32:04.429745+00:00,415,1,2.477,186.207,148.62,84.602,1,Start,Finish,55,39.53062950025715,2.697605200917792,683,49,89,40,,,False,
2026-03-26T10:26:22+00:00,39.526640363037586,2.6915843412280083,162,2026-03-26T10:32:04.429745+00:00,415,1,2.437,188.645,146.22,89.343,1,Start,Finish,55,39.53062950025715,2.697605200917792,681,49,89,40,,,False,
2026-03-26T10:26:23+00:00,39.52663826756179,2.691610660403967,163,2026-03-26T10:32:04.429745+00:00,415,1,2.269,190.914,136.14,95.893,1,Start,Finish,55,39.53062950025715,2.697605200917792,679,49,89,40,,,False,
2026-03-26T10:26:24+00:00,39.52663851901889,2.6916337106376886,163,2026-03-26T10:32:04.429745+00:00,415,1,1.977,192.891,118.62,89.19,1,Start,Finish,55,39.53062950025715,2.697605200917792,678,49,89,40,,,False,
2026-03-26T10:26:25+00:00,39.52663851901889,2.6916587725281715,163,2026-03-26T10:32:04.429745+00:00,415,1,2.15,195.041,129.0,90.0,1,Start,Finish,55,39.53062950025715,2.697605200917792,676,49,90,41,,,False,
2026-03-26T10:26:26+00:00,39.52664011158049,2.6916876900941133,164,2026-03-26T10:32:04.429745+00:00,415,1,2.487,197.527,149.22,85.916,1,Start,Finish,55,39.53062950025715,2.697605200917792,674,49,91,42,,,False,
2026-03-26T10:26:27+00:00,39.52664086595178,2.6917182002216578,164,2026-03-26T10:32:04.429745+00:00,415,1,2.618,200.145,157.08,88.164,1,Start,Finish,55,39.53062950025715,2.697605200917792,672,49,91,42,,,False,
2026-03-26T10:26:28+00:00,39.52663902193308,2.6917503029108047,164,2026-03-26T10:32:04.429745+00:00,415,1,2.761,202.906,165.66,94.259,1,Start,Finish,55,39.53062950025715,2.697605200917792,670,49,91,42,,,False,
2026-03-26T10:26:29+00:00,39.52663717791438,2.691778633743525,164,2026-03-26T10:32:04.429745+00:00,415,1,2.439,205.345,146.34,94.823,1,Start,Finish,55,39.53062950025715,2.697605200917792,668,48,90,42,,,False,
2026-03-26T10:26:30+00:00,39.526636842638254,2.691804952919483,165,2026-03-26T10:32:04.429745+00:00,415,1,2.258,207.602,135.48,90.946,1,Start,Finish,55,39.53062950025715,2.697605200917792,667,48,90,42,,,False,
2026-03-26T10:26:31+00:00,39.52663575299084,2.69183118827641,165,2026-03-26T10:32:04.429745+00:00,415,1,2.253,209.856,135.18,93.082,1,Start,Finish,55,39.53062950025715,2.697605200917792,665,48,90,42,,,False,
2026-03-26T10:26:32+00:00,39.52663608826697,2.6918596867471933,165,2026-03-26T10:32:04.429745+00:00,415,1,2.445,212.3,146.7,89.126,1,Start,Finish,55,39.53062950025715,2.697605200917792,663,48,90,42,,,False,
2026-03-26T10:26:33+00:00,39.52663717791438,2.6918900292366743,164,2026-03-26T10:32:04.429745+00:00,415,1,2.605,214.906,156.3,87.334,1,Start,Finish,55,39.53062950025715,2.697605200917792,661,48,88,40,,,False,
2026-03-26T10:26:34+00:00,39.52663952484727,2.69191668368876,163,2026-03-26T10:32:04.429745+00:00,415,1,2.301,217.207,138.06,83.488,1,Start,Finish,55,39.53062950025715,2.697605200917792,659,48,87,39,,,False,
2026-03-26T10:26:35+00:00,39.52663944102824,2.6919429190456867,161,2026-03-26T10:32:04.429745+00:00,415,1,2.25,219.457,135.0,90.237,1,Start,Finish,55,39.53062950025715,2.697605200917792,658,48,86,38,,,False,
2026-03-26T10:26:36+00:00,39.52664229087531,2.6919700764119625,161,2026-03-26T10:32:04.429745+00:00,415,1,2.351,221.807,141.06,82.253,1,Start,Finish,55,39.53062950025715,2.697605200917792,656,47,86,39,,,False,
2026-03-26T10:26:37+00:00,39.52664463780821,2.691998155787587,161,2026-03-26T10:32:04.429745+00:00,415,1,2.422,224.23,145.32,83.815,1,Start,Finish,55,39.53062950025715,2.697605200917792,654,47,87,40,,,False,
2026-03-26T10:26:38+00:00,39.5266483258456,2.6920243073254824,161,2026-03-26T10:32:04.429745+00:00,415,1,2.28,226.51,136.8,79.639,1,Start,Finish,55,39.53062950025715,2.697605200917792,652,47,87,40,,,False,
2026-03-26T10:26:39+00:00,39.52665125951171,2.6920537278056145,160,2026-03-26T10:32:04.429745+00:00,415,1,2.544,229.054,152.64,82.634,1,Start,Finish,55,39.53062950025715,2.697605200917792,650,47,89,42,,,False,
2026-03-26T10:26:40+00:00,39.52664891257882,2.6920826453715563,159,2026-03-26T10:32:04.429745+00:00,415,1,2.494,231.548,149.64,96.007,1,Start,Finish,55,39.53062950025715,2.697605200917792,648,47,89,42,,,False,
2026-03-26T10:26:41+00:00,39.52664748765528,2.6921111438423395,159,2026-03-26T10:32:04.429745+00:00,415,1,2.449,233.998,146.94,93.709,1,Start,Finish,55,39.53062950025715,2.697605200917792,647,47,90,43,,,False,
2026-03-26T10:26:42+00:00,39.52664606273174,2.692138971760869,159,2026-03-26T10:32:04.429745+00:00,415,1,2.392,236.39,143.52,93.798,1,Start,Finish,55,39.53062950025715,2.697605200917792,645,47,90,43,,,False,
2026-03-26T10:26:43+00:00,39.52664396725595,2.6921682246029377,160,2026-03-26T10:32:04.429745+00:00,415,1,2.52,238.909,151.2,95.306,1,Start,Finish,55,39.53062950025715,2.697605200917792,643,46,92,46,,,False,
2026-03-26T10:26:44+00:00,39.526643715798855,2.692195801064372,160,2026-03-26T10:32:04.429745+00:00,415,1,2.365,241.275,141.9,90.677,1,Start,Finish,55,39.53062950025715,2.697605200917792,642,46,93,47,,,False,
2026-03-26T10:26:45+00:00,39.52664338052273,2.692225305363536,160,2026-03-26T10:32:04.429745+00:00,415,1,2.531,243.805,151.86,90.844,1,Start,Finish,55,39.53062950025715,2.697605200917792,640,46,92,46,,,False,
2026-03-26T10:26:46+00:00,39.52664379961789,2.692258246243,159,2026-03-26T10:32:04.429745+00:00,415,1,2.826,246.631,169.56,89.055,1,Start,Finish,55,39.53062950025715,2.697605200917792,638,46,89,43,,,False,
2026-03-26T10:26:47+00:00,39.52664019539952,2.692289175465703,157,2026-03-26T10:32:04.429745+00:00,415,1,2.683,249.314,160.98,98.591,1,Start,Finish,55,39.53062950025715,2.697605200917792,636,46,89,43,,,False,
2026-03-26T10:26:48+00:00,39.52664354816079,2.692316835746169,155,2026-03-26T10:32:04.429745+00:00,415,1,2.401,251.715,144.06,81.069,1,Start,Finish,55,39.53062950025715,2.697605200917792,634,46,88,42,,,False,
2026-03-26T10:26:49+00:00,39.526647152379155,2.692344579845667,155,2026-03-26T10:32:04.429745+00:00,415,1,2.413,254.128,144.78,80.44,1,Start,Finish,55,39.53062950025715,2.697605200917792,632,46,89,43,,,False,
2026-03-26T10:26:50+00:00,39.52664690092206,2.692377269268036,154,2026-03-26T10:32:04.429745+00:00,415,1,2.804,256.932,168.24,90.571,1,Start,Finish,55,39.53062950025715,2.697605200917792,630,45,88,43,,,False,
2026-03-26T10:26:51+00:00,39.526648074388504,2.692405767738819,155,2026-03-26T10:32:04.429745+00:00,415,1,2.448,259.38,146.88,86.944,1,Start,Finish,55,39.53062950025715,2.697605200917792,628,45,87,42,,,False,
2026-03-26T10:26:52+00:00,39.526646733284,2.6924377866089344,156,2026-03-26T10:32:04.429745+00:00,415,1,2.75,262.13,165.0,93.108,1,Start,Finish,55,39.53062950025715,2.697605200917792,627,45,88,43,,,False,
2026-03-26T10:26:53+00:00,39.52664799056947,2.69246636889875,158,2026-03-26T10:32:04.429745+00:00,415,1,2.455,264.586,147.3,86.736,1,Start,Finish,55,39.53062950025715,2.697605200917792,625,45,89,44,,,False,
2026-03-26T10:26:54+00:00,39.52664924785495,2.6924960408359766,158,2026-03-26T10:32:04.429745+00:00,415,1,2.549,267.134,152.94,86.856,1,Start,Finish,55,39.53062950025715,2.697605200917792,623,45,89,44,,,False,
2026-03-26T10:26:55+00:00,39.526648158207536,2.6925282273441553,157,2026-03-26T10:32:04.429745+00:00,415,1,2.763,269.898,165.78,92.513,1,Start,Finish,55,39.53062950025715,2.697605200917792,621,45,89,44,,,False,
2026-03-26T10:26:56+00:00,39.52664899639785,2.6925570610910654,156,2026-03-26T10:32:04.429745+00:00,415,1,2.475,272.372,148.5,87.842,1,Start,Finish,55,39.53062950025715,2.697605200917792,619,44,87,43,,,False,
2026-03-26T10:26:57+00:00,39.52664916403592,2.6925870683044195,155,2026-03-26T10:32:04.429745+00:00,415,1,2.574,274.946,154.44,89.585,1,Start,Finish,55,39.53062950025715,2.697605200917792,617,44,86,42,,,False,
2026-03-26T10:26:58+00:00,39.5266517624259,2.6926173269748688,154,2026-03-26T10:32:04.429745+00:00,415,1,2.611,277.557,156.66,83.647,1,Start,Finish,55,39.53062950025715,2.697605200917792,615,44,85,41,,,False,
2026-03-26T10:26:59+00:00,39.52665419317782,2.6926480047404766,154,2026-03-26T10:32:04.429745+00:00,415,1,2.645,280.202,158.7,84.135,1,Start,Finish,55,39.53062950025715,2.697605200917792,613,44,84,40,,,False,
2026-03-26T10:27:00+00:00,39.526658887043595,2.692679353058338,153,2026-03-26T10:32:04.429745+00:00,415,1,2.739,282.941,164.34,79.014,1,Start,Finish,55,39.53062950025715,2.697605200917792,611,44,83,39,,,False,
2026-03-26T10:27:01+00:00,39.52666383236647,2.6927148923277855,153,2026-03-26T10:32:04.429745+00:00,415,1,3.097,286.039,185.82,79.774,1,Start,Finish,55,39.53062950025715,2.697605200917792,609,44,81,37,,,False,
2026-03-26T10:27:02+00:00,39.526667604222894,2.6927490066736937,154,2026-03-26T10:32:04.429745+00:00,415,1,2.956,288.994,177.36,81.843,1,Start,Finish,55,39.53062950025715,2.697605200917792,606,43,81,38,,,False,
2026-03-26T10:27:03+00:00,39.52667087316513,2.6927800197154284,156,2026-03-26T10:32:04.429745+00:00,415,1,2.685,291.679,161.1,82.218,1,Start,Finish,55,39.53062950025715,2.697605200917792,604,43,80,37,,,False,
2026-03-26T10:27:04+00:00,39.52667674049735,2.692810697481036,156,2026-03-26T10:32:04.429745+00:00,415,1,2.711,294.39,162.66,76.074,1,Start,Finish,55,39.53062950025715,2.697605200917792,602,43,81,38,,,False,
2026-03-26T10:27:05+00:00,39.526680428534746,2.6928396988660097,155,2026-03-26T10:32:04.429745+00:00,415,1,2.521,296.911,151.26,80.638,1,Start,Finish,55,39.53062950025715,2.697605200917792,600,43,82,39,,,False,
2026-03-26T10:27:06+00:00,39.52668319456279,2.6928709633648396,154,2026-03-26T10:32:04.429745+00:00,415,1,2.699,299.61,161.94,83.457,1,Start,Finish,55,39.53062950025715,2.697605200917792,598,43,83,40,,,False,
2026-03-26T10:27:07+00:00,39.52668596059084,2.692902646958828,153,2026-03-26T10:32:04.429745+00:00,415,1,2.735,302.345,164.1,83.543,1,Start,Finish,55,39.53062950025715,2.697605200917792,596,43,84,41,,,False,
2026-03-26T10:27:08+00:00,39.52668780460954,2.6929352525621653,152,2026-03-26T10:32:04.429745+00:00,415,1,2.804,305.149,168.24,85.806,1,Start,Finish,55,39.53062950025715,2.697605200917792,594,42,85,43,,,False,
2026-03-26T10:27:09+00:00,39.52668881043792,2.6929705403745174,152,2026-03-26T10:32:04.429745+00:00,415,1,3.029,308.177,181.74,87.884,1,Start,Finish,55,39.53062950025715,2.697605200917792,592,42,86,44,,,False,
2026-03-26T10:27:10+00:00,39.52668990008533,2.6930047385394573,151,2026-03-26T10:32:04.429745+00:00,415,1,2.936,311.113,176.16,87.635,1,Start,Finish,55,39.53062950025715,2.697605200917792,590,42,86,44,,,False,
2026-03-26T10:27:11+00:00,39.52669132500887,2.6930361706763506,152,2026-03-26T10:32:04.429745+00:00,415,1,2.701,313.813,162.06,86.636,1,Start,Finish,55,39.53062950025715,2.697605200917792,588,42,87,45,,,False,
2026-03-26T10:27:12+00:00,39.52669291757047,2.6930650882422924,151,2026-03-26T10:32:04.429745+00:00,415,1,2.487,316.3,149.22,85.916,1,Start,Finish,55,39.53062950025715,2.697605200917792,586,42,86,44,,,False,
2026-03-26T10:27:13+00:00,39.52669518068433,2.6930927485227585,152,2026-03-26T10:32:04.429745+00:00,415,1,2.386,318.686,143.16,83.945,1,Start,Finish,55,39.53062950025715,2.697605200917792,584,41,86,45,,,False,
2026-03-26T10:27:14+00:00,39.526695515960455,2.6931206602603197,152,2026-03-26T10:32:04.429745+00:00,415,1,2.394,321.08,143.64,89.108,1,Start,Finish,55,39.53062950025715,2.697605200917792,582,41,87,46,,,False,
2026-03-26T10:27:15+00:00,39.52669635415077,2.693148236721754,154,2026-03-26T10:32:04.429745+00:00,415,1,2.367,323.447,142.02,87.743,1,Start,Finish,55,39.53062950025715,2.697605200917792,581,41,87,46,,,False,
2026-03-26T10:27:16+00:00,39.52669962309301,2.693178579211235,156,2026-03-26T10:32:04.429745+00:00,415,1,2.628,326.075,157.68,82.049,1,Start,Finish,55,39.53062950025715,2.697605200917792,579,41,88,47,,,False,
2026-03-26T10:27:17+00:00,39.52670029364526,2.693206910043955,156,2026-03-26T10:32:04.429745+00:00,415,1,2.431,328.506,145.86,88.242,1,Start,Finish,55,39.53062950025715,2.697605200917792,577,41,90,49,,,False,
2026-03-26T10:27:18+00:00,39.526698952540755,2.6932364981621504,157,2026-03-26T10:32:04.429745+00:00,415,1,2.542,331.048,152.52,93.363,1,Start,Finish,55,39.53062950025715,2.697605200917792,576,41,91,50,,,False,
2026-03-26T10:27:19+00:00,39.526697443798184,2.6932658348232508,156,2026-03-26T10:32:04.429745+00:00,415,1,2.522,333.569,151.32,93.815,1,Start,Finish,55,39.53062950025715,2.697605200917792,574,40,92,52,,,False,
2026-03-26T10:27:20+00:00,39.526693504303694,2.693295171484351,154,2026-03-26T10:32:04.429745+00:00,415,1,2.554,336.123,153.24,99.876,1,Start,Finish,55,39.53062950025715,2.697605200917792,573,40,92,52,,,False,
2026-03-26T10:27:21+00:00,39.52669266611338,2.6933233346790075,154,2026-03-26T10:32:04.429745+00:00,415,1,2.417,338.541,145.02,92.21,1,Start,Finish,55,39.53062950025715,2.697605200917792,571,40,91,51,,,False,
2026-03-26T10:27:22+00:00,39.52669191174209,2.693352922797203,157,2026-03-26T10:32:04.429745+00:00,415,1,2.539,341.08,152.34,91.893,1,Start,Finish,55,39.53062950025715,2.697605200917792,570,40,91,51,,,False,
2026-03-26T10:27:23+00:00,39.52669476158917,2.6933839358389378,157,2026-03-26T10:32:04.429745+00:00,415,1,2.679,343.758,160.74,83.206,1,Start,Finish,55,39.53062950025715,2.697605200917792,568,40,89,49,,,False,
2026-03-26T10:27:24+00:00,39.52669635415077,2.6934136915951967,157,2026-03-26T10:32:04.429745+00:00,415,1,2.558,346.317,153.48,86.031,1,Start,Finish,55,39.53062950025715,2.697605200917792,566,39,88,49,,,False,
2026-03-26T10:27:25+00:00,39.52669610269368,2.6934416871517897,152,2026-03-26T10:32:04.429745+00:00,415,1,2.401,348.718,144.06,90.667,1,Start,Finish,55,39.53062950025715,2.697605200917792,565,39,86,47,,,False,
2026-03-26T10:27:26+00:00,39.52669643796981,2.6934709399938583,152,2026-03-26T10:32:04.429745+00:00,415,1,2.509,351.227,150.54,89.149,1,Start,Finish,55,39.53062950025715,2.697605200917792,563,39,85,46,,,False,
2026-03-26T10:27:27+00:00,39.52669920399785,2.693497510626912,154,2026-03-26T10:32:04.429745+00:00,415,1,2.3,353.527,138.0,82.314,1,Start,Finish,55,39.53062950025715,2.697605200917792,561,39,84,45,,,False,
2026-03-26T10:27:28+00:00,39.52670129947364,2.693526679649949,154,2026-03-26T10:32:04.429745+00:00,415,1,2.513,356.039,150.78,84.679,1,Start,Finish,55,39.53062950025715,2.697605200917792,560,39,85,46,,,False,
2026-03-26T10:27:29+00:00,39.52670590952039,2.6935560163110495,154,2026-03-26T10:32:04.429745+00:00,415,1,2.568,358.607,154.08,78.485,1,Start,Finish,55,39.53062950025715,2.697605200917792,558,39,86,47,,,False,
2026-03-26T10:27:30+00:00,39.52670951373875,2.693587029352784,154,2026-03-26T10:32:04.429745+00:00,415,1,2.69,361.297,161.4,81.432,1,Start,Finish,55,39.53062950025715,2.697605200917792,556,38,85,47,,,False,
2026-03-26T10:27:31+00:00,39.52670942991972,2.693620976060629,153,2026-03-26T10:32:04.429745+00:00,415,1,2.912,364.209,174.72,90.183,1,Start,Finish,55,39.53062950025715,2.697605200917792,554,38,86,48,,,False,
2026-03-26T10:27:32+00:00,39.52670733444393,2.69365425221622,152,2026-03-26T10:32:04.429745+00:00,415,1,2.864,367.072,171.84,94.667,1,Start,Finish,55,39.53062950025715,2.697605200917792,552,38,89,51,,,False,
2026-03-26T10:27:33+00:00,39.52670909464359,2.693686606362462,151,2026-03-26T10:32:04.429745+00:00,415,1,2.782,369.854,166.92,85.965,1,Start,Finish,55,39.53062950025715,2.697605200917792,550,38,90,52,,,False,
2026-03-26T10:27:34+00:00,39.526709262281656,2.693710159510374,151,2026-03-26T10:32:04.429745+00:00,415,1,2.02,371.874,121.2,89.471,1,Start,Finish,55,39.53062950025715,2.697605200917792,549,37,92,55,,,False,
2026-03-26T10:27:35+00:00,39.52670616097748,2.6937386579811573,153,2026-03-26T10:32:04.429745+00:00,415,1,2.468,374.343,148.08,98.031,1,Start,Finish,55,39.53062950025715,2.697605200917792,548,37,92,55,,,False,
2026-03-26T10:27:36+00:00,39.52670498751104,2.693768162280321,153,2026-03-26T10:32:04.429745+00:00,415,1,2.534,376.877,152.04,92.952,1,Start,Finish,55,39.53062950025715,2.697605200917792,547,37,93,56,,,False,
2026-03-26T10:27:37+00:00,39.52670498751104,2.69379741512239,153,2026-03-26T10:32:04.429745+00:00,415,1,2.509,379.385,150.54,90.0,1,Start,Finish,55,39.53062950025715,2.697605200917792,545,37,94,57,,,False,
2026-03-26T10:27:38+00:00,39.52670272439718,2.6938275061547756,153,2026-03-26T10:32:04.429745+00:00,415,1,2.593,381.979,155.58,95.569,1,Start,Finish,55,39.53062950025715,2.697605200917792,544,37,96,59,,,False,
2026-03-26T10:27:39+00:00,39.526698449626565,2.693858351558447,155,2026-03-26T10:32:04.429745+00:00,415,1,2.688,384.666,161.28,100.186,1,Start,Finish,55,39.53062950025715,2.697605200917792,543,36,95,59,,,False,
2026-03-26T10:27:40+00:00,39.52669476158917,2.6938864309340715,155,2026-03-26T10:32:04.429745+00:00,415,1,2.443,387.109,146.58,99.664,1,Start,Finish,55,39.53062950025715,2.697605200917792,541,36,95,59,,,False,
2026-03-26T10:27:41+00:00,39.52669375576079,2.693913672119379,157,2026-03-26T10:32:04.429745+00:00,415,1,2.339,389.449,140.34,92.741,1,Start,Finish,55,39.53062950025715,2.697605200917792,540,36,96,60,,,False,
2026-03-26T10:27:42+00:00,39.52669149264693,2.6939433440566063,157,2026-03-26T10:32:04.429745+00:00,415,1,2.557,392.006,153.42,95.647,1,Start,Finish,55,39.53062950025715,2.697605200917792,539,36,95,59,,,False,
2026-03-26T10:27:43+00:00,39.526690654456615,2.6939725130796432,157,2026-03-26T10:32:04.429745+00:00,415,1,2.503,394.509,150.18,92.134,1,Start,Finish,55,39.53062950025715,2.697605200917792,537,35,94,59,,,False,
2026-03-26T10:27:44+00:00,39.52668922953307,2.694002268835902,156,2026-03-26T10:32:04.429745+00:00,415,1,2.557,397.066,153.42,93.553,1,Start,Finish,55,39.53062950025715,2.697605200917792,536,35,93,58,,,False,
2026-03-26T10:27:45+00:00,39.52668881043792,2.6940311025828123,156,2026-03-26T10:32:04.429745+00:00,415,1,2.473,399.54,148.38,91.08,1,Start,Finish,55,39.53062950025715,2.697605200917792,535,35,93,58,,,False,
2026-03-26T10:27:46+00:00,39.52668990008533,2.6940607745200396,153,2026-03-26T10:32:04.429745+00:00,415,1,2.548,402.088,152.88,87.274,1,Start,Finish,55,39.53062950025715,2.697605200917792,533,35,97,62,,,False,
2026-03-26T10:27:47+00:00,39.526688642799854,2.6940917875617743,152,2026-03-26T10:32:04.429745+00:00,415,1,2.664,404.751,159.84,93.009,1,Start,Finish,55,39.53062950025715,2.697605200917792,532,35,97,62,,,False,
2026-03-26T10:27:48+00:00,39.52668596059084,2.694121124222874,152,2026-03-26T10:32:04.429745+00:00,415,1,2.534,407.285,152.04,96.76,1,Start,Finish,55,39.53062950025715,2.697605200917792,531,34,98,64,,,False,
2026-03-26T10:27:49+00:00,39.52668026089668,2.694147527217865,154,2026-03-26T10:32:04.429745+00:00,415,1,2.352,409.636,141.12,105.635,1,Start,Finish,55,39.53062950025715,2.697605200917792,530,34,99,65,,,False,
2026-03-26T10:27:50+00:00,39.526673052459955,2.6941697392612696,154,2026-03-26T10:32:04.429745+00:00,415,1,2.067,411.703,124.02,112.818,1,Start,Finish,55,39.53062950025715,2.697605200917792,529,34,99,65,,,False,
2026-03-26T10:27:51+00:00,39.52666995115578,2.694193460047245,154,2026-03-26T10:32:04.429745+00:00,415,1,2.063,413.767,123.78,99.62,1,Start,Finish,55,39.53062950025715,2.697605200917792,529,34,100,66,,,False,
2026-03-26T10:27:52+00:00,39.52666752040386,2.6942201983183622,155,2026-03-26T10:32:04.429745+00:00,415,1,2.309,416.076,138.54,96.722,1,Start,Finish,55,39.53062950025715,2.697605200917792,528,33,99,66,,,False,
2026-03-26T10:27:53+00:00,39.52666408382356,2.6942451763898134,155,2026-03-26T10:32:04.429745+00:00,415,1,2.176,418.252,130.56,100.114,1,Start,Finish,55,39.53062950025715,2.697605200917792,527,33,91,58,,,False,
2026-03-26T10:27:54+00:00,39.52665955759585,2.6942736748605967,155,2026-03-26T10:32:04.429745+00:00,415,1,2.496,420.748,149.76,101.635,1,Start,Finish,55,39.53062950025715,2.697605200917792,526,33,83,50,,,False,
2026-03-26T10:27:55+00:00,39.52665905468166,2.6942995749413967,156,2026-03-26T10:32:04.429745+00:00,415,1,2.222,422.97,133.32,91.442,1,Start,Finish,55,39.53062950025715,2.697605200917792,525,33,73,40,,,False,
2026-03-26T10:27:56+00:00,39.52666089870036,2.694321870803833,157,2026-03-26T10:32:04.429745+00:00,415,1,1.923,424.893,115.38,83.88,1,Start,Finish,55,39.53062950025715,2.697605200917792,523,33,65,32,,,False,
2026-03-26T10:27:57+00:00,39.526662239804864,2.6943362038582563,157,2026-03-26T10:32:04.429745+00:00,415,1,1.238,426.131,74.28,83.083,1,Start,Finish,55,39.53062950025715,2.697605200917792,523,32,61,29,,,False,
2026-03-26T10:27:58+00:00,39.52667322009802,2.6943417359143496,158,2026-03-26T10:32:04.429745+00:00,415,1,1.31,427.441,78.6,21.237,1,Start,Finish,55,39.53062950025715,2.697605200917792,521,32,61,29,,,False,
2026-03-26T10:27:59+00:00,39.52669274993241,2.694347770884633,158,2026-03-26T10:32:04.429745+00:00,415,1,2.232,429.674,133.92,13.406,1,Start,Finish,55,39.53062950025715,2.697605200917792,519,33,51,18,,,False,
2026-03-26T10:28:00+00:00,39.52671328559518,2.694357493892312,158,2026-03-26T10:32:04.429745+00:00,415,1,2.431,432.105,145.86,20.062,1,Start,Finish,55,39.53062950025715,2.697605200917792,517,33,41,8,,,False,
2026-03-26T10:28:01+00:00,39.52673323452473,2.694371240213514,158,2026-03-26T10:32:04.429745+00:00,415,1,2.512,434.617,150.72,27.991,1,Start,Finish,55,39.53062950025715,2.697605200917792,514,33,33,0,,,False,
2026-03-26T10:28:02+00:00,39.52675779350102,2.6943832263350487,160,2026-03-26T10:32:04.429745+00:00,415,1,2.918,437.535,175.08,20.629,1,Start,Finish,55,39.53062950025715,2.697605200917792,512,33,19,14,,,False,
2026-03-26T10:28:03+00:00,39.526784447953105,2.6943952962756157,162,2026-03-26T10:32:04.429745+00:00,415,1,3.139,440.674,188.34,19.253,1,Start,Finish,55,39.53062950025715,2.697605200917792,509,33,21,12,,,False,
2026-03-26T10:28:04+00:00,39.52680850401521,2.6944071147590876,162,2026-03-26T10:32:04.429745+00:00,415,1,2.861,443.535,171.66,20.754,1,Start,Finish,55,39.53062950025715,2.697605200917792,506,33,22,11,,,False,
2026-03-26T10:28:05+00:00,39.52683054842055,2.6944142393767834,162,2026-03-26T10:32:04.429745+00:00,415,1,2.526,446.061,151.56,13.998,1,Start,Finish,55,39.53062950025715,2.697605200917792,503,33,21,12,,,False,
2026-03-26T10:28:06+00:00,39.52685007825494,2.6944212801754475,162,2026-03-26T10:32:04.429745+00:00,415,1,2.254,448.315,135.24,15.54,1,Start,Finish,55,39.53062950025715,2.697605200917792,501,33,21,12,,,False,
2026-03-26T10:28:07+00:00,39.526865500956774,2.694433182477951,162,2026-03-26T10:32:04.429745+00:00,415,1,1.996,450.311,119.76,30.764,1,Start,Finish,55,39.53062950025715,2.697605200917792,499,33,21,12,,,False,
2026-03-26T10:28:08+00:00,39.52688427641988,2.6944439951330423,162,2026-03-26T10:32:04.429745+00:00,415,1,2.284,452.595,137.04,23.951,1,Start,Finish,55,39.53062950025715,2.697605200917792,497,33,21,12,,,False,
2026-03-26T10:28:09+00:00,39.52690682373941,2.694455813616514,162,2026-03-26T10:32:04.429745+00:00,415,1,2.704,455.299,162.24,22.014,1,Start,Finish,55,39.53062950025715,2.697605200917792,494,33,21,12,,,False,
2026-03-26T10:28:10+00:00,39.52693079598248,2.6944675482809544,163,2026-03-26T10:32:04.429745+00:00,415,1,2.849,458.149,170.94,20.685,1,Start,Finish,55,39.53062950025715,2.697605200917792,491,33,22,11,,,False,
2026-03-26T10:28:11+00:00,39.526952505111694,2.694479618221522,163,2026-03-26T10:32:04.429745+00:00,415,1,2.627,460.775,157.62,23.212,1,Start,Finish,55,39.53062950025715,2.697605200917792,489,33,21,12,,,False,
2026-03-26T10:28:12+00:00,39.526972537860274,2.694488251581788,164,2026-03-26T10:32:04.429745+00:00,415,1,2.347,463.123,140.82,18.387,1,Start,Finish,55,39.53062950025715,2.697605200917792,487,33,19,14,,,False,
2026-03-26T10:28:13+00:00,39.526992570608854,2.6944978069514036,164,2026-03-26T10:32:04.429745+00:00,415,1,2.374,465.496,142.44,20.199,1,Start,Finish,55,39.53062950025715,2.697605200917792,484,33,18,15,,,False,
2026-03-26T10:28:14+00:00,39.52701570466161,2.6945070270448923,166,2026-03-26T10:32:04.429745+00:00,415,1,2.691,468.187,161.46,17.088,1,Start,Finish,55,39.53062950025715,2.697605200917792,482,33,17,16,,,False,
2026-03-26T10:28:15+00:00,39.52704227529466,2.6945149060338736,166,2026-03-26T10:32:04.429745+00:00,415,1,3.031,471.218,181.86,12.883,1,Start,Finish,55,39.53062950025715,2.697605200917792,479,34,17,17,,,False,
2026-03-26T10:28:16+00:00,39.5270677562803,2.694521779194474,167,2026-03-26T10:32:04.429745+00:00,415,1,2.894,474.112,173.64,11.753,1,Start,Finish,55,39.53062950025715,2.697605200917792,476,34,17,17,,,False,
2026-03-26T10:28:17+00:00,39.52709105797112,2.6945313345640898,167,2026-03-26T10:32:04.429745+00:00,415,1,2.718,476.83,163.08,17.552,1,Start,Finish,55,39.53062950025715,2.697605200917792,474,34,17,17,,,False,
2026-03-26T10:28:18+00:00,39.52711251564324,2.6945429015904665,168,2026-03-26T10:32:04.429745+00:00,415,1,2.584,479.414,155.04,22.577,1,Start,Finish,55,39.53062950025715,2.697605200917792,471,34,18,16,,,False,
2026-03-26T10:28:19+00:00,39.52713615261018,2.694552289322018,168,2026-03-26T10:32:04.429745+00:00,415,1,2.749,482.163,164.94,17.032,1,Start,Finish,55,39.53062950025715,2.697605200917792,468,34,17,17,,,False,
2026-03-26T10:28:20+00:00,39.52715744264424,2.6945623476058245,167,2026-03-26T10:32:04.429745+00:00,415,1,2.52,484.682,151.2,20.022,1,Start,Finish,55,39.53062950025715,2.697605200917792,466,34,17,17,,,False,
2026-03-26T10:28:21+00:00,39.52717755921185,2.694572489708662,168,2026-03-26T10:32:04.429745+00:00,415,1,2.4,487.082,144.0,21.25,1,Start,Finish,55,39.53062950025715,2.697605200917792,464,34,17,17,,,False,
2026-03-26T10:28:22+00:00,39.52720379456878,2.6945796981453896,169,2026-03-26T10:32:04.429745+00:00,415,1,2.982,490.064,178.92,11.966,1,Start,Finish,55,39.53062950025715,2.697605200917792,461,34,15,19,,,False,
2026-03-26T10:28:23+00:00,39.52722977846861,2.694585984572768,169,2026-03-26T10:32:04.429745+00:00,415,1,2.939,493.003,176.34,10.57,1,Start,Finish,55,39.53062950025715,2.697605200917792,458,34,15,19,,,False,
2026-03-26T10:28:24+00:00,39.527253499254584,2.6945929415524006,169,2026-03-26T10:32:04.429745+00:00,415,1,2.704,495.708,162.24,12.747,1,Start,Finish,55,39.53062950025715,2.697605200917792,456,35,14,21,,,False,
2026-03-26T10:28:25+00:00,39.52727621421218,2.6946004014462233,169,2026-03-26T10:32:04.429745+00:00,415,1,2.606,498.313,156.36,14.215,1,Start,Finish,55,39.53062950025715,2.697605200917792,453,35,13,22,,,False,
2026-03-26T10:28:26+00:00,39.52729783952236,2.694609202444554,169,2026-03-26T10:32:04.429745+00:00,415,1,2.52,500.834,151.2,17.428,1,Start,Finish,55,39.53062950025715,2.697605200917792,451,35,12,23,,,False,
2026-03-26T10:28:27+00:00,39.52731728553772,2.694617584347725,169,2026-03-26T10:32:04.429745+00:00,415,1,2.279,503.112,136.74,18.39,1,Start,Finish,55,39.53062950025715,2.697605200917792,449,35,11,24,,,False,
2026-03-26T10:28:28+00:00,39.527340084314346,2.6946221943944693,170,2026-03-26T10:32:04.429745+00:00,415,1,2.566,505.678,153.96,8.865,1,Start,Finish,55,39.53062950025715,2.697605200917792,446,35,10,25,,,False,
2026-03-26T10:28:29+00:00,39.52736548148096,2.694624960422516,170,2026-03-26T10:32:04.429745+00:00,415,1,2.834,508.512,170.04,4.802,1,Start,Finish,55,39.53062950025715,2.697605200917792,444,35,9,26,,,False,
2026-03-26T10:28:30+00:00,39.52739138156176,2.694627223536372,170,2026-03-26T10:32:04.429745+00:00,415,1,2.886,511.398,173.16,3.856,1,Start,Finish,55,39.53062950025715,2.697605200917792,441,35,8,27,,,False,
2026-03-26T10:28:31+00:00,39.52741610817611,2.694627894088626,172,2026-03-26T10:32:04.429745+00:00,415,1,2.75,514.149,165.0,1.198,1,Start,Finish,55,39.53062950025715,2.697605200917792,439,36,8,28,,,False,
2026-03-26T10:28:32+00:00,39.527438739314675,2.6946320850402117,171,2026-03-26T10:32:04.429745+00:00,415,1,2.542,516.691,152.52,8.129,1,Start,Finish,55,39.53062950025715,2.697605200917792,437,36,8,28,,,False,
2026-03-26T10:28:33+00:00,39.5274615380913,2.694639042019844,171,2026-03-26T10:32:04.429745+00:00,415,1,2.604,519.295,156.24,13.244,1,Start,Finish,55,39.53062950025715,2.697605200917792,435,36,8,28,,,False,
2026-03-26T10:28:34+00:00,39.527482157573104,2.6946457475423813,170,2026-03-26T10:32:04.429745+00:00,415,1,2.364,521.659,141.84,14.081,1,Start,Finish,55,39.53062950025715,2.697605200917792,432,36,9,27,,,False,
2026-03-26T10:28:35+00:00,39.52750529162586,2.694651111960411,170,2026-03-26T10:32:04.429745+00:00,415,1,2.613,524.272,156.78,10.141,1,Start,Finish,55,39.53062950025715,2.697605200917792,430,36,10,26,,,False,
2026-03-26T10:28:36+00:00,39.52752825804055,2.6946554705500603,170,2026-03-26T10:32:04.429745+00:00,415,1,2.581,526.853,154.86,8.328,1,Start,Finish,55,39.53062950025715,2.697605200917792,428,36,9,27,,,False,
2026-03-26T10:28:37+00:00,39.527550134807825,2.6946595776826143,169,2026-03-26T10:32:04.429745+00:00,415,1,2.458,529.311,147.48,8.24,1,Start,Finish,55,39.53062950025715,2.697605200917792,426,36,8,28,,,False,
2026-03-26T10:28:38+00:00,39.527571676298976,2.694662092253566,168,2026-03-26T10:32:04.429745+00:00,415,1,2.405,531.716,144.3,5.145,1,Start,Finish,55,39.53062950025715,2.697605200917792,423,37,7,30,,,False,
2026-03-26T10:28:39+00:00,39.52759539708495,2.6946651097387075,168,2026-03-26T10:32:04.429745+00:00,415,1,2.65,534.366,159.0,5.604,1,Start,Finish,55,39.53062950025715,2.697605200917792,421,37,6,31,,,False,
2026-03-26T10:28:40+00:00,39.52762188389897,2.6946674566715956,166,2026-03-26T10:32:04.429745+00:00,415,1,2.952,537.318,177.12,3.91,1,Start,Finish,55,39.53062950025715,2.697605200917792,419,37,6,31,,,False,
2026-03-26T10:28:41+00:00,39.52764719724655,2.694671144708991,166,2026-03-26T10:32:04.429745+00:00,415,1,2.832,540.151,169.92,6.412,1,Start,Finish,55,39.53062950025715,2.697605200917792,416,37,5,32,,,False,
2026-03-26T10:28:42+00:00,39.52767066657543,2.6946748327463865,166,2026-03-26T10:32:04.429745+00:00,415,1,2.629,542.779,157.74,6.911,1,Start,Finish,55,39.53062950025715,2.697605200917792,414,37,6,31,,,False,
2026-03-26T10:28:43+00:00,39.527692291885614,2.6946762576699257,164,2026-03-26T10:32:04.429745+00:00,415,1,2.408,545.187,144.48,2.909,1,Start,Finish,55,39.53062950025715,2.697605200917792,412,38,10,28,,,False,
2026-03-26T10:28:44+00:00,39.527716264128685,2.6946778502315283,162,2026-03-26T10:32:04.429745+00:00,415,1,2.669,547.856,160.14,2.933,1,Start,Finish,55,39.53062950025715,2.697605200917792,410,38,18,20,,,False,
2026-03-26T10:28:45+00:00,39.52773855999112,2.694678772240877,161,2026-03-26T10:32:04.429745+00:00,415,1,2.48,550.337,148.8,1.827,1,Start,Finish,55,39.53062950025715,2.697605200917792,408,38,28,10,,,False,
2026-03-26T10:28:46+00:00,39.52775934711099,2.694686483591795,165,2026-03-26T10:32:04.429745+00:00,415,1,2.404,552.741,144.24,15.968,1,Start,Finish,55,39.53062950025715,2.697605200917792,406,38,35,3,,,False,
2026-03-26T10:28:47+00:00,39.52776974067092,2.6946968771517277,163,2026-03-26T10:32:04.429745+00:00,415,1,1.46,554.2,87.6,37.644,1,Start,Finish,55,39.53062950025715,2.697605200917792,404,38,46,8,,,False,
2026-03-26T10:28:48+00:00,39.52777351252735,2.6947158202528954,163,2026-03-26T10:32:04.429745+00:00,415,1,1.678,555.878,100.68,75.525,1,Start,Finish,55,39.53062950025715,2.697605200917792,403,38,53,15,,,False,
2026-03-26T10:28:49+00:00,39.52777225524187,2.694740295410156,163,2026-03-26T10:32:04.429745+00:00,415,1,2.104,557.982,126.24,93.81,1,Start,Finish,55,39.53062950025715,2.697605200917792,402,38,66,28,,,False,
2026-03-26T10:28:50+00:00,39.52777208760381,2.694769883528352,163,2026-03-26T10:32:04.429745+00:00,415,1,2.538,560.52,152.28,90.421,1,Start,Finish,55,39.53062950025715,2.697605200917792,400,37,78,41,,,False,
2026-03-26T10:28:51+00:00,39.52776697464287,2.6948017347604036,163,2026-03-26T10:32:04.429745+00:00,415,1,2.79,563.31,167.4,101.757,1,Start,Finish,55,39.53062950025715,2.697605200917792,399,37,87,50,,,False,
2026-03-26T10:28:52+00:00,39.52776286751032,2.694833166897297,163,2026-03-26T10:32:04.429745+00:00,415,1,2.734,566.044,164.04,99.615,1,Start,Finish,55,39.53062950025715,2.697605200917792,398,37,97,60,,,False,
2026-03-26T10:28:53+00:00,39.52776135876775,2.6948630902916193,163,2026-03-26T10:32:04.429745+00:00,415,1,2.572,568.616,154.32,93.74,1,Start,Finish,55,39.53062950025715,2.697605200917792,396,36,97,61,,,False,
2026-03-26T10:28:54+00:00,39.527757754549384,2.6948980428278446,164,2026-03-26T10:32:04.429745+00:00,415,1,3.024,571.641,181.44,97.615,1,Start,Finish,55,39.53062950025715,2.697605200917792,395,36,97,61,,,False,
2026-03-26T10:28:55+00:00,39.52775322832167,2.6949303969740868,164,2026-03-26T10:32:04.429745+00:00,415,1,2.82,574.461,169.2,100.28,1,Start,Finish,55,39.53062950025715,2.697605200917792,394,36,95,59,,,False,
2026-03-26T10:28:56+00:00,39.52775188721717,2.694960320368409,164,2026-03-26T10:32:04.429745+00:00,415,1,2.571,577.032,154.26,93.325,1,Start,Finish,55,39.53062950025715,2.697605200917792,392,35,93,58,,,False,
2026-03-26T10:28:57+00:00,39.52775104902685,2.6949905790388584,163,2026-03-26T10:32:04.429745+00:00,415,1,2.597,579.629,155.82,92.057,1,Start,Finish,55,39.53062950025715,2.697605200917792,391,35,94,59,,,False,
2026-03-26T10:28:58+00:00,39.52775071375072,2.695019245147705,162,2026-03-26T10:32:04.429745+00:00,415,1,2.459,582.087,147.54,90.869,1,Start,Finish,55,39.53062950025715,2.697605200917792,389,35,93,58,,,False,
2026-03-26T10:28:59+00:00,39.527752390131354,2.695051683112979,163,2026-03-26T10:32:04.429745+00:00,415,1,2.788,584.876,167.28,86.167,1,Start,Finish,55,39.53062950025715,2.697605200917792,388,34,91,57,,,False,
2026-03-26T10:29:00+00:00,39.527750462293625,2.6950850430876017,163,2026-03-26T10:32:04.429745+00:00,415,1,2.869,587.745,172.14,94.285,1,Start,Finish,55,39.53062950025715,2.697605200917792,386,34,91,57,,,False,
2026-03-26T10:29:01+00:00,39.5277501270175,2.6951187383383512,162,2026-03-26T10:32:04.429745+00:00,415,1,2.89,590.635,173.4,90.739,1,Start,Finish,55,39.53062950025715,2.697605200917792,385,34,90,56,,,False,
2026-03-26T10:29:02+00:00,39.52774979174137,2.6951549481600523,162,2026-03-26T10:32:04.429745+00:00,415,1,3.106,593.741,186.36,90.688,1,Start,Finish,55,39.53062950025715,2.697605200917792,383,33,90,57,,,False,
2026-03-26T10:29:03+00:00,39.52774979174137,2.695188308134675,162,2026-03-26T10:32:04.429745+00:00,415,1,2.861,596.602,171.66,90.0,1,Start,Finish,55,39.53062950025715,2.697605200917792,381,33,90,57,,,False,
2026-03-26T10:29:04+00:00,39.52775088138878,2.6952193211764097,164,2026-03-26T10:32:04.429745+00:00,415,1,2.663,599.265,159.78,87.392,1,Start,Finish,55,39.53062950025715,2.697605200917792,380,33,88,55,,,False,
2026-03-26T10:29:05+00:00,39.52775197103619,2.6952497474849224,164,2026-03-26T10:32:04.429745+00:00,415,1,2.612,601.877,156.72,87.342,1,Start,Finish,55,39.53062950025715,2.697605200917792,378,32,86,54,,,False,
2026-03-26T10:29:06+00:00,39.527752893045545,2.6952794194221497,165,2026-03-26T10:32:04.429745+00:00,415,1,2.547,604.424,152.82,87.693,1,Start,Finish,55,39.53062950025715,2.697605200917792,377,32,86,54,,,False,
2026-03-26T10:29:07+00:00,39.52775708399713,2.695309342816472,165,2026-03-26T10:32:04.429745+00:00,415,1,2.608,607.032,156.48,79.708,1,Start,Finish,55,39.53062950025715,2.697605200917792,375,32,86,54,,,False,
2026-03-26T10:29:08+00:00,39.52776144258678,2.6953419484198093,165,2026-03-26T10:32:04.429745+00:00,415,1,2.838,609.871,170.28,80.168,1,Start,Finish,55,39.53062950025715,2.697605200917792,373,31,86,55,,,False,
2026-03-26T10:29:09+00:00,39.52776303514838,2.6953751407563686,165,2026-03-26T10:32:04.429745+00:00,415,1,2.852,612.723,171.12,86.44,1,Start,Finish,55,39.53062950025715,2.697605200917792,372,31,85,54,,,False,
2026-03-26T10:29:10+00:00,39.52776102349162,2.695410680025816,165,2026-03-26T10:32:04.429745+00:00,415,1,3.056,615.779,183.36,94.197,1,Start,Finish,55,39.53062950025715,2.697605200917792,370,31,85,54,,,False,
2026-03-26T10:29:11+00:00,39.52776211313903,2.6954434532672167,165,2026-03-26T10:32:04.429745+00:00,415,1,2.813,618.593,168.78,87.532,1,Start,Finish,55,39.53062950025715,2.697605200917792,369,30,88,58,,,False,
2026-03-26T10:29:12+00:00,39.52776529826224,2.695471281185746,165,2026-03-26T10:32:04.429745+00:00,415,1,2.413,621.005,144.78,81.559,1,Start,Finish,55,39.53062950025715,2.697605200917792,367,30,90,60,,,False,
2026-03-26T10:29:13+00:00,39.527766639366746,2.6955001149326563,165,2026-03-26T10:32:04.429745+00:00,415,1,2.477,623.483,148.62,86.549,1,Start,Finish,55,39.53062950025715,2.697605200917792,366,30,91,61,,,False,
2026-03-26T10:29:14+00:00,39.527764124795794,2.6955301221460104,164,2026-03-26T10:32:04.429745+00:00,415,1,2.589,626.072,155.34,96.201,1,Start,Finish,55,39.53062950025715,2.697605200917792,365,29,89,60,,,False,
2026-03-26T10:29:15+00:00,39.52776177786291,2.6955604646354914,163,2026-03-26T10:32:04.429745+00:00,415,1,2.615,628.687,156.9,95.727,1,Start,Finish,55,39.53062950025715,2.697605200917792,364,29,90,61,,,False,
2026-03-26T10:29:16+00:00,39.52776052057743,2.6955934055149555,162,2026-03-26T10:32:04.429745+00:00,415,1,2.829,631.516,169.74,92.833,1,Start,Finish,55,39.53062950025715,2.697605200917792,363,28,91,63,,,False,
2026-03-26T10:29:17+00:00,39.52776244841516,2.6956211496144533,161,2026-03-26T10:32:04.429745+00:00,415,1,2.389,633.905,143.34,84.852,1,Start,Finish,55,39.53062950025715,2.697605200917792,361,28,92,64,,,False,
2026-03-26T10:29:18+00:00,39.52776110731065,2.695651156827807,162,2026-03-26T10:32:04.429745+00:00,415,1,2.578,636.483,154.68,93.316,1,Start,Finish,55,39.53062950025715,2.697605200917792,360,28,92,64,,,False,
2026-03-26T10:29:19+00:00,39.52776211313903,2.695679236203432,163,2026-03-26T10:32:04.429745+00:00,415,1,2.411,638.894,144.66,87.341,1,Start,Finish,55,39.53062950025715,2.697605200917792,359,27,92,65,,,False,
2026-03-26T10:29:20+00:00,39.52776010148227,2.6957100816071033,163,2026-03-26T10:32:04.429745+00:00,415,1,2.655,641.549,159.3,94.833,1,Start,Finish,55,39.53062950025715,2.697605200917792,358,27,92,65,,,False,
2026-03-26T10:29:21+00:00,39.52775817364454,2.695741346105933,163,2026-03-26T10:32:04.429745+00:00,415,1,2.69,644.239,161.4,94.571,1,Start,Finish,55,39.53062950025715,2.697605200917792,357,27,92,65,,,False,
2026-03-26T10:29:22+00:00,39.527756329625845,2.695772862061858,161,2026-03-26T10:32:04.429745+00:00,415,1,2.711,646.949,162.66,94.338,1,Start,Finish,55,39.53062950025715,2.697605200917792,356,26,92,66,,,False,
2026-03-26T10:29:23+00:00,39.52775415033102,2.6958057191222906,159,2026-03-26T10:32:04.429745+00:00,415,1,2.828,649.778,169.68,94.915,1,Start,Finish,55,39.53062950025715,2.697605200917792,355,26,93,67,,,False,
2026-03-26T10:29:24+00:00,39.5277551561594,2.6958384085446596,158,2026-03-26T10:32:04.429745+00:00,415,1,2.806,652.584,168.36,87.716,1,Start,Finish,55,39.53062950025715,2.697605200917792,354,25,95,70,,,False,
2026-03-26T10:29:25+00:00,39.52775406651199,2.695868667215109,159,2026-03-26T10:32:04.429745+00:00,415,1,2.598,655.182,155.88,92.673,1,Start,Finish,55,39.53062950025715,2.697605200917792,353,25,94,69,,,False,
2026-03-26T10:29:26+00:00,39.52775213867426,2.6958980038762093,159,2026-03-26T10:32:04.429745+00:00,415,1,2.525,657.707,151.5,94.87,1,Start,Finish,55,39.53062950025715,2.697605200917792,352,25,92,67,,,False,
2026-03-26T10:29:27+00:00,39.52774819917977,2.6959268376231194,160,2026-03-26T10:32:04.429745+00:00,415,1,2.511,660.218,150.66,100.045,1,Start,Finish,55,39.53062950025715,2.697605200917792,351,24,91,67,,,False,
2026-03-26T10:29:28+00:00,39.52774568460882,2.695952570065856,160,2026-03-26T10:32:04.429745+00:00,415,1,2.225,662.443,133.5,97.22,1,Start,Finish,55,39.53062950025715,2.697605200917792,351,24,91,67,,,False,
2026-03-26T10:29:29+00:00,39.527747025713325,2.6959803979843855,161,2026-03-26T10:32:04.429745+00:00,415,1,2.391,664.834,143.46,86.425,1,Start,Finish,55,39.53062950025715,2.697605200917792,349,23,90,67,,,False,
2026-03-26T10:29:30+00:00,39.52775021083653,2.6960104051977396,161,2026-03-26T10:32:04.429745+00:00,415,1,2.598,667.432,155.88,82.164,1,Start,Finish,55,39.53062950025715,2.697605200917792,348,23,81,58,,,False,
2026-03-26T10:29:31+00:00,39.527752893045545,2.696041502058506,161,2026-03-26T10:32:04.429745+00:00,415,1,2.684,670.116,161.04,83.619,1,Start,Finish,55,39.53062950025715,2.697605200917792,347,23,73,50,,,False,
2026-03-26T10:29:32+00:00,39.527757251635194,2.69606807269156,163,2026-03-26T10:32:04.429745+00:00,415,1,2.33,672.446,139.8,77.994,1,Start,Finish,55,39.53062950025715,2.697605200917792,346,22,59,37,,,False,
2026-03-26T10:29:33+00:00,39.52775658108294,2.6960943080484867,163,2026-03-26T10:32:04.429745+00:00,415,1,2.251,674.697,135.06,91.898,1,Start,Finish,55,39.53062950025715,2.697605200917792,345,22,53,31,,,False,
2026-03-26T10:29:34+00:00,39.52775959856808,2.6961052883416414,164,2026-03-26T10:32:04.429745+00:00,415,1,1.0,675.697,60.0,70.39,1,Start,Finish,55,39.53062950025715,2.697605200917792,344,22,49,27,,,False,
2026-03-26T10:29:35+00:00,39.52777267433703,2.696109814569354,164,2026-03-26T10:32:04.429745+00:00,415,1,1.505,677.202,90.3,14.949,1,Start,Finish,55,39.53062950025715,2.697605200917792,343,22,44,22,,,False,
2026-03-26T10:29:36+00:00,39.52779362909496,2.6961126644164324,164,2026-03-26T10:32:04.429745+00:00,415,1,2.343,679.545,140.58,5.988,1,Start,Finish,55,39.53062950025715,2.697605200917792,340,22,39,17,,,False,
2026-03-26T10:29:37+00:00,39.527814919129014,2.69611450843513,164,2026-03-26T10:32:04.429745+00:00,415,1,2.373,681.917,142.38,3.822,1,Start,Finish,55,39.53062950025715,2.697605200917792,338,22,30,8,,,False,
2026-03-26T10:29:38+00:00,39.52783771790564,2.696116855368018,164,2026-03-26T10:32:04.429745+00:00,415,1,2.543,684.46,152.58,4.54,1,Start,Finish,55,39.53062950025715,2.697605200917792,336,22,22,0,,,False,
2026-03-26T10:29:39+00:00,39.527859929949045,2.696121633052826,165,2026-03-26T10:32:04.429745+00:00,415,1,2.504,686.964,150.24,9.42,1,Start,Finish,55,39.53062950025715,2.697605200917792,333,22,8,14,,,False,
2026-03-26T10:29:40+00:00,39.52788423746824,2.6961279194802046,165,2026-03-26T10:32:04.429745+00:00,415,1,2.756,689.72,165.36,11.281,1,Start,Finish,55,39.53062950025715,2.697605200917792,331,23,7,16,,,False,
2026-03-26T10:29:41+00:00,39.52791064046323,2.696132026612758,165,2026-03-26T10:32:04.429745+00:00,415,1,2.957,692.677,177.42,6.842,1,Start,Finish,55,39.53062950025715,2.697605200917792,328,23,8,15,,,False,
2026-03-26T10:29:42+00:00,39.527933690696955,2.6961358822882175,165,2026-03-26T10:32:04.429745+00:00,415,1,2.584,695.261,155.04,7.352,1,Start,Finish,55,39.53062950025715,2.697605200917792,325,23,7,16,,,False,
2026-03-26T10:29:43+00:00,39.52795439399779,2.69613990560174,167,2026-03-26T10:32:04.429745+00:00,415,1,2.328,697.589,139.68,8.525,1,Start,Finish,55,39.53062950025715,2.697605200917792,323,23,5,18,,,False,
2026-03-26T10:29:44+00:00,39.52797727659345,2.6961423363536596,168,2026-03-26T10:32:04.429745+00:00,415,1,2.553,700.142,153.18,4.684,1,Start,Finish,55,39.53062950025715,2.697605200917792,320,23,4,19,,,False,
2026-03-26T10:29:45+00:00,39.52800074592233,2.696141581982374,167,2026-03-26T10:32:04.429745+00:00,415,1,2.61,702.753,156.6,358.58,1,Start,Finish,55,39.53062950025715,2.697605200917792,318,23,3,20,,,False,
2026-03-26T10:29:46+00:00,39.528024634346366,2.6961418334394693,167,2026-03-26T10:32:04.429745+00:00,415,1,2.656,705.409,159.36,0.465,1,Start,Finish,55,39.53062950025715,2.697605200917792,316,23,3,20,,,False,
2026-03-26T10:29:47+00:00,39.528048522770405,2.6961426716297865,167,2026-03-26T10:32:04.429745+00:00,415,1,2.657,708.066,159.42,1.55,1,Start,Finish,55,39.53062950025715,2.697605200917792,313,24,2,22,,,False,
2026-03-26T10:29:48+00:00,39.52807333320379,2.696144515648484,167,2026-03-26T10:32:04.429745+00:00,415,1,2.763,710.829,165.78,3.281,1,Start,Finish,55,39.53062950025715,2.697605200917792,311,24,2,22,,,False,
2026-03-26T10:29:49+00:00,39.5280989818275,2.6961467787623405,167,2026-03-26T10:32:04.429745+00:00,415,1,2.859,713.688,171.54,3.893,1,Start,Finish,55,39.53062950025715,2.697605200917792,308,24,4,20,,,False,
2026-03-26T10:29:50+00:00,39.528125217184424,2.696148119866848,167,2026-03-26T10:32:04.429745+00:00,415,1,2.92,716.608,175.2,2.258,1,Start,Finish,55,39.53062950025715,2.697605200917792,305,24,5,19,,,False,
2026-03-26T10:29:51+00:00,39.528149692341685,2.6961515564471483,167,2026-03-26T10:32:04.429745+00:00,415,1,2.737,719.345,164.22,6.181,1,Start,Finish,55,39.53062950025715,2.697605200917792,303,24,5,19,,,False,
2026-03-26T10:29:52+00:00,39.5281729940325,2.6961555797606707,167,2026-03-26T10:32:04.429745+00:00,415,1,2.614,721.959,156.84,7.586,1,Start,Finish,55,39.53062950025715,2.697605200917792,300,24,5,19,,,False,
2026-03-26T10:29:53+00:00,39.52819528989494,2.696160189807415,167,2026-03-26T10:32:04.429745+00:00,415,1,2.511,724.469,150.66,9.061,1,Start,Finish,55,39.53062950025715,2.697605200917792,298,25,6,19,,,False,
2026-03-26T10:29:54+00:00,39.52821725048125,2.6961627043783665,167,2026-03-26T10:32:04.429745+00:00,415,1,2.451,726.921,147.06,5.047,1,Start,Finish,55,39.53062950025715,2.697605200917792,295,25,6,19,,,False,
2026-03-26T10:29:55+00:00,39.5282387919724,2.696164883673191,166,2026-03-26T10:32:04.429745+00:00,415,1,2.403,729.323,144.18,4.462,1,Start,Finish,55,39.53062950025715,2.697605200917792,293,25,5,20,,,False,
2026-03-26T10:29:56+00:00,39.528263015672565,2.696168152615428,166,2026-03-26T10:32:04.429745+00:00,415,1,2.708,732.031,162.48,5.942,1,Start,Finish,55,39.53062950025715,2.697605200917792,291,25,4,21,,,False,
2026-03-26T10:29:57+00:00,39.52828631736338,2.6961686555296183,166,2026-03-26T10:32:04.429745+00:00,415,1,2.591,734.623,155.46,0.954,1,Start,Finish,55,39.53062950025715,2.697605200917792,288,25,4,21,,,False,
2026-03-26T10:29:58+00:00,39.52830869704485,2.696170499548316,167,2026-03-26T10:32:04.429745+00:00,415,1,2.494,737.116,149.64,3.636,1,Start,Finish,55,39.53062950025715,2.697605200917792,286,25,4,21,,,False,
2026-03-26T10:29:59+00:00,39.52833107672632,2.696170751005411,166,2026-03-26T10:32:04.429745+00:00,415,1,2.489,739.605,149.34,0.497,1,Start,Finish,55,39.53062950025715,2.697605200917792,284,26,4,22,,,False,
2026-03-26T10:30:00+00:00,39.528351947665215,2.696171924471855,166,2026-03-26T10:32:04.429745+00:00,415,1,2.323,741.928,139.38,2.483,1,Start,Finish,55,39.53062950025715,2.697605200917792,282,26,4,22,,,False,
2026-03-26T10:30:01+00:00,39.5283733215183,2.6961746904999018,165,2026-03-26T10:32:04.429745+00:00,415,1,2.388,744.316,143.28,5.7,1,Start,Finish,55,39.53062950025715,2.697605200917792,279,26,4,22,,,False,
2026-03-26T10:30:02+00:00,39.52839746139944,2.6961783785372972,165,2026-03-26T10:32:04.429745+00:00,415,1,2.703,747.019,162.18,6.721,1,Start,Finish,55,39.53062950025715,2.697605200917792,277,26,5,21,,,False,
2026-03-26T10:30:03+00:00,39.528420846909285,2.696182569488883,166,2026-03-26T10:32:04.429745+00:00,415,1,2.625,749.644,157.5,7.87,1,Start,Finish,55,39.53062950025715,2.697605200917792,274,26,5,21,,,False,
2026-03-26T10:30:04+00:00,39.52844305895269,2.696186173707247,167,2026-03-26T10:32:04.429745+00:00,415,1,2.489,752.133,149.34,7.134,1,Start,Finish,55,39.53062950025715,2.697605200917792,272,27,5,22,,,False,
2026-03-26T10:30:05+00:00,39.52846703119576,2.696189610287547,168,2026-03-26T10:32:04.429745+00:00,415,1,2.682,754.815,160.92,6.31,1,Start,Finish,55,39.53062950025715,2.697605200917792,269,27,5,22,,,False,
2026-03-26T10:30:06+00:00,39.528492763638496,2.6961906999349594,168,2026-03-26T10:32:04.429745+00:00,415,1,2.863,757.678,171.78,1.871,1,Start,Finish,55,39.53062950025715,2.697605200917792,267,27,3,24,,,False,
2026-03-26T10:30:07+00:00,39.528518160805106,2.696192292496562,168,2026-03-26T10:32:04.429745+00:00,415,1,2.827,760.505,169.62,2.769,1,Start,Finish,55,39.53062950025715,2.697605200917792,264,27,2,25,,,False,
2026-03-26T10:30:08+00:00,39.52854389324784,2.696192292496562,168,2026-03-26T10:32:04.429745+00:00,415,1,2.861,763.367,171.66,0.0,1,Start,Finish,55,39.53062950025715,2.697605200917792,262,28,3,25,,,False,
2026-03-26T10:30:09+00:00,39.52856820076704,2.6961909513920546,168,2026-03-26T10:32:04.429745+00:00,415,1,2.705,766.072,162.3,357.563,1,Start,Finish,55,39.53062950025715,2.697605200917792,259,28,2,26,,,False,
2026-03-26T10:30:10+00:00,39.52859116718173,2.69618927501142,168,2026-03-26T10:32:04.429745+00:00,415,1,2.558,768.63,153.48,356.778,1,Start,Finish,55,39.53062950025715,2.697605200917792,257,28,1,27,,,False,
2026-03-26T10:30:11+00:00,39.52861111611128,2.6961956452578306,167,2026-03-26T10:32:04.429745+00:00,415,1,2.285,770.914,137.1,13.837,1,Start,Finish,55,39.53062950025715,2.697605200917792,255,28,2,26,,,False,
2026-03-26T10:30:12+00:00,39.52863542363048,2.696194890886545,167,2026-03-26T10:32:04.429745+00:00,415,1,2.704,773.618,162.24,358.629,1,Start,Finish,55,39.53062950025715,2.697605200917792,253,29,2,27,,,False,
2026-03-26T10:30:13+00:00,39.52865922823548,2.6961951423436403,167,2026-03-26T10:32:04.429745+00:00,415,1,2.647,776.265,158.82,0.467,1,Start,Finish,55,39.53062950025715,2.697605200917792,250,29,4,25,,,False,
2026-03-26T10:30:14+00:00,39.52868236228824,2.696198159828782,167,2026-03-26T10:32:04.429745+00:00,415,1,2.585,778.85,155.1,5.745,1,Start,Finish,55,39.53062950025715,2.697605200917792,248,29,5,24,,,False,
2026-03-26T10:30:15+00:00,39.528704239055514,2.6961983274668455,168,2026-03-26T10:32:04.429745+00:00,415,1,2.433,781.283,145.98,0.339,1,Start,Finish,55,39.53062950025715,2.697605200917792,246,29,4,25,,,False,
2026-03-26T10:30:16+00:00,39.5287256129086,2.6962015964090824,166,2026-03-26T10:32:04.429745+00:00,415,1,2.393,783.676,143.58,6.728,1,Start,Finish,55,39.53062950025715,2.697605200917792,244,30,9,21,,,False,
2026-03-26T10:30:17+00:00,39.52874656766653,2.6962051168084145,164,2026-03-26T10:32:04.429745+00:00,415,1,2.35,786.026,141.0,7.383,1,Start,Finish,55,39.53062950025715,2.697605200917792,241,30,14,16,,,False,
2026-03-26T10:30:18+00:00,39.52877230010927,2.696209643036127,163,2026-03-26T10:32:04.429745+00:00,415,1,2.888,788.913,173.28,7.726,1,Start,Finish,55,39.53062950025715,2.697605200917792,239,30,23,7,,,False,
2026-03-26T10:30:19+00:00,39.528793757781386,2.696215510368347,163,2026-03-26T10:32:04.429745+00:00,415,1,2.438,791.352,146.28,11.909,1,Start,Finish,55,39.53062950025715,2.697605200917792,236,30,31,1,,,False,
2026-03-26T10:30:20+00:00,39.5288067497313,2.69622640684247,163,2026-03-26T10:32:04.429745+00:00,415,1,1.721,793.072,103.26,32.899,1,Start,Finish,55,39.53062950025715,2.697605200917792,235,30,36,6,,,False,
2026-03-26T10:30:21+00:00,39.52881588600576,2.6962422486394644,165,2026-03-26T10:32:04.429745+00:00,415,1,1.696,794.769,101.76,53.214,1,Start,Finish,55,39.53062950025715,2.697605200917792,233,30,45,15,,,False,
2026-03-26T10:30:22+00:00,39.528824519366026,2.6962661370635033,165,2026-03-26T10:32:04.429745+00:00,415,1,2.263,797.031,135.78,64.894,1,Start,Finish,55,39.53062950025715,2.697605200917792,231,30,49,19,,,False,
2026-03-26T10:30:23+00:00,39.52883315272629,2.696292120963335,164,2026-03-26T10:32:04.429745+00:00,415,1,2.426,799.458,145.56,66.695,1,Start,Finish,55,39.53062950025715,2.697605200917792,229,29,59,30,,,False,
2026-03-26T10:30:24+00:00,39.52883994206786,2.6963178534060717,163,2026-03-26T10:32:04.429745+00:00,415,1,2.332,801.79,139.92,71.115,1,Start,Finish,55,39.53062950025715,2.697605200917792,228,29,69,40,,,False,
2026-03-26T10:30:25+00:00,39.52884279191494,2.696349872276187,162,2026-03-26T10:32:04.429745+00:00,415,1,2.764,804.555,165.84,83.417,1,Start,Finish,55,39.53062950025715,2.697605200917792,226,28,77,49,,,False,
2026-03-26T10:30:26+00:00,39.528846396133304,2.6963818911463022,162,2026-03-26T10:32:04.429745+00:00,415,1,2.775,807.33,166.5,81.697,1,Start,Finish,55,39.53062950025715,2.697605200917792,224,28,85,57,,,False,
2026-03-26T10:30:27+00:00,39.52884522266686,2.696413826197386,163,2026-03-26T10:32:04.429745+00:00,415,1,2.742,810.072,164.52,92.728,1,Start,Finish,55,39.53062950025715,2.697605200917792,223,27,90,63,,,False,
2026-03-26T10:30:28+00:00,39.528838181868196,2.6964478567242622,164,2026-03-26T10:32:04.429745+00:00,415,1,3.022,813.094,181.32,105.016,1,Start,Finish,55,39.53062950025715,2.697605200917792,223,26,93,67,,,False,
2026-03-26T10:30:29+00:00,39.528835164383054,2.696479791775346,164,2026-03-26T10:32:04.429745+00:00,415,1,2.759,815.853,165.54,96.984,1,Start,Finish,55,39.53062950025715,2.697605200917792,222,26,94,68,,,False,
2026-03-26T10:30:30+00:00,39.52883172780275,2.6965138223022223,165,2026-03-26T10:32:04.429745+00:00,415,1,2.944,818.797,176.64,97.459,1,Start,Finish,55,39.53062950025715,2.697605200917792,221,25,95,70,,,False,
2026-03-26T10:30:31+00:00,39.52883005142212,2.6965460926294327,167,2026-03-26T10:32:04.429745+00:00,415,1,2.774,821.571,166.44,93.853,1,Start,Finish,55,39.53062950025715,2.697605200917792,220,24,94,70,,,False,
2026-03-26T10:30:32+00:00,39.52882896177471,2.696576351299882,167,2026-03-26T10:32:04.429745+00:00,415,1,2.598,824.169,155.88,92.673,1,Start,Finish,55,39.53062950025715,2.697605200917792,219,24,92,68,,,False,
2026-03-26T10:30:33+00:00,39.52882963232696,2.6966056879609823,167,2026-03-26T10:32:04.429745+00:00,415,1,2.517,826.686,151.02,88.303,1,Start,Finish,55,39.53062950025715,2.697605200917792,218,23,91,68,,,False,
2026-03-26T10:30:34+00:00,39.52883097343147,2.6966335996985435,167,2026-03-26T10:32:04.429745+00:00,415,1,2.398,829.084,143.88,86.435,1,Start,Finish,55,39.53062950025715,2.697605200917792,217,23,90,67,,,False,
2026-03-26T10:30:35+00:00,39.528831308707595,2.6966619305312634,166,2026-03-26T10:32:04.429745+00:00,415,1,2.43,831.514,145.8,89.121,1,Start,Finish,55,39.53062950025715,2.697605200917792,216,22,91,69,,,False,
2026-03-26T10:30:36+00:00,39.52883172780275,2.6966913510113955,162,2026-03-26T10:32:04.429745+00:00,415,1,2.524,834.038,151.44,88.942,1,Start,Finish,55,39.53062950025715,2.697605200917792,215,21,93,72,,,False,
2026-03-26T10:30:37+00:00,39.52882996760309,2.6967263873666525,161,2026-03-26T10:32:04.429745+00:00,415,1,3.011,837.049,180.66,93.727,1,Start,Finish,55,39.53062950025715,2.697605200917792,214,21,95,74,,,False,
2026-03-26T10:30:38+00:00,39.528825441375375,2.6967641059309244,160,2026-03-26T10:32:04.429745+00:00,415,1,3.274,840.323,196.44,98.843,1,Start,Finish,55,39.53062950025715,2.697605200917792,213,20,97,77,,,False,
2026-03-26T10:30:39+00:00,39.52881580218673,2.696802159771323,160,2026-03-26T10:32:04.429745+00:00,415,1,3.435,843.758,206.1,108.181,1,Start,Finish,55,39.53062950025715,2.697605200917792,213,19,97,78,,,False,
2026-03-26T10:30:40+00:00,39.52881094068289,2.6968335919082165,160,2026-03-26T10:32:04.429745+00:00,415,1,2.749,846.508,164.94,101.339,1,Start,Finish,55,39.53062950025715,2.697605200917792,213,18,97,79,,,False,
2026-03-26T10:30:41+00:00,39.52880825847387,2.696865191683173,161,2026-03-26T10:32:04.429745+00:00,415,1,2.727,849.234,163.62,96.28,1,Start,Finish,55,39.53062950025715,2.697605200917792,212,17,97,80,,,False,
2026-03-26T10:30:42+00:00,39.528808845207095,2.696895031258464,163,2026-03-26T10:32:04.429745+00:00,415,1,2.56,851.794,153.6,88.54,1,Start,Finish,55,39.53062950025715,2.697605200917792,211,17,96,79,,,False,
2026-03-26T10:30:43+00:00,39.528805911540985,2.6969226077198982,164,2026-03-26T10:32:04.429745+00:00,415,1,2.387,854.182,143.22,97.853,1,Start,Finish,55,39.53062950025715,2.697605200917792,211,16,93,77,,,False,
2026-03-26T10:30:44+00:00,39.52880574390292,2.696947837248445,164,2026-03-26T10:32:04.429745+00:00,415,1,2.164,856.346,129.84,90.494,1,Start,Finish,55,39.53062950025715,2.697605200917792,210,16,93,77,,,False,
2026-03-26T10:30:45+00:00,39.528802977874875,2.696975162252784,166,2026-03-26T10:32:04.429745+00:00,415,1,2.364,858.709,141.84,97.477,1,Start,Finish,55,39.53062950025715,2.697605200917792,210,15,90,75,,,False,
2026-03-26T10:30:46+00:00,39.52880498953163,2.6970052532851696,166,2026-03-26T10:32:04.429745+00:00,415,1,2.59,861.3,155.4,85.046,1,Start,Finish,55,39.53062950025715,2.697605200917792,209,14,88,74,,,False,
2026-03-26T10:30:47+00:00,39.52880800701678,2.6970370206981897,165,2026-03-26T10:32:04.429745+00:00,415,1,2.745,864.045,164.7,82.979,1,Start,Finish,55,39.53062950025715,2.697605200917792,208,14,89,75,,,False,
2026-03-26T10:30:48+00:00,39.52881211414933,2.6970677822828293,164,2026-03-26T10:32:04.429745+00:00,415,1,2.678,866.722,160.68,80.179,1,Start,Finish,55,39.53062950025715,2.697605200917792,207,13,89,76,,,False,
2026-03-26T10:30:49+00:00,39.528815215453506,2.697104075923562,162,2026-03-26T10:32:04.429745+00:00,415,1,3.132,869.854,187.92,83.678,1,Start,Finish,55,39.53062950025715,2.697605200917792,206,12,89,77,,,False,
2026-03-26T10:30:50+00:00,39.52881496399641,2.697137100622058,163,2026-03-26T10:32:04.429745+00:00,415,1,2.833,872.687,169.98,90.566,1,Start,Finish,55,39.53062950025715,2.697605200917792,206,11,91,80,,,False,
2026-03-26T10:30:51+00:00,39.528810353949666,2.697165096178651,164,2026-03-26T10:32:04.429745+00:00,415,1,2.455,875.142,147.3,102.051,1,Start,Finish,55,39.53062950025715,2.697605200917792,206,11,92,81,,,False,
2026-03-26T10:30:52+00:00,39.52880666591227,2.697192756459117,165,2026-03-26T10:32:04.429745+00:00,415,1,2.407,877.549,144.42,99.808,1,Start,Finish,55,39.53062950025715,2.697605200917792,206,10,88,78,,,False,
2026-03-26T10:30:53+00:00,39.52880239114165,2.6972217578440905,167,2026-03-26T10:32:04.429745+00:00,415,1,2.532,880.082,151.92,100.819,1,Start,Finish,55,39.53062950025715,2.697605200917792,206,9,82,73,,,False,
2026-03-26T10:30:54+00:00,39.528802055865526,2.697248160839081,168,2026-03-26T10:32:04.429745+00:00,415,1,2.265,882.346,135.9,90.943,1,Start,Finish,55,39.53062950025715,2.697605200917792,205,9,75,66,,,False,
2026-03-26T10:30:55+00:00,39.52880188822746,2.697273306548595,168,2026-03-26T10:32:04.429745+00:00,415,1,2.157,884.503,129.42,90.495,1,Start,Finish,55,39.53062950025715,2.697605200917792,205,8,67,59,,,False,
2026-03-26T10:30:56+00:00,39.5288035646081,2.6972891483455896,167,2026-03-26T10:32:04.429745+00:00,415,1,1.371,885.874,82.26,82.188,1,Start,Finish,55,39.53062950025715,2.697605200917792,205,8,62,54,,,False,
2026-03-26T10:30:57+00:00,39.52881303615868,2.697301134467125,167,2026-03-26T10:32:04.429745+00:00,415,1,1.472,887.346,88.32,44.306,1,Start,Finish,55,39.53062950025715,2.697605200917792,204,7,57,50,,,False,
2026-03-26T10:30:58+00:00,39.52882812358439,2.697309013456106,166,2026-03-26T10:32:04.429745+00:00,415,1,1.809,889.155,108.54,21.939,1,Start,Finish,55,39.53062950025715,2.697605200917792,202,7,51,44,,,False,
2026-03-26T10:30:59+00:00,39.52884815633297,2.697315383702517,166,2026-03-26T10:32:04.429745+00:00,415,1,2.294,891.448,137.64,13.781,1,Start,Finish,55,39.53062950025715,2.697605200917792,200,7,40,33,,,False,
2026-03-26T10:31:00+00:00,39.528872799128294,2.697319658473134,167,2026-03-26T10:32:04.429745+00:00,415,1,2.765,894.213,165.9,7.621,1,Start,Finish,55,39.53062950025715,2.697605200917792,197,7,31,24,,,False,
2026-03-26T10:31:01+00:00,39.528898783028126,2.6973253581672907,167,2026-03-26T10:32:04.429745+00:00,415,1,2.93,897.143,175.8,9.603,1,Start,Finish,55,39.53062950025715,2.697605200917792,194,7,16,9,,,False,
2026-03-26T10:31:02+00:00,39.52892292290926,2.6973321475088596,167,2026-03-26T10:32:04.429745+00:00,415,1,2.747,899.89,164.82,12.239,1,Start,Finish,55,39.53062950025715,2.697605200917792,191,7,10,3,,,False,
2026-03-26T10:31:03+00:00,39.52894538640976,2.6973371766507626,169,2026-03-26T10:32:04.429745+00:00,415,1,2.535,902.425,152.1,9.797,1,Start,Finish,55,39.53062950025715,2.697605200917792,189,7,9,2,,,False,
2026-03-26T10:31:04+00:00,39.52896768227219,2.697342708706856,169,2026-03-26T10:32:04.429745+00:00,415,1,2.524,904.949,151.44,10.834,1,Start,Finish,55,39.53062950025715,2.697605200917792,186,7,9,2,,,False,
2026-03-26T10:31:05+00:00,39.52898997813463,2.6973465643823147,171,2026-03-26T10:32:04.429745+00:00,415,1,2.501,907.45,150.06,7.597,1,Start,Finish,55,39.53062950025715,2.697605200917792,184,7,9,2,,,False,
2026-03-26T10:31:06+00:00,39.529015459120274,2.697351174429059,172,2026-03-26T10:32:04.429745+00:00,415,1,2.861,910.311,171.66,7.944,1,Start,Finish,55,39.53062950025715,2.697605200917792,181,7,9,2,,,False,
2026-03-26T10:31:07+00:00,39.529043370857835,2.697354778647423,172,2026-03-26T10:32:04.429745+00:00,415,1,3.119,913.43,187.14,5.688,1,Start,Finish,55,39.53062950025715,2.697605200917792,178,7,9,2,,,False,
2026-03-26T10:31:08+00:00,39.52907010912895,2.697359388694167,171,2026-03-26T10:32:04.429745+00:00,415,1,2.999,916.429,179.94,7.575,1,Start,Finish,55,39.53062950025715,2.697605200917792,175,7,9,2,,,False,
2026-03-26T10:31:09+00:00,39.52909642830491,2.69736684858799,170,2026-03-26T10:32:04.429745+00:00,415,1,2.996,919.425,179.76,12.332,1,Start,Finish,55,39.53062950025715,2.697605200917792,172,7,9,2,,,False,
2026-03-26T10:31:10+00:00,39.52912551350891,2.697375901043415,171,2026-03-26T10:32:04.429745+00:00,415,1,3.326,922.751,199.56,13.499,1,Start,Finish,55,39.53062950025715,2.697605200917792,168,7,10,3,,,False,
2026-03-26T10:31:11+00:00,39.52915367670357,2.6973810140043497,172,2026-03-26T10:32:04.429745+00:00,415,1,3.162,925.913,189.72,7.971,1,Start,Finish,55,39.53062950025715,2.697605200917792,165,7,11,4,,,False,
2026-03-26T10:31:12+00:00,39.529180666431785,2.697386629879474,172,2026-03-26T10:32:04.429745+00:00,415,1,3.04,928.953,182.4,9.118,1,Start,Finish,55,39.53062950025715,2.697605200917792,162,7,11,4,,,False,
2026-03-26T10:31:13+00:00,39.52920639887452,2.697394173592329,172,2026-03-26T10:32:04.429745+00:00,415,1,2.934,931.886,176.04,12.741,1,Start,Finish,55,39.53062950025715,2.697605200917792,159,7,10,3,,,False,
2026-03-26T10:31:14+00:00,39.52923305332661,2.6974011305719614,172,2026-03-26T10:32:04.429745+00:00,415,1,3.023,934.909,181.38,11.382,1,Start,Finish,55,39.53062950025715,2.697605200917792,156,6,9,3,,,False,
2026-03-26T10:31:15+00:00,39.529257863759995,2.6974060758948326,172,2026-03-26T10:32:04.429745+00:00,415,1,2.791,937.701,167.46,8.74,1,Start,Finish,55,39.53062950025715,2.697605200917792,153,6,7,1,,,False,
2026-03-26T10:31:16+00:00,39.52928409911692,2.697408590465784,173,2026-03-26T10:32:04.429745+00:00,415,1,2.925,940.626,175.5,4.228,1,Start,Finish,55,39.53062950025715,2.697605200917792,151,6,5,1,,,False,
2026-03-26T10:31:17+00:00,39.5293094124645,2.6974123623222113,173,2026-03-26T10:32:04.429745+00:00,415,1,2.833,943.459,169.98,6.556,1,Start,Finish,55,39.53062950025715,2.697605200917792,148,6,4,2,,,False,
2026-03-26T10:31:18+00:00,39.52933816239238,2.697408590465784,172,2026-03-26T10:32:04.429745+00:00,415,1,3.213,946.672,192.78,354.222,1,Start,Finish,55,39.53062950025715,2.697605200917792,145,7,4,3,,,False,
2026-03-26T10:31:19+00:00,39.52936037443578,2.697408255189657,172,2026-03-26T10:32:04.429745+00:00,415,1,2.47,949.142,148.2,359.333,1,Start,Finish,55,39.53062950025715,2.697605200917792,142,7,4,3,,,False,
2026-03-26T10:31:20+00:00,39.52938225120306,2.697411021217704,175,2026-03-26T10:32:04.429745+00:00,415,1,2.444,951.586,146.64,5.57,1,Start,Finish,55,39.53062950025715,2.697605200917792,140,7,5,2,,,False,
2026-03-26T10:31:21+00:00,39.529403038322926,2.697416301816702,175,2026-03-26T10:32:04.429745+00:00,415,1,2.355,953.942,141.3,11.086,1,Start,Finish,55,39.53062950025715,2.697605200917792,137,7,5,2,,,False,
2026-03-26T10:31:22+00:00,39.52942810021341,2.697420995682478,174,2026-03-26T10:32:04.429745+00:00,415,1,2.816,956.757,168.96,8.22,1,Start,Finish,55,39.53062950025715,2.697605200917792,135,7,8,1,,,False,
2026-03-26T10:31:23+00:00,39.5294526591897,2.6974258571863174,174,2026-03-26T10:32:04.429745+00:00,415,1,2.762,959.52,165.72,8.681,1,Start,Finish,55,39.53062950025715,2.697605200917792,132,7,9,2,,,False,
2026-03-26T10:31:24+00:00,39.5294767152518,2.697431556880474,174,2026-03-26T10:32:04.429745+00:00,415,1,2.719,962.239,163.14,10.356,1,Start,Finish,55,39.53062950025715,2.697605200917792,129,7,10,3,,,False,
2026-03-26T10:31:25+00:00,39.52950018458069,2.6974370889365673,175,2026-03-26T10:32:04.429745+00:00,415,1,2.652,964.892,159.12,10.304,1,Start,Finish,55,39.53062950025715,2.697605200917792,126,7,10,3,,,False,
2026-03-26T10:31:26+00:00,39.529524156823754,2.6974434591829777,174,2026-03-26T10:32:04.429745+00:00,415,1,2.721,967.613,163.26,11.583,1,Start,Finish,55,39.53062950025715,2.697605200917792,124,6,9,3,,,False,
2026-03-26T10:31:27+00:00,39.52954988926649,2.6974494103342295,173,2026-03-26T10:32:04.429745+00:00,415,1,2.906,970.519,174.36,10.114,1,Start,Finish,55,39.53062950025715,2.697605200917792,121,6,8,2,,,False,
2026-03-26T10:31:28+00:00,39.529575956985354,2.697453936561942,173,2026-03-26T10:32:04.429745+00:00,415,1,2.924,973.444,175.44,7.628,1,Start,Finish,55,39.53062950025715,2.697605200917792,118,6,8,2,,,False,
2026-03-26T10:31:29+00:00,39.52960168942809,2.697457456961274,174,2026-03-26T10:32:04.429745+00:00,415,1,2.877,976.321,172.62,6.024,1,Start,Finish,55,39.53062950025715,2.697605200917792,115,6,8,2,,,False,
2026-03-26T10:31:30+00:00,39.529626332223415,2.6974591333419085,172,2026-03-26T10:32:04.429745+00:00,415,1,2.744,979.065,164.64,3.004,1,Start,Finish,55,39.53062950025715,2.697605200917792,112,6,7,1,,,False,
2026-03-26T10:31:31+00:00,39.52964871190488,2.69746215082705,172,2026-03-26T10:32:04.429745+00:00,415,1,2.502,981.567,150.12,5.937,1,Start,Finish,55,39.53062950025715,2.697605200917792,110,6,7,1,,,False,
2026-03-26T10:31:32+00:00,39.529671259224415,2.697467347607017,171,2026-03-26T10:32:04.429745+00:00,415,1,2.546,984.113,152.76,10.08,1,Start,Finish,55,39.53062950025715,2.697605200917792,107,6,8,2,,,False,
2026-03-26T10:31:33+00:00,39.52969565056264,2.697471370920539,171,2026-03-26T10:32:04.429745+00:00,415,1,2.734,986.847,164.04,7.25,1,Start,Finish,55,39.53062950025715,2.697605200917792,104,6,8,2,,,False,
2026-03-26T10:31:34+00:00,39.52972071245313,2.6974765677005053,174,2026-03-26T10:32:04.429745+00:00,415,1,2.822,989.669,169.32,9.087,1,Start,Finish,55,39.53062950025715,2.697605200917792,102,6,9,3,,,False,
2026-03-26T10:31:35+00:00,39.52974527142942,2.6974835246801376,174,2026-03-26T10:32:04.429745+00:00,415,1,2.795,992.465,167.7,12.325,1,Start,Finish,55,39.53062950025715,2.697605200917792,99,6,11,5,,,False,
2026-03-26T10:31:36+00:00,39.52977167442441,2.697488972917199,174,2026-03-26T10:32:04.429745+00:00,415,1,2.973,995.437,178.38,9.043,1,Start,Finish,55,39.53062950025715,2.697605200917792,96,6,12,6,,,False,
2026-03-26T10:31:37+00:00,39.52979765832424,2.6974953431636095,174,2026-03-26T10:32:04.429745+00:00,415,1,2.94,998.378,176.4,10.708,1,Start,Finish,55,39.53062950025715,2.697605200917792,93,6,13,7,,,False,
2026-03-26T10:31:38+00:00,39.5298221334815,2.6975048147141933,173,2026-03-26T10:32:04.429745+00:00,415,1,2.84,1001.218,170.4,16.619,1,Start,Finish,55,39.53062950025715,2.697605200917792,90,5,13,8,,,False,
2026-03-26T10:31:39+00:00,39.52984535135329,2.6975139509886503,173,2026-03-26T10:32:04.429745+00:00,415,1,2.698,1003.916,161.88,16.883,1,Start,Finish,55,39.53062950025715,2.697605200917792,88,5,13,8,,,False,
2026-03-26T10:31:40+00:00,39.529870580881834,2.697523171082139,173,2026-03-26T10:32:04.429745+00:00,415,1,2.915,1006.831,174.9,15.741,1,Start,Finish,55,39.53062950025715,2.697605200917792,85,5,13,8,,,False,
2026-03-26T10:31:41+00:00,39.529899498447776,2.69752761349082,174,2026-03-26T10:32:04.429745+00:00,415,1,3.238,1010.069,194.28,6.757,1,Start,Finish,55,39.53062950025715,2.697605200917792,81,5,13,8,,,False,
2026-03-26T10:31:42+00:00,39.52993042767048,2.6975364983081818,173,2026-03-26T10:32:04.429745+00:00,415,1,3.523,1013.591,211.38,12.493,1,Start,Finish,55,39.53062950025715,2.697605200917792,78,4,12,8,,,False,
2026-03-26T10:31:43+00:00,39.52996261417866,2.6975439582020044,174,2026-03-26T10:32:04.429745+00:00,415,1,3.636,1017.227,218.16,10.135,1,Start,Finish,55,39.53062950025715,2.697605200917792,74,4,9,5,,,False,
2026-03-26T10:31:44+00:00,39.52999547123909,2.6975519210100174,174,2026-03-26T10:32:04.429745+00:00,415,1,3.717,1020.944,223.02,10.588,1,Start,Finish,55,39.53062950025715,2.697605200917792,71,4,8,4,,,False,
2026-03-26T10:31:45+00:00,39.53002623282373,2.697555860504508,174,2026-03-26T10:32:04.429745+00:00,415,1,3.437,1024.381,206.22,5.641,1,Start,Finish,55,39.53062950025715,2.697605200917792,67,4,7,3,,,False,
2026-03-26T10:31:46+00:00,39.530056826770306,2.697558207437396,174,2026-03-26T10:32:04.429745+00:00,415,1,3.408,1027.789,204.48,3.386,1,Start,Finish,55,39.53062950025715,2.697605200917792,64,4,7,3,,,False,
2026-03-26T10:31:47+00:00,39.53008842654526,2.6975630689412355,174,2026-03-26T10:32:04.429745+00:00,415,1,3.538,1031.327,212.28,6.767,1,Start,Finish,55,39.53062950025715,2.697605200917792,60,3,6,3,,,False,
2026-03-26T10:31:48+00:00,39.53011876903474,2.6975677628070116,174,2026-03-26T10:32:04.429745+00:00,415,1,3.398,1034.725,203.88,6.804,1,Start,Finish,55,39.53062950025715,2.697605200917792,57,3,7,4,,,False,
2026-03-26T10:31:49+00:00,39.53014894388616,2.697573881596327,174,2026-03-26T10:32:04.429745+00:00,415,1,3.396,1038.121,203.76,8.889,1,Start,Finish,55,39.53062950025715,2.697605200917792,54,3,8,5,,,False,
2026-03-26T10:31:50+00:00,39.53017911873758,2.6975800842046738,174,2026-03-26T10:32:04.429745+00:00,415,1,3.397,1041.518,203.82,9.009,1,Start,Finish,55,39.53062950025715,2.697605200917792,50,2,8,6,,,False,
2026-03-26T10:31:51+00:00,39.53020937740803,2.697586454451084,174,2026-03-26T10:32:04.429745+00:00,415,1,3.409,1044.927,204.54,9.223,1,Start,Finish,55,39.53062950025715,2.697605200917792,47,2,8,6,,,False,
2026-03-26T10:31:52+00:00,39.53024039044976,2.697591232135892,173,2026-03-26T10:32:04.429745+00:00,415,1,3.473,1048.4,208.38,6.776,1,Start,Finish,55,39.53062950025715,2.697605200917792,43,2,8,6,,,False,
2026-03-26T10:31:53+00:00,39.53026922419667,2.697597686201334,174,2026-03-26T10:32:04.429745+00:00,415,1,3.254,1051.653,195.24,9.795,1,Start,Finish,55,39.53062950025715,2.697605200917792,40,1,7,6,,,False,
2026-03-26T10:31:54+00:00,39.53029738739133,2.6976013742387295,175,2026-03-26T10:32:04.429745+00:00,415,1,3.148,1054.801,188.88,5.767,1,Start,Finish,55,39.53062950025715,2.697605200917792,37,1,7,6,,,False,
2026-03-26T10:31:55+00:00,39.530325969681144,2.69760531373322,174,2026-03-26T10:32:04.429745+00:00,415,1,3.196,1057.997,191.76,6.068,1,Start,Finish,55,39.53062950025715,2.697605200917792,34,0,5,5,,,False,
2026-03-26T10:31:56+00:00,39.53035673126578,2.6976087503135204,174,2026-03-26T10:32:04.429745+00:00,415,1,3.433,1061.43,205.98,4.925,1,Start,Finish,55,39.53062950025715,2.697605200917792,30,359,5,6,,,False,
2026-03-26T10:31:57+00:00,39.53038732521236,2.69760824739933,175,2026-03-26T10:32:04.429745+00:00,415,1,3.402,1064.832,204.12,359.274,1,Start,Finish,55,39.53062950025715,2.697605200917792,27,359,4,5,,,False,
2026-03-26T10:31:58+00:00,39.53041900880635,2.6976101752370596,176,2026-03-26T10:32:04.429745+00:00,415,1,3.527,1068.359,211.62,2.687,1,Start,Finish,55,39.53062950025715,2.697605200917792,23,359,4,5,,,False,
2026-03-26T10:31:59+00:00,39.53044859692454,2.697615958750248,177,2026-03-26T10:32:04.429745+00:00,415,1,3.327,1071.687,199.62,8.573,1,Start,Finish,55,39.53062950025715,2.697605200917792,20,357,2,5,,,False,
2026-03-26T10:32:00+00:00,39.530480867251754,2.6976176351308823,176,2026-03-26T10:32:04.429745+00:00,415,1,3.591,1075.278,215.46,2.294,1,Start,Finish,55,39.53062950025715,2.697605200917792,17,356,2,6,,,False,
2026-03-26T10:32:01+00:00,39.5305113773793,2.697615958750248,176,2026-03-26T10:32:04.429745+00:00,415,1,3.396,1078.673,203.76,357.573,1,Start,Finish,55,39.53062950025715,2.697605200917792,13,356,3,7,,,False,
2026-03-26T10:32:02+00:00,39.53054163604975,2.697615707293153,176,2026-03-26T10:32:04.429745+00:00,415,1,3.365,1082.038,201.9,359.633,1,Start,Finish,55,39.53062950025715,2.697605200917792,10,355,3,8,,,False,
2026-03-26T10:32:03+00:00,39.53056946396828,2.6976178027689457,177,2026-03-26T10:32:04.429745+00:00,415,1,3.1,1085.138,186.0,3.324,1,Start,Finish,55,39.53062950025715,2.697605200917792,7,351,5,14,,,False,
2026-03-26T10:32:04+00:00,39.53059762716293,2.6976223289966583,177,2026-03-26T10:32:04.429745+00:00,415,1,3.156,1088.293,189.36,7.066,1,Start,Finish,55,39.53062950025715,2.697605200917792,4,337,7,30,,,False,
2026-03-26T10:32:05+00:00,39.5306236948818,2.69762777723372,177,2026-03-26T10:32:04.429745+00:00,415,1,2.936,1091.229,176.16,9.157,1,Start,Finish,55,39.53062950025715,2.697605200917792,2,288,9,81,,,False,
2026-03-26T10:32:06+00:00,39.53064909204841,2.6976378355175257,176,2026-03-26T10:32:04.429745+00:00,415,1,2.953,1094.182,177.18,16.986,1,Start,Finish,55,39.53062950025715,2.697605200917792,4,232,10,138,,,False,
2026-03-26T10:32:07+00:00,39.53067624941468,2.697646552696824,175,2026-03-26T10:32:04.429745+00:00,415,1,3.111,1097.293,186.66,13.905,1,Start,Finish,55,39.53062950025715,2.697605200917792,6,214,11,157,,,False,
2026-03-26T10:32:08+00:00,39.530702736228704,2.6976535096764565,174,2026-03-26T10:32:04.429745+00:00,415,1,3.005,1100.298,180.3,11.452,1,Start,Finish,55,39.53062950025715,2.697605200917792,9,207,10,163,,,False,
2026-03-26T10:32:09+00:00,39.53072595410049,2.697658371180296,173,2026-03-26T10:32:04.429745+00:00,415,1,2.615,1102.913,156.9,9.174,1,Start,Finish,55,39.53062950025715,2.697605200917792,12,203,9,166,,,False,
2026-03-26T10:32:10+00:00,39.5307495072484,2.6976638194173574,173,2026-03-26T10:32:04.429745+00:00,415,1,2.66,1105.573,159.6,10.116,1,Start,Finish,55,39.53062950025715,2.697605200917792,14,201,8,167,,,False,
2026-03-26T10:32:11+00:00,39.53077238984406,2.697665160521865,173,2026-03-26T10:32:04.429745+00:00,415,1,2.547,1108.12,152.82,2.588,1,Start,Finish,55,39.53062950025715,2.697605200917792,17,198,7,169,,,False,
2026-03-26T10:32:12+00:00,39.53079745173454,2.6976646576076746,172,2026-03-26T10:32:04.429745+00:00,415,1,2.787,1110.908,167.22,359.113,1,Start,Finish,55,39.53062950025715,2.697605200917792,19,195,7,172,,,False,
2026-03-26T10:32:13+00:00,39.53082192689181,2.697668178007006,172,2026-03-26T10:32:04.429745+00:00,415,1,2.738,1113.646,164.28,6.33,1,Start,Finish,55,39.53062950025715,2.697605200917792,22,194,8,174,,,False,
2026-03-26T10:32:14+00:00,39.530844977125525,2.697672788053751,171,2026-03-26T10:32:04.429745+00:00,415,1,2.593,1116.239,155.58,8.769,1,Start,Finish,55,39.53062950025715,2.697605200917792,25,194,9,175,,,False,
2026-03-26T10:32:15+00:00,39.53086651861667,2.697680331766606,171,2026-03-26T10:32:04.429745+00:00,415,1,2.481,1118.72,148.86,15.115,1,Start,Finish,55,39.53062950025715,2.697605200917792,27,194,12,178,,,False,
2026-03-26T10:32:16+00:00,39.53088789246976,2.697685696184635,170,2026-03-26T10:32:04.429745+00:00,415,1,2.421,1121.141,145.26,10.956,1,Start,Finish,55,39.53062950025715,2.697605200917792,30,194,16,178,,,False,
2026-03-26T10:32:17+00:00,39.53090960159898,2.69769667647779,169,2026-03-26T10:32:04.429745+00:00,415,1,2.591,1123.732,155.46,21.311,1,Start,Finish,55,39.53062950025715,2.697605200917792,32,194,19,175,,,False,
2026-03-26T10:32:18+00:00,39.53093248419464,2.6977089140564203,168,2026-03-26T10:32:04.429745+00:00,415,1,2.752,1126.485,165.12,22.415,1,Start,Finish,55,39.53062950025715,2.697605200917792,35,195,22,173,,,False,
2026-03-26T10:32:19+00:00,39.53095469623804,2.697721738368273,168,2026-03-26T10:32:04.429745+00:00,415,1,2.704,1129.188,162.24,24.004,1,Start,Finish,55,39.53062950025715,2.697605200917792,38,195,24,171,,,False,
2026-03-26T10:32:20+00:00,39.530973890796304,2.6977365743368864,168,2026-03-26T10:32:04.429745+00:00,415,1,2.485,1131.673,149.1,30.801,1,Start,Finish,55,39.53062950025715,2.697605200917792,40,196,25,171,,,False,
2026-03-26T10:32:21+00:00,39.53099342063069,2.6977503206580877,167,2026-03-26T10:32:04.429745+00:00,415,1,2.471,1134.144,148.26,28.496,1,Start,Finish,55,39.53062950025715,2.697605200917792,42,197,27,170,,,False,
2026-03-26T10:32:22+00:00,39.531012112274766,2.6977644860744476,168,2026-03-26T10:32:04.429745+00:00,415,1,2.407,1136.552,144.42,30.307,1,Start,Finish,55,39.53062950025715,2.697605200917792,45,198,29,169,,,False,
2026-03-26T10:32:23+00:00,39.53102979809046,2.6977763045579195,167,2026-03-26T10:32:04.429745+00:00,415,1,2.212,1138.764,132.72,27.267,1,Start,Finish,55,39.53062950025715,2.697605200917792,47,198,33,165,,,False,
2026-03-26T10:32:24+00:00,39.53104882501066,2.697784351184964,167,2026-03-26T10:32:04.429745+00:00,415,1,2.225,1140.989,133.5,18.065,1,Start,Finish,55,39.53062950025715,2.697605200917792,49,198,39,159,,,False,
2026-03-26T10:32:25+00:00,39.531068773940206,2.6978018693625927,166,2026-03-26T10:32:04.429745+00:00,415,1,2.679,1143.668,160.74,34.11,1,Start,Finish,55,39.53062950025715,2.697605200917792,52,199,53,146,,,False,
2026-03-26T10:32:26+00:00,39.531079921871424,2.697815196588635,166,2026-03-26T10:32:04.429745+00:00,415,1,1.686,1145.355,101.16,42.678,1,Start,Finish,55,39.53062950025715,2.697605200917792,53,200,63,137,,,False,
2026-03-26T10:32:27+00:00,39.53109358437359,2.697829948738218,167,2026-03-26T10:32:04.429745+00:00,415,1,1.977,1147.332,118.62,39.787,1,Start,Finish,55,39.53062950025715,2.697605200917792,55,200,101,99,,,False,
2026-03-26T10:32:28+00:00,39.53109970316291,2.6978425215929747,166,2026-03-26T10:32:04.429745+00:00,415,1,1.275,1148.607,76.5,57.749,1,Start,Finish,55,39.53062950025715,2.697605200917792,56,201,111,90,,,False,
2026-03-26T10:32:29+00:00,39.53110121190548,2.69785450771451,163,2026-03-26T10:32:04.429745+00:00,415,1,1.042,1149.648,62.52,80.731,1,Start,Finish,55,39.53062950025715,2.697605200917792,57,202,132,70,,,False,
2026-03-26T10:32:30+00:00,39.53109014779329,2.6978676673024893,162,2026-03-26T10:32:04.429745+00:00,415,1,1.67,1151.318,100.2,137.468,1,Start,Finish,55,39.53062950025715,2.697605200917792,56,204,155,49,,,False,
2026-03-26T10:32:31+00:00,39.531078496947885,2.697885436937213,162,2026-03-26T10:32:04.429745+00:00,415,1,2.0,1153.318,120.0,130.368,1,Start,Finish,55,39.53062950025715,2.697605200917792,55,206,157,49,,,False,
2026-03-26T10:32:32+00:00,39.531068187206984,2.697894489392638,161,2026-03-26T10:32:04.429745+00:00,415,1,1.385,1154.702,83.1,145.893,1,Start,Finish,55,39.53062950025715,2.697605200917792,55,207,161,46,,,False,
2026-03-26T10:32:33+00:00,39.53106114640832,2.697896920144558,160,2026-03-26T10:32:04.429745+00:00,415,1,0.81,1155.513,48.6,165.09,1,Start,Finish,55,39.53062950025715,2.697605200917792,54,208,165,43,,,False,
2026-03-26T10:32:34+00:00,39.531057039275765,2.6978946570307016,159,2026-03-26T10:32:04.429745+00:00,415,1,0.496,1156.009,29.76,203.025,1,Start,Finish,55,39.53062950025715,2.697605200917792,54,208,162,46,,,False,
2026-03-26T10:32:35+00:00,39.53105351887643,2.6978929806500673,157,2026-03-26T10:32:04.429745+00:00,415,1,0.417,1156.426,25.02,200.167,1,Start,Finish,55,39.53062950025715,2.697605200917792,53,208,162,46,,,False,
2026-03-26T10:32:36+00:00,39.531047735363245,2.6978885382413864,156,2026-03-26T10:32:04.429745+00:00,415,1,0.747,1157.173,44.82,210.644,1,Start,Finish,55,39.53062950025715,2.697605200917792,52,208,162,46,,,False,
2026-03-26T10:32:37+00:00,39.53103767707944,2.697883760556578,154,2026-03-26T10:32:04.429745+00:00,415,1,1.191,1158.364,71.46,200.121,1,Start,Finish,55,39.53062950025715,2.697605200917792,51,208,163,45,,,False,
2026-03-26T10:32:38+00:00,39.53103038482368,2.697878060862422,152,2026-03-26T10:32:04.429745+00:00,415,1,0.947,1159.311,56.82,211.083,1,Start,Finish,55,39.53062950025715,2.697605200917792,50,208,167,41,,,False,
2026-03-26T10:32:39+00:00,39.53102560713887,2.697875378653407,151,2026-03-26T10:32:04.429745+00:00,415,1,0.579,1159.89,34.74,203.413,1,Start,Finish,55,39.53062950025715,2.697605200917792,50,208,169,39,,,False,
2026-03-26T10:32:40+00:00,39.531018901616335,2.6978757977485657,151,2026-03-26T10:32:04.429745+00:00,415,1,0.746,1160.637,44.76,177.24,1,Start,Finish,55,39.53062950025715,2.697605200917792,49,208,169,39,,,False,
2026-03-26T10:32:41+00:00,39.53101320192218,2.697875462472439,151,2026-03-26T10:32:04.429745+00:00,415,1,0.634,1161.271,38.04,182.598,1,Start,Finish,55,39.53062950025715,2.697605200917792,49,209,169,40,,,False,
2026-03-26T10:32:42+00:00,39.5310053229332,2.6978769712150097,151,2026-03-26T10:32:04.429745+00:00,415,1,0.886,1162.157,53.16,171.599,1,Start,Finish,55,39.53062950025715,2.697605200917792,48,209,171,38,,,False,
2026-03-26T10:32:43+00:00,39.5309947617352,2.6978811621665955,152,2026-03-26T10:32:04.429745+00:00,415,1,1.228,1163.385,73.68,162.983,1,Start,Finish,55,39.53062950025715,2.697605200917792,47,210,171,39,,,False,
2026-03-26T10:32:44+00:00,39.530987134203315,2.697888119146228,152,2026-03-26T10:32:04.429745+00:00,415,1,1.037,1164.422,62.22,144.875,1,Start,Finish,55,39.53062950025715,2.697605200917792,47,211,167,44,,,False,
2026-03-26T10:32:45+00:00,39.53098051249981,2.6978990994393826,153,2026-03-26T10:32:04.429745+00:00,415,1,1.195,1165.617,71.7,128.021,1,Start,Finish,55,39.53062950025715,2.697605200917792,46,213,169,44,,,False,
2026-03-26T10:32:46+00:00,39.53097129240632,2.697917455807328,154,2026-03-26T10:32:04.429745+00:00,415,1,1.879,1167.496,112.74,123.073,1,Start,Finish,55,39.53062950025715,2.697605200917792,46,215,156,59,,,False,
2026-03-26T10:32:47+00:00,39.53095645643771,2.697934303432703,154,2026-03-26T10:32:04.429745+00:00,415,1,2.193,1169.689,131.58,138.786,1,Start,Finish,55,39.53062950025715,2.697605200917792,46,218,143,75,,,False,
2026-03-26T10:32:48+00:00,39.530940698459744,2.697955509647727,154,2026-03-26T10:32:04.429745+00:00,415,1,2.525,1172.214,151.5,133.933,1,Start,Finish,55,39.53062950025715,2.697605200917792,46,221,122,99,,,False,
2026-03-26T10:32:49+00:00,39.530935836955905,2.6979778055101633,154,2026-03-26T10:32:04.429745+00:00,415,1,1.987,1174.201,119.22,105.786,1,Start,Finish,55,39.53062950025715,2.697605200917792,47,223,116,107,,,False,
2026-03-26T10:32:50+00:00,39.53093256801367,2.6980042085051537,155,2026-03-26T10:32:04.429745+00:00,415,1,2.293,1176.495,137.58,99.12,1,Start,Finish,55,39.53062950025715,2.697605200917792,48,225,109,116,,,False,
2026-03-26T10:32:51+00:00,39.53093164600432,2.6980305276811123,155,2026-03-26T10:32:04.429745+00:00,415,1,2.26,1178.754,135.6,92.601,1,Start,Finish,55,39.53062950025715,2.697605200917792,50,227,107,120,,,False,
2026-03-26T10:32:52+00:00,39.53092988580465,2.6980560086667538,155,2026-03-26T10:32:04.429745+00:00,415,1,2.194,1180.948,131.64,95.118,1,Start,Finish,55,39.53062950025715,2.697605200917792,51,229,102,127,,,False,
2026-03-26T10:32:53+00:00,39.5309276226908,2.698080064728856,156,2026-03-26T10:32:04.429745+00:00,415,1,2.078,1183.027,124.68,96.954,1,Start,Finish,55,39.53062950025715,2.697605200917792,53,231,97,134,,,False,
2026-03-26T10:32:54+00:00,39.53092385083437,2.6981082279235125,156,2026-03-26T10:32:04.429745+00:00,415,1,2.451,1185.478,147.06,99.851,1,Start,Finish,55,39.53062950025715,2.697605200917792,54,233,95,138,,,False,
2026-03-26T10:32:55+00:00,39.530921168625355,2.698128679767251,155,2026-03-26T10:32:04.429745+00:00,415,1,1.779,1187.257,106.74,99.65,1,Start,Finish,55,39.53062950025715,2.697605200917792,55,234,95,139,,,False,
2026-03-26T10:32:56+00:00,39.530919156968594,2.6981500536203384,155,2026-03-26T10:32:04.429745+00:00,415,1,1.847,1189.104,110.82,96.957,1,Start,Finish,55,39.53062950025715,2.697605200917792,57,235,96,139,,,False,
2026-03-26T10:32:57+00:00,39.53091647475958,2.6981721818447113,154,2026-03-26T10:32:04.429745+00:00,415,1,1.921,1191.025,115.26,98.931,1,Start,Finish,55,39.53062950025715,2.697605200917792,58,237,96,141,,,False,
2026-03-26T10:32:58+00:00,39.53091689385474,2.698193471878767,154,2026-03-26T10:32:04.429745+00:00,415,1,1.826,1192.852,109.56,88.538,1,Start,Finish,55,39.53062950025715,2.697605200917792,60,238,96,142,,,False,
2026-03-26T10:32:59+00:00,39.53091815114021,2.698214678093791,154,2026-03-26T10:32:04.429745+00:00,415,1,1.824,1194.676,109.44,85.604,1,Start,Finish,55,39.53062950025715,2.697605200917792,61,238,95,143,,,False,
2026-03-26T10:33:00+00:00,39.5309154689312,2.698237309232354,154,2026-03-26T10:32:04.429745+00:00,415,1,1.964,1196.639,117.84,98.736,1,Start,Finish,55,39.53062950025715,2.697605200917792,63,240,95,145,,,False,
