timestamp_utc,latitude,longitude,heart_rate,finish_time_utc,elapsed_race_time_s,finished_flag,seg_dist_m,dist_from_start_m,SOG_raw_mpm,COG_raw_deg
2026-03-18T13:38:26+00:00,39.516831021755934,2.684056470170617,114,2026-03-18T13:49:24.341081+00:00,658,1,0.0,0.0,0.0,0.0
2026-03-18T13:38:27+00:00,39.51682683080435,2.6840861421078444,118,2026-03-18T13:49:24.341081+00:00,658,1,2.588,2.588,155.28,100.375
2026-03-18T13:38:28+00:00,39.51681140810251,2.684107851237058,121,2026-03-18T13:49:24.341081+00:00,658,1,2.532,5.119,151.92,132.642
2026-03-18T13:38:29+00:00,39.516792465001345,2.684126542881131,123,2026-03-18T13:49:24.341081+00:00,658,1,2.647,7.766,158.82,142.722
2026-03-18T13:38:30+00:00,39.51677276752889,2.684143139049411,124,2026-03-18T13:49:24.341081+00:00,658,1,2.612,10.379,156.72,146.977
2026-03-18T13:38:31+00:00,39.51675139367581,2.684158394113183,126,2026-03-18T13:49:24.341081+00:00,658,1,2.713,13.092,162.78,151.163
2026-03-18T13:38:32+00:00,39.51673027127981,2.68417289480567,128,2026-03-18T13:49:24.341081+00:00,658,1,2.658,15.749,159.48,152.094
2026-03-18T13:38:33+00:00,39.51671124435961,2.684188485145569,128,2026-03-18T13:49:24.341081+00:00,658,1,2.503,18.252,150.18,147.703
2026-03-18T13:38:34+00:00,39.51669238507748,2.6842044945806265,128,2026-03-18T13:49:24.341081+00:00,658,1,2.507,20.759,150.42,146.781
2026-03-18T13:38:35+00:00,39.51667260378599,2.684219414368272,127,2026-03-18T13:49:24.341081+00:00,658,1,2.545,23.304,152.7,149.807
2026-03-18T13:38:36+00:00,39.51665231958032,2.6842322386801243,127,2026-03-18T13:49:24.341081+00:00,658,1,2.509,25.813,150.54,154.0
2026-03-18T13:38:37+00:00,39.51663354411721,2.6842456497251987,128,2026-03-18T13:49:24.341081+00:00,658,1,2.384,28.197,143.04,151.144
2026-03-18T13:38:38+00:00,39.516612673178315,2.6842577196657658,128,2026-03-18T13:49:24.341081+00:00,658,1,2.541,30.738,152.46,155.957
2026-03-18T13:38:39+00:00,39.5165909640491,2.6842718850821257,122,2026-03-18T13:49:24.341081+00:00,658,1,2.703,33.441,162.18,153.281
2026-03-18T13:38:40+00:00,39.516570679843426,2.684286804869771,121,2026-03-18T13:49:24.341081+00:00,658,1,2.593,36.034,155.58,150.428
2026-03-18T13:38:41+00:00,39.51655073091388,2.684299713000655,122,2026-03-18T13:49:24.341081+00:00,658,1,2.479,38.513,148.74,153.473
2026-03-18T13:38:42+00:00,39.516533045098186,2.684314548969269,122,2026-03-18T13:49:24.341081+00:00,658,1,2.342,40.856,140.52,147.092
2026-03-18T13:38:43+00:00,39.51651477254927,2.684326870366931,122,2026-03-18T13:49:24.341081+00:00,658,1,2.29,43.146,137.4,152.517
2026-03-18T13:38:44+00:00,39.516496416181326,2.684336341917515,122,2026-03-18T13:49:24.341081+00:00,658,1,2.197,45.343,131.82,158.295
2026-03-18T13:38:45+00:00,39.516479233279824,2.684343298897147,120,2026-03-18T13:49:24.341081+00:00,658,1,2.002,47.345,120.12,162.654
2026-03-18T13:38:46+00:00,39.51646154746413,2.6843528542667627,123,2026-03-18T13:49:24.341081+00:00,658,1,2.131,49.475,127.86,157.374
2026-03-18T13:38:47+00:00,39.51644386164844,2.6843664329499006,124,2026-03-18T13:49:24.341081+00:00,658,1,2.286,51.761,137.16,149.362
2026-03-18T13:38:48+00:00,39.516425505280495,2.6843794248998165,126,2026-03-18T13:49:24.341081+00:00,658,1,2.326,54.086,139.56,151.366
2026-03-18T13:38:49+00:00,39.51640312559903,2.6843884773552418,125,2026-03-18T13:49:24.341081+00:00,658,1,2.607,56.693,156.42,162.67
2026-03-18T13:38:50+00:00,39.51638233847916,2.6843993738293648,127,2026-03-18T13:49:24.341081+00:00,658,1,2.493,59.186,149.58,157.982
2026-03-18T13:38:51+00:00,39.51636121608317,2.684410521760583,126,2026-03-18T13:49:24.341081+00:00,658,1,2.536,61.722,152.16,157.846
2026-03-18T13:38:52+00:00,39.51634084805846,2.6844236813485622,126,2026-03-18T13:49:24.341081+00:00,658,1,2.531,64.253,151.86,153.507
2026-03-18T13:38:53+00:00,39.51632131822407,2.6844382658600807,126,2026-03-18T13:49:24.341081+00:00,658,1,2.506,66.759,150.36,150.054
2026-03-18T13:38:54+00:00,39.516303297132254,2.6844519283622503,126,2026-03-18T13:49:24.341081+00:00,658,1,2.321,69.081,139.26,149.678
2026-03-18T13:38:55+00:00,39.5162854436785,2.6844641659408808,126,2026-03-18T13:49:24.341081+00:00,658,1,2.246,71.326,134.76,152.131
2026-03-18T13:38:56+00:00,39.51626683585346,2.684474224224686,127,2026-03-18T13:49:24.341081+00:00,658,1,2.242,73.568,134.52,157.364
2026-03-18T13:38:57+00:00,39.51624646782875,2.6844840310513973,128,2026-03-18T13:49:24.341081+00:00,658,1,2.416,75.984,144.96,159.623
2026-03-18T13:38:58+00:00,39.51622693799436,2.684496520087123,127,2026-03-18T13:49:24.341081+00:00,658,1,2.421,78.406,145.26,153.742
2026-03-18T13:38:59+00:00,39.51620782725513,2.684509512037039,127,2026-03-18T13:49:24.341081+00:00,658,1,2.4,80.805,144.0,152.325
2026-03-18T13:39:00+00:00,39.51618838123977,2.6845216657966375,127,2026-03-18T13:49:24.341081+00:00,658,1,2.401,83.206,144.06,154.259
2026-03-18T13:39:01+00:00,39.51616859994829,2.684534825384617,127,2026-03-18T13:49:24.341081+00:00,658,1,2.472,85.678,148.32,152.833
2026-03-18T13:39:02+00:00,39.51615208759904,2.684550080448389,126,2026-03-18T13:49:24.341081+00:00,658,1,2.255,87.933,135.3,144.522
2026-03-18T13:39:03+00:00,39.516135239973664,2.6845619827508926,124,2026-03-18T13:49:24.341081+00:00,658,1,2.134,90.066,128.04,151.41
2026-03-18T13:39:04+00:00,39.51611512340605,2.6845694426447153,123,2026-03-18T13:49:24.341081+00:00,658,1,2.327,92.393,139.62,164.035
2026-03-18T13:39:05+00:00,39.51609785668552,2.684581596404314,123,2026-03-18T13:49:24.341081+00:00,658,1,2.185,94.577,131.1,151.498
2026-03-18T13:39:06+00:00,39.51607966795564,2.684593917801976,124,2026-03-18T13:49:24.341081+00:00,658,1,2.282,96.86,136.92,152.409
2026-03-18T13:39:07+00:00,39.516061982139945,2.6846040599048138,124,2026-03-18T13:49:24.341081+00:00,658,1,2.15,99.01,129.0,156.136
2026-03-18T13:39:08+00:00,39.51604412868619,2.6846141181886196,125,2026-03-18T13:49:24.341081+00:00,658,1,2.165,101.175,129.9,156.509
2026-03-18T13:39:09+00:00,39.51602518558502,2.6846268586814404,125,2026-03-18T13:49:24.341081+00:00,658,1,2.373,103.548,142.38,152.577
2026-03-18T13:39:10+00:00,39.51600708067417,2.684639682993293,127,2026-03-18T13:49:24.341081+00:00,658,1,2.294,105.842,137.64,151.346
2026-03-18T13:39:11+00:00,39.51599006541073,2.6846509147435427,127,2026-03-18T13:49:24.341081+00:00,658,1,2.123,107.965,127.38,153.013
2026-03-18T13:39:12+00:00,39.51597221195698,2.6846630685031414,127,2026-03-18T13:49:24.341081+00:00,658,1,2.242,110.207,134.52,152.293
2026-03-18T13:39:13+00:00,39.515954442322254,2.6846754737198353,127,2026-03-18T13:49:24.341081+00:00,658,1,2.244,112.451,134.64,151.695
2026-03-18T13:39:14+00:00,39.51593583449721,2.6846865378320217,126,2026-03-18T13:49:24.341081+00:00,658,1,2.276,114.728,136.56,155.359
2026-03-18T13:39:15+00:00,39.51591563411057,2.6846983563154936,126,2026-03-18T13:49:24.341081+00:00,658,1,2.464,117.192,147.84,155.708
2026-03-18T13:39:16+00:00,39.51589543372393,2.6847093366086483,121,2026-03-18T13:49:24.341081+00:00,658,1,2.436,119.628,146.16,157.25
2026-03-18T13:39:17+00:00,39.51587707735598,2.6847225800156593,121,2026-03-18T13:49:24.341081+00:00,658,1,2.336,121.964,140.16,150.901
2026-03-18T13:39:18+00:00,39.515856709331274,2.684734733775258,120,2026-03-18T13:49:24.341081+00:00,658,1,2.493,124.457,149.58,155.282
2026-03-18T13:39:19+00:00,39.51583743095398,2.684746803715825,120,2026-03-18T13:49:24.341081+00:00,658,1,2.381,126.838,142.86,154.22
2026-03-18T13:39:20+00:00,39.51581848785281,2.68475828692317,122,2026-03-18T13:49:24.341081+00:00,658,1,2.325,129.163,139.5,154.937
2026-03-18T13:39:21+00:00,39.515800634399056,2.684768261387944,124,2026-03-18T13:49:24.341081+00:00,658,1,2.162,131.325,129.72,156.684
2026-03-18T13:39:22+00:00,39.51578169129789,2.6847793255001307,125,2026-03-18T13:49:24.341081+00:00,658,1,2.31,133.635,138.6,155.745
2026-03-18T13:39:23+00:00,39.51576358638704,2.6847897190600634,124,2026-03-18T13:49:24.341081+00:00,658,1,2.202,135.837,132.12,156.113
2026-03-18T13:39:24+00:00,39.51574707403779,2.684800531715154,125,2026-03-18T13:49:24.341081+00:00,658,1,2.057,137.894,123.42,153.199
2026-03-18T13:39:25+00:00,39.515730226412416,2.6848088297992945,125,2026-03-18T13:49:24.341081+00:00,658,1,2.004,139.898,120.24,159.195
2026-03-18T13:39:26+00:00,39.51571228913963,2.6848183013498783,126,2026-03-18T13:49:24.341081+00:00,658,1,2.154,142.052,129.24,157.836
2026-03-18T13:39:27+00:00,39.51569460332394,2.6848288625478745,125,2026-03-18T13:49:24.341081+00:00,658,1,2.165,144.217,129.9,155.266
2026-03-18T13:39:28+00:00,39.51567876152694,2.6848390884697437,126,2026-03-18T13:49:24.341081+00:00,658,1,1.968,146.185,118.08,153.528
2026-03-18T13:39:29+00:00,39.5156619977206,2.684848979115486,127,2026-03-18T13:49:24.341081+00:00,658,1,2.048,148.233,122.88,155.527
2026-03-18T13:39:30+00:00,39.51564582064748,2.684859205037355,127,2026-03-18T13:49:24.341081+00:00,658,1,2.001,150.234,120.06,154.004
2026-03-18T13:39:31+00:00,39.51562989503145,2.684870269149542,128,2026-03-18T13:49:24.341081+00:00,658,1,2.009,152.243,120.54,151.811
2026-03-18T13:39:32+00:00,39.5156120415777,2.6848807465285063,129,2026-03-18T13:49:24.341081+00:00,658,1,2.179,154.422,130.74,155.642
2026-03-18T13:39:33+00:00,39.51559309847653,2.6848906371742487,127,2026-03-18T13:49:24.341081+00:00,658,1,2.271,156.693,136.26,158.061
2026-03-18T13:39:34+00:00,39.515572898089886,2.684899941086769,127,2026-03-18T13:49:24.341081+00:00,658,1,2.384,159.077,143.04,160.439
2026-03-18T13:39:35+00:00,39.51555303297937,2.6849080715328455,126,2026-03-18T13:49:24.341081+00:00,658,1,2.316,161.393,138.96,162.477
2026-03-18T13:39:36+00:00,39.515534257516265,2.6849156152457,124,2026-03-18T13:49:24.341081+00:00,658,1,2.186,163.579,131.16,162.779
2026-03-18T13:39:37+00:00,39.51551388949156,2.684925002977252,124,2026-03-18T13:49:24.341081+00:00,658,1,2.404,165.983,144.24,160.426
2026-03-18T13:39:38+00:00,39.51549327000976,2.684935564175248,124,2026-03-18T13:49:24.341081+00:00,658,1,2.465,168.448,147.9,158.439
2026-03-18T13:39:39+00:00,39.515473237261176,2.6849454548209906,124,2026-03-18T13:49:24.341081+00:00,658,1,2.384,170.832,143.04,159.149
2026-03-18T13:39:40+00:00,39.51545446179807,2.6849554292857647,122,2026-03-18T13:49:24.341081+00:00,658,1,2.256,173.088,135.36,157.714
2026-03-18T13:39:41+00:00,39.51543719507754,2.684965655207634,119,2026-03-18T13:49:24.341081+00:00,658,1,2.111,175.199,126.66,155.445
2026-03-18T13:39:42+00:00,39.51541967689991,2.6849769707769156,119,2026-03-18T13:49:24.341081+00:00,658,1,2.176,177.375,130.56,153.513
2026-03-18T13:39:43+00:00,39.51540098525584,2.684988286346197,120,2026-03-18T13:49:24.341081+00:00,658,1,2.294,179.669,137.64,154.966
2026-03-18T13:39:44+00:00,39.515381790697575,2.685000356286764,123,2026-03-18T13:49:24.341081+00:00,658,1,2.372,182.041,142.32,154.122
2026-03-18T13:39:45+00:00,39.51536217704415,2.685013012960553,121,2026-03-18T13:49:24.341081+00:00,658,1,2.436,184.478,146.16,153.535
2026-03-18T13:39:46+00:00,39.515342731028795,2.6850264240056276,121,2026-03-18T13:49:24.341081+00:00,658,1,2.449,186.927,146.94,151.985
2026-03-18T13:39:47+00:00,39.51532613486051,2.685038661584258,121,2026-03-18T13:49:24.341081+00:00,658,1,2.123,189.05,127.38,150.367
2026-03-18T13:39:48+00:00,39.51530878432095,2.685051988810301,121,2026-03-18T13:49:24.341081+00:00,658,1,2.243,191.293,134.58,149.35
2026-03-18T13:39:49+00:00,39.5152922719717,2.685063388198614,123,2026-03-18T13:49:24.341081+00:00,658,1,2.08,193.373,124.8,151.961
2026-03-18T13:39:50+00:00,39.515276262536645,2.6850767992436886,123,2026-03-18T13:49:24.341081+00:00,658,1,2.12,195.492,127.2,147.128
2026-03-18T13:39:51+00:00,39.515258157625794,2.6850939821451902,124,2026-03-18T13:49:24.341081+00:00,658,1,2.495,197.987,149.7,143.79
2026-03-18T13:39:52+00:00,39.51523929834366,2.6851103268563747,124,2026-03-18T13:49:24.341081+00:00,658,1,2.523,200.51,151.38,146.234
2026-03-18T13:39:53+00:00,39.5152214448899,2.68512524664402,123,2026-03-18T13:49:24.341081+00:00,658,1,2.362,202.872,141.72,147.191
2026-03-18T13:39:54+00:00,39.51520627364516,2.685141172260046,123,2026-03-18T13:49:24.341081+00:00,658,1,2.171,205.043,130.26,140.999
2026-03-18T13:39:55+00:00,39.51519009657204,2.685160282999277,122,2026-03-18T13:49:24.341081+00:00,658,1,2.434,207.477,146.04,137.655
2026-03-18T13:39:56+00:00,39.51517106965184,2.685179226100445,121,2026-03-18T13:49:24.341081+00:00,658,1,2.668,210.144,160.08,142.474
2026-03-18T13:39:57+00:00,39.51515397056937,2.6851928886026144,122,2026-03-18T13:49:24.341081+00:00,658,1,2.234,212.378,134.04,148.35
2026-03-18T13:39:58+00:00,39.515135530382395,2.685204036533833,124,2026-03-18T13:49:24.341081+00:00,658,1,2.262,214.64,135.72,154.997
2026-03-18T13:39:59+00:00,39.515116503462195,2.6852172799408436,123,2026-03-18T13:49:24.341081+00:00,658,1,2.401,217.042,144.06,151.766
2026-03-18T13:40:00+00:00,39.5150990691036,2.6852334570139647,120,2026-03-18T13:49:24.341081+00:00,658,1,2.384,219.426,143.04,144.404
2026-03-18T13:40:01+00:00,39.51507995836437,2.68524837680161,119,2026-03-18T13:49:24.341081+00:00,658,1,2.481,221.907,148.86,148.94
2026-03-18T13:40:02+00:00,39.51506109908223,2.6852603629231453,120,2026-03-18T13:49:24.341081+00:00,658,1,2.336,224.242,140.16,153.881
2026-03-18T13:40:03+00:00,39.515041233971715,2.6852712593972683,122,2026-03-18T13:49:24.341081+00:00,658,1,2.399,226.641,143.94,157.064
2026-03-18T13:40:04+00:00,39.515021704137325,2.6852814853191376,123,2026-03-18T13:49:24.341081+00:00,658,1,2.342,228.983,140.52,158.004
2026-03-18T13:40:05+00:00,39.515006029978395,2.6852953992784023,122,2026-03-18T13:49:24.341081+00:00,658,1,2.112,231.095,126.72,145.596
2026-03-18T13:40:06+00:00,39.51499027200043,2.685310235247016,122,2026-03-18T13:49:24.341081+00:00,658,1,2.166,233.261,129.96,144.008
2026-03-18T13:40:07+00:00,39.51497551985085,2.685325490310788,122,2026-03-18T13:49:24.341081+00:00,658,1,2.098,235.359,125.88,141.419
2026-03-18T13:40:08+00:00,39.51495992951095,2.685340913012624,122,2026-03-18T13:49:24.341081+00:00,658,1,2.181,237.54,130.86,142.65
2026-03-18T13:40:09+00:00,39.514942998066545,2.6853578444570303,126,2026-03-18T13:49:24.341081+00:00,658,1,2.378,239.918,142.68,142.351
2026-03-18T13:40:10+00:00,39.51492573134601,2.6853742729872465,126,2026-03-18T13:49:24.341081+00:00,658,1,2.382,242.299,142.92,143.721
2026-03-18T13:40:11+00:00,39.51490846462548,2.6853916235268116,126,2026-03-18T13:49:24.341081+00:00,658,1,2.429,244.729,145.74,142.217
2026-03-18T13:40:12+00:00,39.51488918624818,2.6854089740663767,126,2026-03-18T13:49:24.341081+00:00,658,1,2.61,247.338,156.6,145.227
2026-03-18T13:40:13+00:00,39.51486906968057,2.685422720387578,128,2026-03-18T13:49:24.341081+00:00,658,1,2.529,249.867,151.74,152.203
2026-03-18T13:40:14+00:00,39.514848701655865,2.6854366343468428,125,2026-03-18T13:49:24.341081+00:00,658,1,2.56,252.427,153.6,152.211
2026-03-18T13:40:15+00:00,39.51482900418341,2.685452727600932,121,2026-03-18T13:49:24.341081+00:00,658,1,2.589,255.016,155.34,147.777
2026-03-18T13:40:16+00:00,39.5148088876158,2.6854690723121166,120,2026-03-18T13:49:24.341081+00:00,658,1,2.64,257.656,158.4,147.92
2026-03-18T13:40:17+00:00,39.51478977687657,2.685485752299428,118,2026-03-18T13:49:24.341081+00:00,658,1,2.562,260.218,153.72,146.046
2026-03-18T13:40:18+00:00,39.51477142050862,2.685503102838993,120,2026-03-18T13:49:24.341081+00:00,658,1,2.526,262.744,151.56,143.901
2026-03-18T13:40:19+00:00,39.514752980321646,2.6855188608169556,121,2026-03-18T13:49:24.341081+00:00,658,1,2.456,265.2,147.36,146.605
2026-03-18T13:40:20+00:00,39.51473445631564,2.6855336129665375,123,2026-03-18T13:49:24.341081+00:00,658,1,2.417,267.617,145.02,148.434
2026-03-18T13:40:21+00:00,39.51471643522382,2.6855487003922462,123,2026-03-18T13:49:24.341081+00:00,658,1,2.385,270.003,143.1,147.143
2026-03-18T13:40:22+00:00,39.514697240665555,2.6855651289224625,124,2026-03-18T13:49:24.341081+00:00,658,1,2.558,272.561,153.48,146.564
2026-03-18T13:40:23+00:00,39.51467704027891,2.685578037053346,125,2026-03-18T13:49:24.341081+00:00,658,1,2.504,275.065,150.24,153.758
2026-03-18T13:40:24+00:00,39.51465776190162,2.6855919510126114,125,2026-03-18T13:49:24.341081+00:00,658,1,2.454,277.518,147.24,150.891
2026-03-18T13:40:25+00:00,39.51463848352432,2.6856084633618593,120,2026-03-18T13:49:24.341081+00:00,658,1,2.569,280.088,154.14,146.544
2026-03-18T13:40:26+00:00,39.51461845077574,2.6856255624443293,118,2026-03-18T13:49:24.341081+00:00,658,1,2.667,282.755,160.02,146.636
2026-03-18T13:40:27+00:00,39.51459623873234,2.685639727860689,115,2026-03-18T13:49:24.341081+00:00,658,1,2.753,285.507,165.18,153.803
2026-03-18T13:40:28+00:00,39.51457385905087,2.6856538094580173,117,2026-03-18T13:49:24.341081+00:00,658,1,2.766,288.274,165.96,154.107
2026-03-18T13:40:29+00:00,39.51455223374069,2.6856716629117727,120,2026-03-18T13:49:24.341081+00:00,658,1,2.851,291.125,171.06,147.507
2026-03-18T13:40:30+00:00,39.5145342964679,2.685688929632306,121,2026-03-18T13:49:24.341081+00:00,658,1,2.484,293.609,149.04,143.402
2026-03-18T13:40:31+00:00,39.514516443014145,2.6857025921344757,121,2026-03-18T13:49:24.341081+00:00,658,1,2.305,295.914,138.3,149.444
2026-03-18T13:40:32+00:00,39.51449926011264,2.6857167575508356,124,2026-03-18T13:49:24.341081+00:00,658,1,2.264,298.179,135.84,147.544
2026-03-18T13:40:33+00:00,39.51448258012533,2.6857315935194492,124,2026-03-18T13:49:24.341081+00:00,658,1,2.249,300.428,134.94,145.543
2026-03-18T13:40:34+00:00,39.51446615159512,2.6857471000403166,127,2026-03-18T13:49:24.341081+00:00,658,1,2.26,302.688,135.6,143.939
2026-03-18T13:40:35+00:00,39.51444737613201,2.6857617683708668,128,2026-03-18T13:49:24.341081+00:00,658,1,2.438,305.125,146.28,148.922
2026-03-18T13:40:36+00:00,39.51442860066891,2.6857786159962416,128,2026-03-18T13:49:24.341081+00:00,658,1,2.539,307.665,152.34,145.307
2026-03-18T13:40:37+00:00,39.51441016048193,2.685794793069362,129,2026-03-18T13:49:24.341081+00:00,658,1,2.476,310.14,148.56,145.91
2026-03-18T13:40:38+00:00,39.5143910497427,2.685810634866357,128,2026-03-18T13:49:24.341081+00:00,658,1,2.522,312.663,151.32,147.401
2026-03-18T13:40:39+00:00,39.51436959207058,2.685827063396573,126,2026-03-18T13:49:24.341081+00:00,658,1,2.771,315.434,166.26,149.432
2026-03-18T13:40:40+00:00,39.514349894598126,2.6858417317271233,126,2026-03-18T13:49:24.341081+00:00,658,1,2.526,317.96,151.56,150.123
2026-03-18T13:40:41+00:00,39.51432910747826,2.6858555618673563,126,2026-03-18T13:49:24.341081+00:00,658,1,2.598,320.558,155.88,152.83
2026-03-18T13:40:42+00:00,39.514310248196125,2.6858690567314625,126,2026-03-18T13:49:24.341081+00:00,658,1,2.395,322.953,143.7,151.1
2026-03-18T13:40:43+00:00,39.514290634542704,2.685881964862346,128,2026-03-18T13:49:24.341081+00:00,658,1,2.446,325.399,146.76,153.082
2026-03-18T13:40:44+00:00,39.51427227817476,2.6858949568122625,130,2026-03-18T13:49:24.341081+00:00,658,1,2.326,327.725,139.56,151.365
2026-03-18T13:40:45+00:00,39.514254592359066,2.685909876599908,130,2026-03-18T13:49:24.341081+00:00,658,1,2.346,330.071,140.76,146.943
2026-03-18T13:40:46+00:00,39.51423606835306,2.6859261374920607,128,2026-03-18T13:49:24.341081+00:00,658,1,2.488,332.559,149.28,145.894
2026-03-18T13:40:47+00:00,39.51421779580414,2.685941644012928,129,2026-03-18T13:49:24.341081+00:00,658,1,2.429,334.987,145.74,146.788
2026-03-18T13:40:48+00:00,39.51419767923653,2.6859553903341293,127,2026-03-18T13:49:24.341081+00:00,658,1,2.529,337.516,151.74,152.203
2026-03-18T13:40:49+00:00,39.51417630538344,2.6859689690172672,128,2026-03-18T13:49:24.341081+00:00,658,1,2.647,340.163,158.82,153.89
2026-03-18T13:40:50+00:00,39.51415543444455,2.685983888804913,126,2026-03-18T13:49:24.341081+00:00,658,1,2.65,342.813,159.0,151.124
2026-03-18T13:40:51+00:00,39.51413422822952,2.6859995629638433,123,2026-03-18T13:49:24.341081+00:00,658,1,2.714,345.528,162.84,150.308
2026-03-18T13:40:52+00:00,39.51411520130932,2.6860162429511547,122,2026-03-18T13:49:24.341081+00:00,658,1,2.554,348.082,153.24,145.929
2026-03-18T13:40:53+00:00,39.51409650966525,2.686035269871354,124,2026-03-18T13:49:24.341081+00:00,658,1,2.643,350.724,158.58,141.857
2026-03-18T13:40:54+00:00,39.51407639309764,2.686051782220602,126,2026-03-18T13:49:24.341081+00:00,658,1,2.648,353.372,158.88,147.656
2026-03-18T13:40:55+00:00,39.51405619271099,2.6860655285418034,128,2026-03-18T13:49:24.341081+00:00,658,1,2.537,355.909,152.22,152.301
2026-03-18T13:40:56+00:00,39.514035573229194,2.6860827952623367,128,2026-03-18T13:49:24.341081+00:00,658,1,2.73,358.639,163.8,147.136
2026-03-18T13:40:57+00:00,39.51401964761317,2.6860991399735212,127,2026-03-18T13:49:24.341081+00:00,658,1,2.259,360.897,135.54,141.629
2026-03-18T13:40:58+00:00,39.514002967625856,2.6861143112182617,127,2026-03-18T13:49:24.341081+00:00,658,1,2.266,363.163,135.96,144.943
2026-03-18T13:40:59+00:00,39.513985784724355,2.686129566282034,128,2026-03-18T13:49:24.341081+00:00,658,1,2.316,365.479,138.96,145.592
2026-03-18T13:41:00+00:00,39.51396927237511,2.6861444022506475,129,2026-03-18T13:49:24.341081+00:00,658,1,2.234,367.713,134.04,145.272
2026-03-18T13:41:01+00:00,39.51395292766392,2.6861591544002295,132,2026-03-18T13:49:24.341081+00:00,658,1,2.215,369.928,132.9,145.15
2026-03-18T13:41:02+00:00,39.513935493305326,2.686172565445304,131,2026-03-18T13:49:24.341081+00:00,658,1,2.254,372.182,135.24,149.313
2026-03-18T13:41:03+00:00,39.51391755603254,2.686186647042632,130,2026-03-18T13:49:24.341081+00:00,658,1,2.332,374.514,139.92,148.799
2026-03-18T13:41:04+00:00,39.513899367302656,2.6862019021064043,128,2026-03-18T13:49:24.341081+00:00,658,1,2.409,376.923,144.54,147.096
2026-03-18T13:41:05+00:00,39.51387916691601,2.6862153969705105,128,2026-03-18T13:49:24.341081+00:00,658,1,2.527,379.45,151.62,152.734
2026-03-18T13:41:06+00:00,39.51385913416743,2.686229730024934,129,2026-03-18T13:49:24.341081+00:00,658,1,2.544,381.994,152.64,151.102
2026-03-18T13:41:07+00:00,39.51384144835174,2.686245823279023,126,2026-03-18T13:49:24.341081+00:00,658,1,2.403,384.397,144.18,144.931
2026-03-18T13:41:08+00:00,39.51382300816476,2.686259485781193,126,2026-03-18T13:49:24.341081+00:00,658,1,2.362,386.758,141.72,150.248
2026-03-18T13:41:09+00:00,39.51380398124456,2.6862736511975527,126,2026-03-18T13:49:24.341081+00:00,658,1,2.44,389.198,146.4,150.129
2026-03-18T13:41:10+00:00,39.51378311030567,2.6862879004329443,127,2026-03-18T13:49:24.341081+00:00,658,1,2.623,391.821,157.38,152.224
2026-03-18T13:41:11+00:00,39.51376316137612,2.6863034069538116,130,2026-03-18T13:49:24.341081+00:00,658,1,2.586,394.408,155.16,149.05
2026-03-18T13:41:12+00:00,39.513744469732046,2.686319248750806,129,2026-03-18T13:49:24.341081+00:00,658,1,2.483,396.891,148.98,146.821
2026-03-18T13:41:13+00:00,39.5137277059257,2.6863350905478,130,2026-03-18T13:49:24.341081+00:00,658,1,2.307,399.198,138.42,143.906
2026-03-18T13:41:14+00:00,39.51371152885258,2.686351938173175,130,2026-03-18T13:49:24.341081+00:00,658,1,2.307,401.505,138.42,141.22
2026-03-18T13:41:15+00:00,39.513693591579795,2.686368953436613,132,2026-03-18T13:49:24.341081+00:00,658,1,2.472,403.977,148.32,143.803
2026-03-18T13:41:16+00:00,39.51367716304958,2.6863856334239244,132,2026-03-18T13:49:24.341081+00:00,658,1,2.32,406.297,139.2,141.929
2026-03-18T13:41:17+00:00,39.51365780085325,2.686395524069667,132,2026-03-18T13:49:24.341081+00:00,658,1,2.314,408.611,138.84,158.491
2026-03-18T13:41:18+00:00,39.51364003121853,2.6864074263721704,132,2026-03-18T13:49:24.341081+00:00,658,1,2.224,410.836,133.44,152.673
2026-03-18T13:41:19+00:00,39.51362201012671,2.68642108887434,130,2026-03-18T13:49:24.341081+00:00,658,1,2.321,413.157,139.26,149.677
2026-03-18T13:41:20+00:00,39.513600300997496,2.6864324044436216,130,2026-03-18T13:49:24.341081+00:00,658,1,2.602,415.759,156.12,158.094
2026-03-18T13:41:21+00:00,39.51358026824891,2.686444139108062,130,2026-03-18T13:49:24.341081+00:00,658,1,2.444,418.203,146.64,155.681
2026-03-18T13:41:22+00:00,39.51355797238648,2.686457885429263,129,2026-03-18T13:49:24.341081+00:00,658,1,2.745,420.949,164.7,154.562
2026-03-18T13:41:23+00:00,39.51353894546628,2.686474984511733,128,2026-03-18T13:49:24.341081+00:00,658,1,2.574,423.523,154.44,145.266
2026-03-18T13:41:24+00:00,39.51352042146027,2.6864889822900295,126,2026-03-18T13:49:24.341081+00:00,658,1,2.384,425.907,143.04,149.759
2026-03-18T13:41:25+00:00,39.51350198127329,2.686499794945121,126,2026-03-18T13:49:24.341081+00:00,658,1,2.25,428.158,135.0,155.66
2026-03-18T13:41:26+00:00,39.51348471455276,2.686512116342783,128,2026-03-18T13:49:24.341081+00:00,658,1,2.192,430.349,131.52,151.166
2026-03-18T13:41:27+00:00,39.513468788936734,2.6865246891975403,128,2026-03-18T13:49:24.341081+00:00,658,1,2.073,432.423,124.38,148.656
2026-03-18T13:41:28+00:00,39.513453701511025,2.6865393575280905,130,2026-03-18T13:49:24.341081+00:00,658,1,2.097,434.52,125.82,143.128
2026-03-18T13:41:29+00:00,39.513436602428555,2.6865523494780064,131,2026-03-18T13:49:24.341081+00:00,658,1,2.204,436.724,132.24,149.622
2026-03-18T13:41:30+00:00,39.5134205929935,2.686565676704049,133,2026-03-18T13:49:24.341081+00:00,658,1,2.116,438.84,126.96,147.29
2026-03-18T13:41:31+00:00,39.51340558938682,2.686581267043948,134,2026-03-18T13:49:24.341081+00:00,658,1,2.138,440.978,128.28,141.283
2026-03-18T13:41:32+00:00,39.513387652114034,2.6865944266319275,135,2026-03-18T13:49:24.341081+00:00,658,1,2.292,443.27,137.52,150.491
2026-03-18T13:41:33+00:00,39.51336678117514,2.686605155467987,135,2026-03-18T13:49:24.341081+00:00,658,1,2.497,445.766,149.82,158.368
2026-03-18T13:41:34+00:00,39.51334582641721,2.6866182312369347,135,2026-03-18T13:49:24.341081+00:00,658,1,2.586,448.352,155.16,154.294
2026-03-18T13:41:35+00:00,39.51332478784025,2.6866307202726603,134,2026-03-18T13:49:24.341081+00:00,658,1,2.573,450.925,154.38,155.394
2026-03-18T13:41:36+00:00,39.51330500654876,2.686643796041608,130,2026-03-18T13:49:24.341081+00:00,658,1,2.469,453.394,148.14,152.98
2026-03-18T13:41:37+00:00,39.513286063447595,2.6866586320102215,129,2026-03-18T13:49:24.341081+00:00,658,1,2.461,455.855,147.66,148.859
2026-03-18T13:41:38+00:00,39.51326762326062,2.6866737194359303,132,2026-03-18T13:49:24.341081+00:00,658,1,2.425,458.28,145.5,147.74
2026-03-18T13:41:39+00:00,39.51324926689267,2.6866865437477827,132,2026-03-18T13:49:24.341081+00:00,658,1,2.319,460.599,139.14,151.676
2026-03-18T13:41:40+00:00,39.51323007233441,2.6866972725838423,134,2026-03-18T13:49:24.341081+00:00,658,1,2.324,462.923,139.44,156.673
2026-03-18T13:41:41+00:00,39.51321045868099,2.686710935086012,134,2026-03-18T13:49:24.341081+00:00,658,1,2.476,465.399,148.56,151.747
2026-03-18T13:41:42+00:00,39.513191767036915,2.6867264416068792,135,2026-03-18T13:49:24.341081+00:00,658,1,2.468,467.867,148.08,147.38
2026-03-18T13:41:43+00:00,39.5131719019264,2.686739517375827,135,2026-03-18T13:49:24.341081+00:00,658,1,2.477,470.344,148.62,153.078
2026-03-18T13:41:44+00:00,39.51315128244459,2.6867529284209013,134,2026-03-18T13:49:24.341081+00:00,658,1,2.565,472.909,153.9,153.354
2026-03-18T13:41:45+00:00,39.51313049532473,2.686766255646944,131,2026-03-18T13:49:24.341081+00:00,658,1,2.579,475.488,154.74,153.682
2026-03-18T13:41:46+00:00,39.51310845091939,2.686778828501702,130,2026-03-18T13:49:24.341081+00:00,658,1,2.678,478.166,160.68,156.25
2026-03-18T13:41:47+00:00,39.51308858580887,2.6867914013564587,131,2026-03-18T13:49:24.341081+00:00,658,1,2.458,480.624,147.48,153.975
2026-03-18T13:41:48+00:00,39.513067631050944,2.6868043933063745,131,2026-03-18T13:49:24.341081+00:00,658,1,2.583,483.207,154.98,154.437
2026-03-18T13:41:49+00:00,39.51304768212139,2.686815122142434,131,2026-03-18T13:49:24.341081+00:00,658,1,2.402,485.609,144.12,157.466
2026-03-18T13:41:50+00:00,39.513028068467975,2.6868270244449377,131,2026-03-18T13:49:24.341081+00:00,658,1,2.408,488.017,144.48,154.913
2026-03-18T13:41:51+00:00,39.51300845481455,2.686841022223234,131,2026-03-18T13:49:24.341081+00:00,658,1,2.49,490.506,149.4,151.163
2026-03-18T13:41:52+00:00,39.51298917643726,2.6868540979921818,132,2026-03-18T13:49:24.341081+00:00,658,1,2.419,492.926,145.14,152.379
2026-03-18T13:41:53+00:00,39.512970903888345,2.6868665032088757,132,2026-03-18T13:49:24.341081+00:00,658,1,2.294,495.219,137.64,152.356
2026-03-18T13:41:54+00:00,39.51295028440654,2.686879998072982,132,2026-03-18T13:49:24.341081+00:00,658,1,2.568,497.788,154.08,153.21
2026-03-18T13:41:55+00:00,39.51293419115245,2.686895001679659,133,2026-03-18T13:49:24.341081+00:00,658,1,2.204,499.992,132.24,144.275
2026-03-18T13:41:56+00:00,39.51291642151773,2.6869077421724796,135,2026-03-18T13:49:24.341081+00:00,658,1,2.258,502.25,135.48,151.051
2026-03-18T13:41:57+00:00,39.51289823278785,2.6869216561317444,136,2026-03-18T13:49:24.341081+00:00,658,1,2.348,504.599,140.88,149.452
2026-03-18T13:41:58+00:00,39.51287945732474,2.686935570091009,137,2026-03-18T13:49:24.341081+00:00,658,1,2.405,507.004,144.3,150.242
2026-03-18T13:41:59+00:00,39.51285816729069,2.6869457960128784,137,2026-03-18T13:49:24.341081+00:00,658,1,2.525,509.528,151.5,159.668
2026-03-18T13:42:00+00:00,39.51283629052341,2.6869555190205574,138,2026-03-18T13:49:24.341081+00:00,658,1,2.572,512.1,154.32,161.074
2026-03-18T13:42:01+00:00,39.51281634159386,2.686969768255949,137,2026-03-18T13:49:24.341081+00:00,658,1,2.533,514.633,151.98,151.143
2026-03-18T13:42:02+00:00,39.51279656030238,2.686982424929738,136,2026-03-18T13:49:24.341081+00:00,658,1,2.453,517.085,147.18,153.728
2026-03-18T13:42:03+00:00,39.51277661137283,2.686991225928068,136,2026-03-18T13:49:24.341081+00:00,658,1,2.343,519.429,140.58,161.203
2026-03-18T13:42:04+00:00,39.51275657862425,2.6870002783834934,136,2026-03-18T13:49:24.341081+00:00,658,1,2.359,521.788,141.54,160.78
2026-03-18T13:42:05+00:00,39.51273554004729,2.6870120968669653,135,2026-03-18T13:49:24.341081+00:00,658,1,2.55,524.337,153.0,156.569
2026-03-18T13:42:06+00:00,39.51271500438452,2.687025424093008,135,2026-03-18T13:49:24.341081+00:00,658,1,2.554,526.891,153.24,153.404
2026-03-18T13:42:07+00:00,39.512695809826255,2.687039002776146,133,2026-03-18T13:49:24.341081+00:00,658,1,2.432,529.323,145.92,151.376
2026-03-18T13:42:08+00:00,39.51267946511507,2.687053084373474,134,2026-03-18T13:49:24.341081+00:00,658,1,2.182,531.505,130.92,146.389
2026-03-18T13:42:09+00:00,39.512664126232266,2.687067836523056,134,2026-03-18T13:49:24.341081+00:00,658,1,2.124,533.629,127.44,143.426
2026-03-18T13:42:10+00:00,39.51264635659754,2.6870811637490988,137,2026-03-18T13:49:24.341081+00:00,658,1,2.283,535.911,136.98,149.946
2026-03-18T13:42:11+00:00,39.512627413496375,2.687092060223222,139,2026-03-18T13:49:24.341081+00:00,658,1,2.304,538.216,138.24,156.07
2026-03-18T13:42:12+00:00,39.51260696165264,2.6871027890592813,139,2026-03-18T13:49:24.341081+00:00,658,1,2.453,540.669,147.18,157.966
2026-03-18T13:42:13+00:00,39.51258567161858,2.6871160324662924,137,2026-03-18T13:49:24.341081+00:00,658,1,2.626,543.295,157.56,154.364
2026-03-18T13:42:14+00:00,39.51256446540356,2.687128772959113,136,2026-03-18T13:49:24.341081+00:00,658,1,2.599,545.894,155.94,155.132
2026-03-18T13:42:15+00:00,39.512542337179184,2.687140004709363,137,2026-03-18T13:49:24.341081+00:00,658,1,2.642,548.537,158.52,158.615
2026-03-18T13:42:16+00:00,39.51252247206867,2.687153248116374,138,2026-03-18T13:49:24.341081+00:00,658,1,2.484,551.02,149.04,152.782
2026-03-18T13:42:17+00:00,39.5125051215291,2.687165569514036,138,2026-03-18T13:49:24.341081+00:00,658,1,2.2,553.22,132.0,151.283
2026-03-18T13:42:18+00:00,39.51248877681792,2.6871781423687935,139,2026-03-18T13:49:24.341081+00:00,658,1,2.113,555.334,126.78,149.313
2026-03-18T13:42:19+00:00,39.51247368939221,2.687190715223551,140,2026-03-18T13:49:24.341081+00:00,658,1,1.994,557.328,119.64,147.263
2026-03-18T13:42:20+00:00,39.512455919757485,2.687201863154769,141,2026-03-18T13:49:24.341081+00:00,658,1,2.195,559.523,131.7,154.173
2026-03-18T13:42:21+00:00,39.51243664138019,2.6872132625430822,142,2026-03-18T13:49:24.341081+00:00,658,1,2.356,561.88,141.36,155.478
2026-03-18T13:42:22+00:00,39.51241610571742,2.6872229855507612,140,2026-03-18T13:49:24.341081+00:00,658,1,2.431,564.311,145.86,159.934
2026-03-18T13:42:23+00:00,39.512396827340126,2.6872313674539328,140,2026-03-18T13:49:24.341081+00:00,658,1,2.261,566.572,135.66,161.457
2026-03-18T13:42:24+00:00,39.51237696222961,2.6872426830232143,140,2026-03-18T13:49:24.341081+00:00,658,1,2.413,568.984,144.78,156.277
2026-03-18T13:42:25+00:00,39.51236145570874,2.687254752963782,140,2026-03-18T13:49:24.341081+00:00,658,1,2.011,570.996,120.66,149.015
2026-03-18T13:42:26+00:00,39.51234343461692,2.68726640380919,140,2026-03-18T13:49:24.341081+00:00,658,1,2.239,573.235,134.34,153.491
2026-03-18T13:42:27+00:00,39.512324994429946,2.6872755400836468,140,2026-03-18T13:49:24.341081+00:00,658,1,2.195,575.43,131.7,159.081
2026-03-18T13:42:28+00:00,39.51230571605265,2.6872855983674526,139,2026-03-18T13:49:24.341081+00:00,658,1,2.311,577.741,138.66,158.074
2026-03-18T13:42:29+00:00,39.512285348027945,2.6872956566512585,139,2026-03-18T13:49:24.341081+00:00,658,1,2.424,580.164,145.44,159.144
2026-03-18T13:42:30+00:00,39.51226498000324,2.6873039547353983,140,2026-03-18T13:49:24.341081+00:00,658,1,2.374,582.539,142.44,162.552
2026-03-18T13:42:31+00:00,39.51224469579756,2.687314348295331,140,2026-03-18T13:49:24.341081+00:00,658,1,2.425,584.964,145.5,158.431
2026-03-18T13:42:32+00:00,39.51222441159189,2.687325496226549,138,2026-03-18T13:49:24.341081+00:00,658,1,2.45,587.414,147.0,157.023
2026-03-18T13:42:33+00:00,39.512205217033625,2.687337649986148,137,2026-03-18T13:49:24.341081+00:00,658,1,2.375,589.789,142.5,153.965
2026-03-18T13:42:34+00:00,39.51218786649406,2.6873488817363977,136,2026-03-18T13:49:24.341081+00:00,658,1,2.157,591.946,129.42,153.462
2026-03-18T13:42:35+00:00,39.512168588116765,2.6873610354959965,137,2026-03-18T13:49:24.341081+00:00,658,1,2.384,594.329,143.04,154.063
2026-03-18T13:42:36+00:00,39.5121493935585,2.687371512874961,137,2026-03-18T13:49:24.341081+00:00,658,1,2.316,596.645,138.96,157.163
2026-03-18T13:42:37+00:00,39.51213011518121,2.6873814035207033,137,2026-03-18T13:49:24.341081+00:00,658,1,2.305,598.951,138.3,158.406
2026-03-18T13:42:38+00:00,39.51211025007069,2.687390791252255,137,2026-03-18T13:49:24.341081+00:00,658,1,2.351,601.302,141.06,159.969
2026-03-18T13:42:39+00:00,39.51209105551243,2.6874027773737907,135,2026-03-18T13:49:24.341081+00:00,658,1,2.369,603.671,142.14,154.277
2026-03-18T13:42:40+00:00,39.512070855125785,2.6874164398759604,133,2026-03-18T13:49:24.341081+00:00,658,1,2.534,606.205,152.04,152.445
2026-03-18T13:42:41+00:00,39.512051325291395,2.687429767102003,131,2026-03-18T13:49:24.341081+00:00,658,1,2.454,608.659,147.24,152.235
2026-03-18T13:42:42+00:00,39.512031795457006,2.687442172318697,132,2026-03-18T13:49:24.341081+00:00,658,1,2.418,611.077,145.08,153.893
2026-03-18T13:42:43+00:00,39.512012181803584,2.687452230602503,133,2026-03-18T13:49:24.341081+00:00,658,1,2.345,613.423,140.7,158.414
2026-03-18T13:42:44+00:00,39.51199223287403,2.687463629990816,133,2026-03-18T13:49:24.341081+00:00,658,1,2.424,615.847,145.44,156.21
2026-03-18T13:42:45+00:00,39.51197194866836,2.687476621940732,134,2026-03-18T13:49:24.341081+00:00,658,1,2.516,618.363,150.96,153.704
2026-03-18T13:42:46+00:00,39.51195216737688,2.687491625547409,134,2026-03-18T13:49:24.341081+00:00,658,1,2.548,620.911,152.88,149.666
2026-03-18T13:42:47+00:00,39.511932553723454,2.6875059586018324,134,2026-03-18T13:49:24.341081+00:00,658,1,2.504,623.415,150.24,150.586
2026-03-18T13:42:48+00:00,39.511913023889065,2.6875173579901457,134,2026-03-18T13:49:24.341081+00:00,658,1,2.382,625.796,142.92,155.757
2026-03-18T13:42:49+00:00,39.511893996968865,2.6875285897403955,136,2026-03-18T13:49:24.341081+00:00,658,1,2.325,628.121,139.5,155.515
2026-03-18T13:42:50+00:00,39.51187756843865,2.6875445153564215,137,2026-03-18T13:49:24.341081+00:00,658,1,2.281,630.402,136.86,143.208
2026-03-18T13:42:51+00:00,39.51186113990843,2.687557842582464,138,2026-03-18T13:49:24.341081+00:00,658,1,2.155,632.557,129.3,147.959
2026-03-18T13:42:52+00:00,39.51184345409274,2.6875689905136824,140,2026-03-18T13:49:24.341081+00:00,658,1,2.187,634.744,131.22,154.067
2026-03-18T13:42:53+00:00,39.51182417571545,2.687579048797488,140,2026-03-18T13:49:24.341081+00:00,658,1,2.311,637.055,138.66,158.074
2026-03-18T13:42:54+00:00,39.511803556233644,2.6875918731093407,141,2026-03-18T13:49:24.341081+00:00,658,1,2.543,639.598,152.58,154.367
2026-03-18T13:42:55+00:00,39.51178343966603,2.6876031048595905,141,2026-03-18T13:49:24.341081+00:00,658,1,2.436,642.033,146.16,156.696
2026-03-18T13:42:56+00:00,39.51176625676453,2.68761383369565,140,2026-03-18T13:49:24.341081+00:00,658,1,2.121,644.154,127.26,154.279
2026-03-18T13:42:57+00:00,39.51174957677722,2.687623891979456,140,2026-03-18T13:49:24.341081+00:00,658,1,2.046,646.2,122.76,155.051
2026-03-18T13:42:58+00:00,39.511731304228306,2.687635710462928,141,2026-03-18T13:49:24.341081+00:00,658,1,2.271,648.471,136.26,153.481
2026-03-18T13:42:59+00:00,39.51171303167939,2.6876467745751143,143,2026-03-18T13:49:24.341081+00:00,658,1,2.243,650.713,134.58,154.961
2026-03-18T13:43:00+00:00,39.51169618405402,2.687657168135047,143,2026-03-18T13:49:24.341081+00:00,658,1,2.075,652.788,124.5,154.548
2026-03-18T13:43:01+00:00,39.51167883351445,2.6876681484282017,141,2026-03-18T13:49:24.341081+00:00,658,1,2.147,654.935,128.82,153.976
2026-03-18T13:43:02+00:00,39.51166198588908,2.6876800507307053,142,2026-03-18T13:49:24.341081+00:00,658,1,2.134,657.068,128.04,151.408
2026-03-18T13:43:03+00:00,39.51164421625435,2.687691953033209,142,2026-03-18T13:49:24.341081+00:00,658,1,2.224,659.293,133.44,152.672
2026-03-18T13:43:04+00:00,39.51162661425769,2.687704022973776,140,2026-03-18T13:49:24.341081+00:00,658,1,2.214,661.507,132.84,152.12
2026-03-18T13:43:05+00:00,39.51160809025168,2.6877165120095015,140,2026-03-18T13:49:24.341081+00:00,658,1,2.322,663.829,139.32,152.519
2026-03-18T13:43:06+00:00,39.51158889569342,2.6877268217504025,140,2026-03-18T13:49:24.341081+00:00,658,1,2.31,666.139,138.6,157.492
2026-03-18T13:43:07+00:00,39.51156961731613,2.687739562243223,141,2026-03-18T13:49:24.341081+00:00,658,1,2.406,668.545,144.36,152.985
2026-03-18T13:43:08+00:00,39.51154958456755,2.687751380726695,141,2026-03-18T13:49:24.341081+00:00,658,1,2.447,670.993,146.82,155.527
2026-03-18T13:43:09+00:00,39.511529970914125,2.687762528657913,141,2026-03-18T13:49:24.341081+00:00,658,1,2.381,673.374,142.86,156.323
2026-03-18T13:43:10+00:00,39.51151027344167,2.6877703238278627,136,2026-03-18T13:49:24.341081+00:00,658,1,2.29,675.664,137.4,163.022
2026-03-18T13:43:11+00:00,39.51149057596922,2.687777364626527,137,2026-03-18T13:49:24.341081+00:00,658,1,2.272,677.936,136.32,164.583
2026-03-18T13:43:12+00:00,39.511469788849354,2.6877885963767767,139,2026-03-18T13:49:24.341081+00:00,658,1,2.504,680.44,150.24,157.371
2026-03-18T13:43:13+00:00,39.51145059429109,2.687801755964756,138,2026-03-18T13:49:24.341081+00:00,658,1,2.415,682.855,144.9,152.124
2026-03-18T13:43:14+00:00,39.51143039390445,2.687813239172101,138,2026-03-18T13:49:24.341081+00:00,658,1,2.453,685.307,147.18,156.319
2026-03-18T13:43:15+00:00,39.511411283165216,2.687820279970765,140,2026-03-18T13:49:24.341081+00:00,658,1,2.209,687.517,132.54,164.133
2026-03-18T13:43:16+00:00,39.511392088606954,2.6878304220736027,140,2026-03-18T13:49:24.341081+00:00,658,1,2.305,689.822,138.3,157.822
2026-03-18T13:43:17+00:00,39.51137138530612,2.687841821461916,140,2026-03-18T13:49:24.341081+00:00,658,1,2.501,692.323,150.06,156.985
2026-03-18T13:43:18+00:00,39.511352609843016,2.6878533884882927,140,2026-03-18T13:49:24.341081+00:00,658,1,2.312,694.634,138.72,154.578
2026-03-18T13:43:19+00:00,39.5113343372941,2.6878647040575743,140,2026-03-18T13:49:24.341081+00:00,658,1,2.252,696.886,135.12,154.463
2026-03-18T13:43:20+00:00,39.51131631620228,2.6878740917891264,141,2026-03-18T13:49:24.341081+00:00,658,1,2.16,699.046,129.6,158.105
2026-03-18T13:43:21+00:00,39.51129745692015,2.687882808968425,142,2026-03-18T13:49:24.341081+00:00,658,1,2.226,701.272,133.56,160.374
2026-03-18T13:43:22+00:00,39.51127901673317,2.687890101224184,142,2026-03-18T13:49:24.341081+00:00,658,1,2.144,703.416,128.64,163.033
2026-03-18T13:43:23+00:00,39.51125931926072,2.687896555289626,142,2026-03-18T13:49:24.341081+00:00,658,1,2.259,705.675,135.54,165.813
2026-03-18T13:43:24+00:00,39.511238783597946,2.6879022549837828,141,2026-03-18T13:49:24.341081+00:00,658,1,2.335,708.01,140.1,167.914
2026-03-18T13:43:25+00:00,39.51121757738292,2.6879112236201763,138,2026-03-18T13:49:24.341081+00:00,658,1,2.48,710.491,148.8,161.929
2026-03-18T13:43:26+00:00,39.511196203529835,2.6879211142659187,134,2026-03-18T13:49:24.341081+00:00,658,1,2.524,713.014,151.44,160.353
2026-03-18T13:43:27+00:00,39.511175500229,2.687930418178439,134,2026-03-18T13:49:24.341081+00:00,658,1,2.437,715.451,146.22,160.878
2026-03-18T13:43:28+00:00,39.51115655712783,2.6879393868148327,135,2026-03-18T13:49:24.341081+00:00,658,1,2.242,717.693,134.52,159.934
2026-03-18T13:43:29+00:00,39.51113828457892,2.6879465114325285,135,2026-03-18T13:49:24.341081+00:00,658,1,2.122,719.815,127.32,163.258
2026-03-18T13:43:30+00:00,39.51111942529678,2.687952211126685,137,2026-03-18T13:49:24.341081+00:00,658,1,2.153,721.968,129.18,166.875
2026-03-18T13:43:31+00:00,39.5110993925482,2.68796076066792,136,2026-03-18T13:49:24.341081+00:00,658,1,2.345,724.313,140.7,161.775
2026-03-18T13:43:32+00:00,39.511079862713814,2.6879709027707577,136,2026-03-18T13:49:24.341081+00:00,658,1,2.339,726.653,140.34,158.166
2026-03-18T13:43:33+00:00,39.51106209307909,2.6879821345210075,136,2026-03-18T13:49:24.341081+00:00,658,1,2.198,728.851,131.88,154.004
2026-03-18T13:43:34+00:00,39.51104356907308,2.6879945397377014,136,2026-03-18T13:49:24.341081+00:00,658,1,2.318,731.17,139.08,152.676
2026-03-18T13:43:35+00:00,39.51102487742901,2.688005268573761,136,2026-03-18T13:49:24.341081+00:00,658,1,2.273,733.443,136.38,156.115
2026-03-18T13:43:36+00:00,39.511005682870746,2.688017003238201,137,2026-03-18T13:49:24.341081+00:00,658,1,2.36,735.803,141.6,154.749
2026-03-18T13:43:37+00:00,39.51098682358861,2.6880257204174995,139,2026-03-18T13:49:24.341081+00:00,658,1,2.226,738.029,133.56,160.373
2026-03-18T13:43:38+00:00,39.51096922159195,2.6880381256341934,139,2026-03-18T13:49:24.341081+00:00,658,1,2.228,740.257,133.68,151.466
2026-03-18T13:43:39+00:00,39.510951451957226,2.688051452860236,139,2026-03-18T13:49:24.341081+00:00,658,1,2.283,742.54,136.98,149.945
2026-03-18T13:43:40+00:00,39.51093502342701,2.688064444810152,139,2026-03-18T13:49:24.341081+00:00,658,1,2.14,744.68,128.4,148.612
2026-03-18T13:43:41+00:00,39.510917253792286,2.688075006008148,140,2026-03-18T13:49:24.341081+00:00,658,1,2.174,746.853,130.44,155.367
2026-03-18T13:43:42+00:00,39.51089948415756,2.688084729015827,141,2026-03-18T13:49:24.341081+00:00,658,1,2.145,748.998,128.7,157.113
2026-03-18T13:43:43+00:00,39.510881965979934,2.6880955416709185,142,2026-03-18T13:49:24.341081+00:00,658,1,2.158,751.156,129.48,154.537
2026-03-18T13:43:44+00:00,39.5108631066978,2.6881051808595657,142,2026-03-18T13:49:24.341081+00:00,658,1,2.254,753.41,135.24,158.479
2026-03-18T13:43:45+00:00,39.51084374450147,2.688113311305642,141,2026-03-18T13:49:24.341081+00:00,658,1,2.263,755.673,135.78,162.049
2026-03-18T13:43:46+00:00,39.51082513667643,2.6881244592368603,141,2026-03-18T13:49:24.341081+00:00,658,1,2.279,757.952,136.74,155.193
2026-03-18T13:43:47+00:00,39.51080594211817,2.6881366968154907,140,2026-03-18T13:49:24.341081+00:00,658,1,2.379,760.331,142.74,153.809
2026-03-18T13:43:48+00:00,39.510785238817334,2.6881499402225018,139,2026-03-18T13:49:24.341081+00:00,658,1,2.567,762.898,154.02,153.733
2026-03-18T13:43:49+00:00,39.510765708982944,2.6881624292582273,138,2026-03-18T13:49:24.341081+00:00,658,1,2.422,765.32,145.32,153.74
2026-03-18T13:43:50+00:00,39.51074433512986,2.688173493370414,137,2026-03-18T13:49:24.341081+00:00,658,1,2.559,767.879,153.54,158.23
2026-03-18T13:43:51+00:00,39.5107230450958,2.688186150044203,138,2026-03-18T13:49:24.341081+00:00,658,1,2.604,770.483,156.24,155.361
2026-03-18T13:43:52+00:00,39.510704101994634,2.688198806717992,138,2026-03-18T13:49:24.341081+00:00,658,1,2.37,772.853,142.2,152.73
2026-03-18T13:43:53+00:00,39.51068482361734,2.688210876658559,137,2026-03-18T13:49:24.341081+00:00,658,1,2.381,775.234,142.86,154.218
2026-03-18T13:43:54+00:00,39.510664036497474,2.688217079266906,137,2026-03-18T13:49:24.341081+00:00,658,1,2.372,777.606,142.32,167.036
2026-03-18T13:43:55+00:00,39.51064199209213,2.688226466998458,137,2026-03-18T13:49:24.341081+00:00,658,1,2.58,780.186,154.8,161.812
2026-03-18T13:43:56+00:00,39.51062221080065,2.6882387045770884,136,2026-03-18T13:49:24.341081+00:00,658,1,2.437,782.623,146.22,154.485
2026-03-18T13:43:57+00:00,39.51060368679464,2.6882504392415285,136,2026-03-18T13:49:24.341081+00:00,658,1,2.293,784.916,137.58,153.954
2026-03-18T13:43:58+00:00,39.51058382168412,2.688258234411478,138,2026-03-18T13:49:24.341081+00:00,658,1,2.308,787.223,138.48,163.157
2026-03-18T13:43:59+00:00,39.51056445948779,2.6882672868669033,138,2026-03-18T13:49:24.341081+00:00,658,1,2.289,789.512,137.34,160.165
2026-03-18T13:44:00+00:00,39.5105433370918,2.688276674598455,137,2026-03-18T13:49:24.341081+00:00,658,1,2.483,791.995,148.98,161.074
2026-03-18T13:44:01+00:00,39.51052062213421,2.6882874872535467,136,2026-03-18T13:49:24.341081+00:00,658,1,2.691,794.686,161.46,159.834
2026-03-18T13:44:02+00:00,39.510499918833375,2.6883014012128115,136,2026-03-18T13:49:24.341081+00:00,658,1,2.593,797.279,155.58,152.593
2026-03-18T13:44:03+00:00,39.51048064045608,2.688314728438854,135,2026-03-18T13:49:24.341081+00:00,658,1,2.429,799.709,145.74,151.927
2026-03-18T13:44:04+00:00,39.51046102680266,2.6883267983794212,136,2026-03-18T13:49:24.341081+00:00,658,1,2.414,802.123,144.84,154.603
2026-03-18T13:44:05+00:00,39.51044250279665,2.6883378624916077,137,2026-03-18T13:49:24.341081+00:00,658,1,2.268,804.391,136.08,155.259
2026-03-18T13:44:06+00:00,39.51042590662837,2.688349597156048,137,2026-03-18T13:49:24.341081+00:00,658,1,2.102,806.493,126.12,151.387
2026-03-18T13:44:07+00:00,39.51041165739298,2.688360409811139,138,2026-03-18T13:49:24.341081+00:00,658,1,1.836,808.329,110.16,149.654
2026-03-18T13:44:08+00:00,39.51039791107178,2.688372228294611,138,2026-03-18T13:49:24.341081+00:00,658,1,1.834,810.163,110.04,146.443
2026-03-18T13:44:09+00:00,39.51038056053221,2.688383543863893,138,2026-03-18T13:49:24.341081+00:00,658,1,2.16,812.323,129.6,153.29
2026-03-18T13:44:10+00:00,39.5103638805449,2.688394607976079,138,2026-03-18T13:49:24.341081+00:00,658,1,2.083,814.406,124.98,152.899
2026-03-18T13:44:11+00:00,39.51034636236727,2.6884067617356777,139,2026-03-18T13:49:24.341081+00:00,658,1,2.209,816.616,132.54,151.842
2026-03-18T13:44:12+00:00,39.510333286598325,2.688420508056879,140,2026-03-18T13:49:24.341081+00:00,658,1,1.872,818.488,112.32,140.955
2026-03-18T13:44:13+00:00,39.51031794771552,2.6884327456355095,141,2026-03-18T13:49:24.341081+00:00,658,1,2.003,820.491,120.18,148.387
2026-03-18T13:44:14+00:00,39.510301100090146,2.6884456537663937,140,2026-03-18T13:49:24.341081+00:00,658,1,2.176,822.667,130.56,149.412
2026-03-18T13:44:15+00:00,39.51028425246477,2.6884588971734047,141,2026-03-18T13:49:24.341081+00:00,658,1,2.191,824.858,131.46,148.765
2026-03-18T13:44:16+00:00,39.5102674048394,2.6884731464087963,141,2026-03-18T13:49:24.341081+00:00,658,1,2.237,827.095,134.22,146.875
2026-03-18T13:44:17+00:00,39.51024955138564,2.6884866412729025,141,2026-03-18T13:49:24.341081+00:00,658,1,2.298,829.393,137.88,149.751
2026-03-18T13:44:18+00:00,39.51023136265576,2.688499130308628,141,2026-03-18T13:49:24.341081+00:00,658,1,2.289,831.682,137.34,152.088
2026-03-18T13:44:19+00:00,39.51021283864975,2.6885125413537025,139,2026-03-18T13:49:24.341081+00:00,658,1,2.359,834.041,141.54,150.814
2026-03-18T13:44:20+00:00,39.51019322499633,2.688525365665555,132,2026-03-18T13:49:24.341081+00:00,658,1,2.443,836.484,146.58,153.231
2026-03-18T13:44:21+00:00,39.51017310842872,2.6885375194251537,131,2026-03-18T13:49:24.341081+00:00,658,1,2.468,838.952,148.08,155.009
2026-03-18T13:44:22+00:00,39.51015441678464,2.688550427556038,131,2026-03-18T13:49:24.341081+00:00,658,1,2.355,841.307,141.3,151.952
2026-03-18T13:44:23+00:00,39.51013564132154,2.6885637547820807,129,2026-03-18T13:49:24.341081+00:00,658,1,2.38,843.687,142.8,151.293
2026-03-18T13:44:24+00:00,39.51011694967747,2.68857398070395,131,2026-03-18T13:49:24.341081+00:00,658,1,2.256,845.943,135.36,157.116
2026-03-18T13:44:25+00:00,39.510097336024046,2.6885837875306606,132,2026-03-18T13:49:24.341081+00:00,658,1,2.338,848.28,140.28,158.906
2026-03-18T13:44:26+00:00,39.51007881201804,2.688598455861211,135,2026-03-18T13:49:24.341081+00:00,658,1,2.414,850.694,144.84,148.578
2026-03-18T13:44:27+00:00,39.51006028801203,2.6886137947440147,135,2026-03-18T13:49:24.341081+00:00,658,1,2.444,853.138,146.64,147.427
2026-03-18T13:44:28+00:00,39.51004385948181,2.6886288821697235,135,2026-03-18T13:49:24.341081+00:00,658,1,2.239,855.377,134.34,144.681
2026-03-18T13:44:29+00:00,39.51002801768482,2.6886459812521935,136,2026-03-18T13:49:24.341081+00:00,658,1,2.292,857.67,137.52,140.214
2026-03-18T13:44:30+00:00,39.51001008041203,2.688663164153695,136,2026-03-18T13:49:24.341081+00:00,658,1,2.48,860.15,148.8,143.533
2026-03-18T13:44:31+00:00,39.509990802034736,2.6886810176074505,136,2026-03-18T13:49:24.341081+00:00,658,1,2.635,862.784,158.1,144.455
2026-03-18T13:44:32+00:00,39.50997328385711,2.6886975299566984,136,2026-03-18T13:49:24.341081+00:00,658,1,2.409,865.193,144.54,143.975
2026-03-18T13:44:33+00:00,39.50995576567948,2.6887137070298195,137,2026-03-18T13:49:24.341081+00:00,658,1,2.392,867.585,143.52,144.532
2026-03-18T13:44:34+00:00,39.50993816368282,2.68872644752264,136,2026-03-18T13:49:24.341081+00:00,658,1,2.242,869.826,134.52,150.82
2026-03-18T13:44:35+00:00,39.50991972349584,2.688739188015461,136,2026-03-18T13:49:24.341081+00:00,658,1,2.324,872.15,139.44,151.94
2026-03-18T13:44:36+00:00,39.50990052893758,2.6887546107172966,136,2026-03-18T13:49:24.341081+00:00,658,1,2.511,874.661,150.66,148.205
2026-03-18T13:44:37+00:00,39.50988125056029,2.688773386180401,131,2026-03-18T13:49:24.341081+00:00,658,1,2.681,877.342,160.86,143.079
2026-03-18T13:44:38+00:00,39.509862726554275,2.6887890603393316,129,2026-03-18T13:49:24.341081+00:00,658,1,2.46,879.802,147.6,146.863
2026-03-18T13:44:39+00:00,39.50984571129083,2.688802471384406,131,2026-03-18T13:49:24.341081+00:00,658,1,2.214,882.017,132.84,148.697
2026-03-18T13:44:40+00:00,39.509828109294176,2.6888150442391634,134,2026-03-18T13:49:24.341081+00:00,658,1,2.235,884.251,134.1,151.142
2026-03-18T13:44:41+00:00,39.50980866327882,2.68882610835135,134,2026-03-18T13:49:24.341081+00:00,658,1,2.361,886.613,141.66,156.3
2026-03-18T13:44:42+00:00,39.509788965806365,2.688836334273219,132,2026-03-18T13:49:24.341081+00:00,658,1,2.359,888.972,141.54,158.172
2026-03-18T13:44:43+00:00,39.50977019034326,2.6888499967753887,134,2026-03-18T13:49:24.341081+00:00,658,1,2.394,891.367,143.64,150.689
2026-03-18T13:44:44+00:00,39.50975158251822,2.6888669282197952,135,2026-03-18T13:49:24.341081+00:00,658,1,2.528,893.895,151.68,144.931
2026-03-18T13:44:45+00:00,39.509732220321894,2.6888789143413305,134,2026-03-18T13:49:24.341081+00:00,658,1,2.386,896.28,143.16,154.471
2026-03-18T13:44:46+00:00,39.5097129419446,2.6888935826718807,133,2026-03-18T13:49:24.341081+00:00,658,1,2.486,898.766,149.16,149.586
2026-03-18T13:44:47+00:00,39.50969307683408,2.68890917301178,133,2026-03-18T13:49:24.341081+00:00,658,1,2.582,901.348,154.92,148.805
2026-03-18T13:44:48+00:00,39.50967421755195,2.688924428075552,133,2026-03-18T13:49:24.341081+00:00,658,1,2.472,903.82,148.32,148.033
2026-03-18T13:44:49+00:00,39.509656028822064,2.688940353691578,133,2026-03-18T13:49:24.341081+00:00,658,1,2.441,906.261,146.46,145.96
2026-03-18T13:44:50+00:00,39.50963809154928,2.688952926546335,136,2026-03-18T13:49:24.341081+00:00,658,1,2.268,908.529,136.08,151.596
2026-03-18T13:44:51+00:00,39.50961981900036,2.6889654994010925,137,2026-03-18T13:49:24.341081+00:00,658,1,2.3,910.829,138.0,152.038
2026-03-18T13:44:52+00:00,39.50959961861372,2.6889813411980867,137,2026-03-18T13:49:24.341081+00:00,658,1,2.625,913.454,157.5,148.824
2026-03-18T13:44:53+00:00,39.5095800049603,2.6889966800808907,137,2026-03-18T13:49:24.341081+00:00,658,1,2.547,916.001,152.82,148.895
2026-03-18T13:44:54+00:00,39.509559301659465,2.6890096720308065,136,2026-03-18T13:49:24.341081+00:00,658,1,2.558,918.559,153.48,154.166
2026-03-18T13:44:55+00:00,39.50953901745379,2.689021658152342,136,2026-03-18T13:49:24.341081+00:00,658,1,2.479,921.038,148.74,155.492
2026-03-18T13:44:56+00:00,39.509519739076495,2.689036577939987,135,2026-03-18T13:49:24.341081+00:00,658,1,2.497,923.535,149.82,149.159
2026-03-18T13:44:57+00:00,39.5095004606992,2.6890505757182837,135,2026-03-18T13:49:24.341081+00:00,658,1,2.457,925.992,147.42,150.743
2026-03-18T13:44:58+00:00,39.50948176905513,2.6890626456588507,135,2026-03-18T13:49:24.341081+00:00,658,1,2.322,928.314,139.32,153.517
2026-03-18T13:44:59+00:00,39.5094626583159,2.6890732906758785,136,2026-03-18T13:49:24.341081+00:00,658,1,2.313,930.627,138.78,156.744
2026-03-18T13:45:00+00:00,39.50944379903376,2.689084941521287,138,2026-03-18T13:49:24.341081+00:00,658,1,2.323,932.95,139.38,154.516
2026-03-18T13:45:01+00:00,39.50942376628518,2.6890977658331394,138,2026-03-18T13:49:24.341081+00:00,658,1,2.484,935.434,149.04,153.715
2026-03-18T13:45:02+00:00,39.50940381735563,2.689109919592738,135,2026-03-18T13:49:24.341081+00:00,658,1,2.451,937.885,147.06,154.824
2026-03-18T13:45:03+00:00,39.50938520953059,2.689124923199415,131,2026-03-18T13:49:24.341081+00:00,658,1,2.437,940.322,146.22,148.115
2026-03-18T13:45:04+00:00,39.50936735607684,2.6891395915299654,131,2026-03-18T13:49:24.341081+00:00,658,1,2.35,942.673,141.0,147.63
2026-03-18T13:45:05+00:00,39.50934891588986,2.6891514100134373,132,2026-03-18T13:49:24.341081+00:00,658,1,2.287,944.96,137.22,153.689
2026-03-18T13:45:06+00:00,39.50933055952191,2.6891642343252897,133,2026-03-18T13:49:24.341081+00:00,658,1,2.319,947.279,139.14,151.675
2026-03-18T13:45:07+00:00,39.50931186787784,2.689179657027126,133,2026-03-18T13:49:24.341081+00:00,658,1,2.464,949.743,147.84,147.52
2026-03-18T13:45:08+00:00,39.50929275713861,2.6891963370144367,130,2026-03-18T13:49:24.341081+00:00,658,1,2.562,952.305,153.72,146.044
2026-03-18T13:45:09+00:00,39.50927414931357,2.6892129331827164,130,2026-03-18T13:49:24.341081+00:00,658,1,2.512,954.816,150.72,145.468
2026-03-18T13:45:10+00:00,39.50925503857434,2.6892291102558374,130,2026-03-18T13:49:24.341081+00:00,658,1,2.538,957.354,152.28,146.852
2026-03-18T13:45:11+00:00,39.50923701748252,2.689243610948324,136,2026-03-18T13:49:24.341081+00:00,658,1,2.359,959.713,141.54,148.168
2026-03-18T13:45:12+00:00,39.50922008603811,2.6892597042024136,138,2026-03-18T13:49:24.341081+00:00,658,1,2.335,962.047,140.1,143.746
2026-03-18T13:45:13+00:00,39.50920223258436,2.689276048913598,139,2026-03-18T13:49:24.341081+00:00,658,1,2.43,964.478,145.8,144.766
2026-03-18T13:45:14+00:00,39.509184043854475,2.689291974529624,140,2026-03-18T13:49:24.341081+00:00,658,1,2.441,966.919,146.46,145.96
2026-03-18T13:45:15+00:00,39.50916577130556,2.6893063075840473,141,2026-03-18T13:49:24.341081+00:00,658,1,2.375,969.294,142.5,148.818
2026-03-18T13:45:16+00:00,39.50914515182376,2.689319048076868,143,2026-03-18T13:49:24.341081+00:00,658,1,2.54,971.834,152.4,154.512
2026-03-18T13:45:17+00:00,39.509124364703894,2.6893324591219425,142,2026-03-18T13:49:24.341081+00:00,658,1,2.582,974.416,154.92,153.538
2026-03-18T13:45:18+00:00,39.509103409945965,2.6893451157957315,142,2026-03-18T13:49:24.341081+00:00,658,1,2.571,976.986,154.26,155.014
2026-03-18T13:45:19+00:00,39.509081449359655,2.689358191564679,142,2026-03-18T13:49:24.341081+00:00,658,1,2.687,979.673,161.22,155.327
2026-03-18T13:45:20+00:00,39.50906393118203,2.6893721893429756,141,2026-03-18T13:49:24.341081+00:00,658,1,2.288,981.962,137.28,148.347
2026-03-18T13:45:21+00:00,39.50904632918537,2.6893870253115892,142,2026-03-18T13:49:24.341081+00:00,658,1,2.335,984.296,140.1,146.965
2026-03-18T13:45:22+00:00,39.50902830809355,2.6894011069089174,142,2026-03-18T13:49:24.341081+00:00,658,1,2.34,986.636,140.4,148.916
2026-03-18T13:45:23+00:00,39.50901196338236,2.6894149370491505,142,2026-03-18T13:49:24.341081+00:00,658,1,2.17,988.807,130.2,146.862
2026-03-18T13:45:24+00:00,39.50899511575699,2.689430108293891,141,2026-03-18T13:49:24.341081+00:00,658,1,2.281,991.088,136.86,145.21
2026-03-18T13:45:25+00:00,39.50897793285549,2.6894458662718534,141,2026-03-18T13:49:24.341081+00:00,658,1,2.341,993.428,140.46,144.719
2026-03-18T13:45:26+00:00,39.50896058231592,2.689460953697562,140,2026-03-18T13:49:24.341081+00:00,658,1,2.323,995.752,139.38,146.143
2026-03-18T13:45:27+00:00,39.508942645043135,2.689472185447812,138,2026-03-18T13:49:24.341081+00:00,658,1,2.215,997.967,132.9,154.215
2026-03-18T13:45:28+00:00,39.50892529450357,2.689483584836126,140,2026-03-18T13:49:24.341081+00:00,658,1,2.163,1000.13,129.78,153.12
2026-03-18T13:45:29+00:00,39.50890626758337,2.6894949842244387,140,2026-03-18T13:49:24.341081+00:00,658,1,2.331,1002.461,139.86,155.192
2026-03-18T13:45:30+00:00,39.50888866558671,2.689508898183703,142,2026-03-18T13:49:24.341081+00:00,658,1,2.293,1004.753,137.58,148.622
2026-03-18T13:45:31+00:00,39.50887190178037,2.6895232312381268,142,2026-03-18T13:49:24.341081+00:00,658,1,2.233,1006.986,133.98,146.589
2026-03-18T13:45:32+00:00,39.50885463505983,2.6895380672067404,142,2026-03-18T13:49:24.341081+00:00,658,1,2.304,1009.29,138.24,146.459
2026-03-18T13:45:33+00:00,39.508838122710586,2.689553154632449,139,2026-03-18T13:49:24.341081+00:00,658,1,2.246,1011.536,134.76,144.818
2026-03-18T13:45:34+00:00,39.50882169418037,2.689569583162666,139,2026-03-18T13:49:24.341081+00:00,658,1,2.307,1013.843,138.42,142.349
2026-03-18T13:45:35+00:00,39.50880157761276,2.689580647274852,138,2026-03-18T13:49:24.341081+00:00,658,1,2.43,1016.273,145.8,157.007
2026-03-18T13:45:36+00:00,39.50877970084548,2.6895916275680065,138,2026-03-18T13:49:24.341081+00:00,658,1,2.609,1018.882,156.54,158.832
2026-03-18T13:45:37+00:00,39.508758997544646,2.689607972279191,138,2026-03-18T13:49:24.341081+00:00,658,1,2.696,1021.577,161.76,148.654
2026-03-18T13:45:38+00:00,39.508738880977035,2.6896228920668364,132,2026-03-18T13:49:24.341081+00:00,658,1,2.577,1024.155,154.62,150.221
2026-03-18T13:45:39+00:00,39.508718345314264,2.6896390691399574,132,2026-03-18T13:49:24.341081+00:00,658,1,2.672,1026.827,160.32,148.71
2026-03-18T13:45:40+00:00,39.508699150756,2.689656000584364,133,2026-03-18T13:49:24.341081+00:00,658,1,2.582,1029.408,154.92,145.762
2026-03-18T13:45:41+00:00,39.5086801238358,2.6896716747432947,135,2026-03-18T13:49:24.341081+00:00,658,1,2.507,1031.915,150.42,147.561
2026-03-18T13:45:42+00:00,39.50866185128689,2.689686007797718,137,2026-03-18T13:49:24.341081+00:00,658,1,2.375,1034.29,142.5,148.818
2026-03-18T13:45:43+00:00,39.5086439140141,2.689699837937951,137,2026-03-18T13:49:24.341081+00:00,658,1,2.321,1036.611,139.26,149.253
2026-03-18T13:45:44+00:00,39.508624048903584,2.689713416621089,137,2026-03-18T13:49:24.341081+00:00,658,1,2.497,1039.108,149.82,152.194
2026-03-18T13:45:45+00:00,39.5086061116308,2.6897296775132418,138,2026-03-18T13:49:24.341081+00:00,658,1,2.434,1041.542,146.04,145.03
2026-03-18T13:45:46+00:00,39.508588844910264,2.689745184034109,136,2026-03-18T13:49:24.341081+00:00,658,1,2.336,1043.878,140.16,145.283
2026-03-18T13:45:47+00:00,39.50857258401811,2.6897575054317713,133,2026-03-18T13:49:24.341081+00:00,658,1,2.094,1045.973,125.64,149.689
2026-03-18T13:45:48+00:00,39.50855556875467,2.689770245924592,134,2026-03-18T13:49:24.341081+00:00,658,1,2.185,1048.158,131.1,149.985
2026-03-18T13:45:49+00:00,39.50853813439608,2.689781729131937,136,2026-03-18T13:49:24.341081+00:00,658,1,2.175,1050.332,130.5,153.062
2026-03-18T13:45:50+00:00,39.508519945666194,2.689793463796377,137,2026-03-18T13:49:24.341081+00:00,658,1,2.259,1052.591,135.54,153.538
2026-03-18T13:45:51+00:00,39.508502427488565,2.6898057013750076,138,2026-03-18T13:49:24.341081+00:00,658,1,2.213,1054.804,132.78,151.677
2026-03-18T13:45:52+00:00,39.508483819663525,2.6898168493062258,138,2026-03-18T13:49:24.341081+00:00,658,1,2.279,1057.084,136.74,155.193
2026-03-18T13:45:53+00:00,39.50846688821912,2.689831852912903,136,2026-03-18T13:49:24.341081+00:00,658,1,2.281,1059.364,136.86,145.64
2026-03-18T13:45:54+00:00,39.50844735838473,2.6898435037583113,135,2026-03-18T13:49:24.341081+00:00,658,1,2.391,1061.755,143.46,155.285
2026-03-18T13:45:55+00:00,39.50842883437872,2.689855992794037,134,2026-03-18T13:49:24.341081+00:00,658,1,2.322,1064.077,139.32,152.518
2026-03-18T13:45:56+00:00,39.508411567658186,2.6898683980107307,132,2026-03-18T13:49:24.341081+00:00,658,1,2.195,1066.272,131.7,151.0
2026-03-18T13:45:57+00:00,39.50839404948056,2.689883317798376,131,2026-03-18T13:49:24.341081+00:00,658,1,2.331,1068.603,139.86,146.691
2026-03-18T13:45:58+00:00,39.5083761960268,2.6899015065282583,129,2026-03-18T13:49:24.341081+00:00,658,1,2.525,1071.128,151.5,141.832
2026-03-18T13:45:59+00:00,39.50835918076336,2.689917432144284,129,2026-03-18T13:49:24.341081+00:00,658,1,2.334,1073.461,140.04,144.166
2026-03-18T13:46:00+00:00,39.50833931565285,2.6899315137416124,128,2026-03-18T13:49:24.341081+00:00,658,1,2.518,1075.979,151.08,151.325
2026-03-18T13:46:01+00:00,39.50832707807422,2.689946182072162,128,2026-03-18T13:49:24.341081+00:00,658,1,1.853,1077.833,111.18,137.238
2026-03-18T13:46:02+00:00,39.50831257738173,2.689960766583681,129,2026-03-18T13:49:24.341081+00:00,658,1,2.041,1079.873,122.46,142.189
2026-03-18T13:46:03+00:00,39.508296232670546,2.6899736747145653,131,2026-03-18T13:49:24.341081+00:00,658,1,2.128,1082.002,127.68,148.646
2026-03-18T13:46:04+00:00,39.50827837921679,2.689984822645783,131,2026-03-18T13:49:24.341081+00:00,658,1,2.204,1084.205,132.24,154.277
2026-03-18T13:46:05+00:00,39.50825784355402,2.6899932883679867,132,2026-03-18T13:49:24.341081+00:00,658,1,2.396,1086.601,143.76,162.356
2026-03-18T13:46:06+00:00,39.50823697261512,2.690001167356968,132,2026-03-18T13:49:24.341081+00:00,658,1,2.417,1089.019,145.02,163.761
2026-03-18T13:46:07+00:00,39.508216101676226,2.6900115609169006,131,2026-03-18T13:49:24.341081+00:00,658,1,2.486,1091.505,149.16,158.982
2026-03-18T13:46:08+00:00,39.508197074756026,2.6900242175906897,129,2026-03-18T13:49:24.341081+00:00,658,1,2.378,1093.883,142.68,152.832
2026-03-18T13:46:09+00:00,39.50817905366421,2.6900375448167324,128,2026-03-18T13:49:24.341081+00:00,658,1,2.307,1096.19,138.42,150.292
2026-03-18T13:46:10+00:00,39.50816069729626,2.6900498662143946,128,2026-03-18T13:49:24.341081+00:00,658,1,2.299,1098.489,137.94,152.621
2026-03-18T13:46:11+00:00,39.508141335099936,2.690061265602708,127,2026-03-18T13:49:24.341081+00:00,658,1,2.365,1100.853,141.9,155.571
2026-03-18T13:46:12+00:00,39.50812289491296,2.6900734193623066,130,2026-03-18T13:49:24.341081+00:00,658,1,2.3,1103.154,138.0,153.046
2026-03-18T13:46:13+00:00,39.50810227543115,2.690085656940937,131,2026-03-18T13:49:24.341081+00:00,658,1,2.522,1105.675,151.32,155.397
2026-03-18T13:46:14+00:00,39.50808324851096,2.690101247280836,131,2026-03-18T13:49:24.341081+00:00,658,1,2.503,1108.178,150.18,147.7
2026-03-18T13:46:15+00:00,39.50806388631463,2.6901181787252426,133,2026-03-18T13:49:24.341081+00:00,658,1,2.597,1110.775,155.82,145.993
2026-03-18T13:46:16+00:00,39.50804385356605,2.690128991380334,134,2026-03-18T13:49:24.341081+00:00,658,1,2.413,1113.188,144.78,157.391
2026-03-18T13:46:17+00:00,39.50802457518875,2.6901406422257423,133,2026-03-18T13:49:24.341081+00:00,658,1,2.365,1115.554,141.9,155.001
2026-03-18T13:46:18+00:00,39.50800462625921,2.690152795985341,132,2026-03-18T13:49:24.341081+00:00,658,1,2.451,1118.005,147.06,154.824
2026-03-18T13:46:19+00:00,39.507985431700945,2.6901652850210667,130,2026-03-18T13:49:24.341081+00:00,658,1,2.388,1120.393,143.28,153.343
2026-03-18T13:46:20+00:00,39.507965901866555,2.6901771035045385,128,2026-03-18T13:49:24.341081+00:00,658,1,2.397,1122.79,143.82,154.972
2026-03-18T13:46:21+00:00,39.50794444419443,2.690189089626074,127,2026-03-18T13:49:24.341081+00:00,658,1,2.598,1125.388,155.88,156.685
2026-03-18T13:46:22+00:00,39.50792332179845,2.6902032550424337,129,2026-03-18T13:49:24.341081+00:00,658,1,2.644,1128.032,158.64,152.642
2026-03-18T13:46:23+00:00,39.50790161266923,2.690217504277826,129,2026-03-18T13:49:24.341081+00:00,658,1,2.706,1130.738,162.36,153.142
2026-03-18T13:46:24+00:00,39.50788174755871,2.6902299094945192,131,2026-03-18T13:49:24.341081+00:00,658,1,2.452,1133.19,147.12,154.275
2026-03-18T13:46:25+00:00,39.50786255300045,2.6902428176254034,131,2026-03-18T13:49:24.341081+00:00,658,1,2.405,1135.594,144.3,152.577
2026-03-18T13:46:26+00:00,39.50784436427057,2.6902545522898436,133,2026-03-18T13:49:24.341081+00:00,658,1,2.259,1137.854,135.54,153.537
2026-03-18T13:46:27+00:00,39.507825588807464,2.690265364944935,135,2026-03-18T13:49:24.341081+00:00,658,1,2.285,1140.138,137.1,156.043
2026-03-18T13:46:28+00:00,39.507806142792106,2.6902778539806604,136,2026-03-18T13:49:24.341081+00:00,658,1,2.413,1142.551,144.78,153.641
2026-03-18T13:46:29+00:00,39.50778686441481,2.6902908459305763,136,2026-03-18T13:49:24.341081+00:00,658,1,2.416,1144.968,144.96,152.528
2026-03-18T13:46:30+00:00,39.50776716694236,2.6903040055185556,136,2026-03-18T13:49:24.341081+00:00,658,1,2.464,1147.432,147.84,152.731
2026-03-18T13:46:31+00:00,39.50774763710797,2.6903173327445984,135,2026-03-18T13:49:24.341081+00:00,658,1,2.454,1149.886,147.24,152.233
2026-03-18T13:46:32+00:00,39.50772760435939,2.6903302408754826,134,2026-03-18T13:49:24.341081+00:00,658,1,2.488,1152.373,149.28,153.566
2026-03-18T13:46:33+00:00,39.50770757161081,2.690342729911208,133,2026-03-18T13:49:24.341081+00:00,658,1,2.472,1154.845,148.32,154.312
2026-03-18T13:46:34+00:00,39.50768871232867,2.690355721861124,133,2026-03-18T13:49:24.341081+00:00,658,1,2.375,1157.22,142.5,152.009
2026-03-18T13:46:35+00:00,39.50766968540847,2.6903687976300716,134,2026-03-18T13:49:24.341081+00:00,658,1,2.395,1159.615,143.7,152.067
2026-03-18T13:46:36+00:00,39.507649736478925,2.690381705760956,135,2026-03-18T13:49:24.341081+00:00,658,1,2.479,1162.094,148.74,153.47
2026-03-18T13:46:37+00:00,39.50762953609228,2.690395535901189,136,2026-03-18T13:49:24.341081+00:00,658,1,2.54,1164.634,152.4,152.156
2026-03-18T13:46:38+00:00,39.50760958716273,2.6904095336794853,137,2026-03-18T13:49:24.341081+00:00,658,1,2.522,1167.157,151.32,151.57
2026-03-18T13:46:39+00:00,39.50758980587125,2.6904233638197184,137,2026-03-18T13:49:24.341081+00:00,658,1,2.499,1169.656,149.94,151.656
2026-03-18T13:46:40+00:00,39.50756952166557,2.6904360204935074,137,2026-03-18T13:49:24.341081+00:00,658,1,2.503,1172.159,150.18,154.293
2026-03-18T13:46:41+00:00,39.50755124911666,2.6904512755572796,134,2026-03-18T13:49:24.341081+00:00,658,1,2.417,1174.576,145.02,147.213
2026-03-18T13:46:42+00:00,39.50753289274871,2.6904640160501003,134,2026-03-18T13:49:24.341081+00:00,658,1,2.315,1176.892,138.9,151.831
2026-03-18T13:46:43+00:00,39.507514955475926,2.6904754154384136,136,2026-03-18T13:49:24.341081+00:00,658,1,2.221,1179.113,133.26,153.88
2026-03-18T13:46:44+00:00,39.50749701820314,2.690487988293171,138,2026-03-18T13:49:24.341081+00:00,658,1,2.268,1181.38,136.08,151.595
2026-03-18T13:46:45+00:00,39.50747832655907,2.690500896424055,139,2026-03-18T13:49:24.341081+00:00,658,1,2.355,1183.735,141.3,151.951
2026-03-18T13:46:46+00:00,39.50745854526758,2.69051481038332,136,2026-03-18T13:49:24.341081+00:00,658,1,2.503,1186.238,150.18,151.512
2026-03-18T13:46:47+00:00,39.50743893161416,2.690528891980648,137,2026-03-18T13:49:24.341081+00:00,658,1,2.493,1188.731,149.58,151.017
2026-03-18T13:46:48+00:00,39.50742032378912,2.69054263830185,137,2026-03-18T13:49:24.341081+00:00,658,1,2.382,1191.113,142.92,150.318
2026-03-18T13:46:49+00:00,39.50740179978311,2.6905582286417484,137,2026-03-18T13:49:24.341081+00:00,658,1,2.456,1193.569,147.36,147.002
2026-03-18T13:46:50+00:00,39.50738084502518,2.6905708014965057,136,2026-03-18T13:49:24.341081+00:00,658,1,2.568,1196.136,154.08,155.159
2026-03-18T13:46:51+00:00,39.50736005790531,2.6905827037990093,136,2026-03-18T13:49:24.341081+00:00,658,1,2.527,1198.663,151.62,156.166
2026-03-18T13:46:52+00:00,39.50733826495707,2.690594857558608,135,2026-03-18T13:49:24.341081+00:00,658,1,2.638,1201.301,158.28,156.719
2026-03-18T13:46:53+00:00,39.50731907039881,2.6906094420701265,137,2026-03-18T13:49:24.341081+00:00,658,1,2.474,1203.775,148.44,149.62
2026-03-18T13:46:54+00:00,39.5073005463928,2.690626122057438,137,2026-03-18T13:49:24.341081+00:00,658,1,2.508,1206.284,150.48,145.211
2026-03-18T13:46:55+00:00,39.50728252530098,2.6906418800354004,139,2026-03-18T13:49:24.341081+00:00,658,1,2.417,1208.701,145.02,145.994
2026-03-18T13:46:56+00:00,39.5072643365711,2.690656380727887,140,2026-03-18T13:49:24.341081+00:00,658,1,2.374,1211.075,142.44,148.404
2026-03-18T13:46:57+00:00,39.50724556110799,2.690670546144247,141,2026-03-18T13:49:24.341081+00:00,658,1,2.416,1213.491,144.96,149.796
2026-03-18T13:46:58+00:00,39.507226534187794,2.6906842086464167,138,2026-03-18T13:49:24.341081+00:00,658,1,2.419,1215.91,145.14,151.013
2026-03-18T13:46:59+00:00,39.50720775872469,2.690697368234396,137,2026-03-18T13:49:24.341081+00:00,658,1,2.373,1218.283,142.38,151.597
2026-03-18T13:47:00+00:00,39.50718814507127,2.690708851441741,137,2026-03-18T13:49:24.341081+00:00,658,1,2.393,1220.676,143.58,155.691
2026-03-18T13:47:01+00:00,39.50716827996075,2.690720669925213,136,2026-03-18T13:49:24.341081+00:00,658,1,2.43,1223.107,145.8,155.344
2026-03-18T13:47:02+00:00,39.507148917764425,2.6907319854944944,136,2026-03-18T13:49:24.341081+00:00,658,1,2.362,1225.468,141.72,155.729
2026-03-18T13:47:03+00:00,39.507130393758416,2.690744725987315,136,2026-03-18T13:49:24.341081+00:00,658,1,2.332,1227.8,139.92,152.047
2026-03-18T13:47:04+00:00,39.50711203739047,2.6907578855752945,137,2026-03-18T13:49:24.341081+00:00,658,1,2.333,1230.133,139.98,151.052
2026-03-18T13:47:05+00:00,39.507093681022525,2.69077037461102,137,2026-03-18T13:49:24.341081+00:00,658,1,2.305,1232.438,138.3,152.304
2026-03-18T13:47:06+00:00,39.5070740673691,2.6907811034470797,137,2026-03-18T13:49:24.341081+00:00,658,1,2.367,1234.805,142.02,157.118
2026-03-18T13:47:07+00:00,39.50705470517278,2.6907917484641075,137,2026-03-18T13:49:24.341081+00:00,658,1,2.339,1237.144,140.34,157.014
2026-03-18T13:47:08+00:00,39.5070362649858,2.6908020582050085,136,2026-03-18T13:49:24.341081+00:00,658,1,2.233,1239.377,133.98,156.666
2026-03-18T13:47:09+00:00,39.5070172380656,2.6908127032220364,136,2026-03-18T13:49:24.341081+00:00,658,1,2.304,1241.681,138.24,156.652
2026-03-18T13:47:10+00:00,39.50699619948864,2.69082167185843,136,2026-03-18T13:49:24.341081+00:00,658,1,2.463,1244.144,147.78,161.794
2026-03-18T13:47:11+00:00,39.506975412368774,2.690831646323204,136,2026-03-18T13:49:24.341081+00:00,658,1,2.465,1246.609,147.9,159.685
2026-03-18T13:47:12+00:00,39.50695705600083,2.690843716263771,137,2026-03-18T13:49:24.341081+00:00,658,1,2.289,1248.898,137.34,153.1
2026-03-18T13:47:13+00:00,39.506940292194486,2.690857043489814,137,2026-03-18T13:49:24.341081+00:00,658,1,2.187,1251.084,131.22,148.476
2026-03-18T13:47:14+00:00,39.50692285783589,2.6908716280013323,139,2026-03-18T13:49:24.341081+00:00,658,1,2.307,1253.392,138.42,147.161
2026-03-18T13:47:15+00:00,39.50690584257245,2.6908845361322165,140,2026-03-18T13:49:24.341081+00:00,658,1,2.192,1255.584,131.52,149.659
2026-03-18T13:47:16+00:00,39.50688790529966,2.6908969413489103,140,2026-03-18T13:49:24.341081+00:00,658,1,2.261,1257.845,135.66,151.916
2026-03-18T13:47:17+00:00,39.50686879456043,2.6909074187278748,138,2026-03-18T13:49:24.341081+00:00,658,1,2.307,1260.152,138.42,157.072
2026-03-18T13:47:18+00:00,39.506849348545074,2.690918566659093,136,2026-03-18T13:49:24.341081+00:00,658,1,2.364,1262.516,141.84,156.14
2026-03-18T13:47:19+00:00,39.506828812882304,2.690930888056755,134,2026-03-18T13:49:24.341081+00:00,658,1,2.516,1265.033,150.96,155.159
2026-03-18T13:47:20+00:00,39.50680894777179,2.6909437123686075,134,2026-03-18T13:49:24.341081+00:00,658,1,2.468,1267.5,148.08,153.523
2026-03-18T13:47:21+00:00,39.50679092667997,2.6909577939659357,135,2026-03-18T13:49:24.341081+00:00,658,1,2.34,1269.84,140.4,148.915
2026-03-18T13:47:22+00:00,39.50677298940718,2.6909725461155176,136,2026-03-18T13:49:24.341081+00:00,658,1,2.362,1272.202,141.72,147.603
2026-03-18T13:47:23+00:00,39.506756477057934,2.6909885555505753,137,2026-03-18T13:49:24.341081+00:00,658,1,2.293,1274.495,137.58,143.202
2026-03-18T13:47:24+00:00,39.506738875061274,2.69100490026176,138,2026-03-18T13:49:24.341081+00:00,658,1,2.408,1276.903,144.48,144.381
2026-03-18T13:47:25+00:00,39.50672026723623,2.691020406782627,139,2026-03-18T13:49:24.341081+00:00,658,1,2.46,1279.363,147.6,147.261
2026-03-18T13:47:26+00:00,39.50670006684959,2.6910344883799553,140,2026-03-18T13:49:24.341081+00:00,658,1,2.55,1281.914,153.0,151.727
2026-03-18T13:47:27+00:00,39.50667902827263,2.6910478994250298,140,2026-03-18T13:49:24.341081+00:00,658,1,2.607,1284.521,156.42,153.811
2026-03-18T13:47:28+00:00,39.50665773823857,2.6910614781081676,140,2026-03-18T13:49:24.341081+00:00,658,1,2.638,1287.159,158.28,153.799
2026-03-18T13:47:29+00:00,39.50663602910936,2.69107430242002,139,2026-03-18T13:49:24.341081+00:00,658,1,2.653,1289.812,159.18,155.497
2026-03-18T13:47:30+00:00,39.50661264359951,2.6910854503512383,137,2026-03-18T13:49:24.341081+00:00,658,1,2.771,1292.582,166.26,159.806
2026-03-18T13:47:31+00:00,39.50659009627998,2.691096430644393,137,2026-03-18T13:49:24.341081+00:00,658,1,2.678,1295.261,160.68,159.407
2026-03-18T13:47:32+00:00,39.50656620785594,2.6911080814898014,138,2026-03-18T13:49:24.341081+00:00,658,1,2.838,1298.099,170.28,159.379
2026-03-18T13:47:33+00:00,39.50654533691704,2.6911213248968124,138,2026-03-18T13:49:24.341081+00:00,658,1,2.584,1300.683,155.04,153.915
2026-03-18T13:47:34+00:00,39.50652949512005,2.6911333110183477,139,2026-03-18T13:49:24.341081+00:00,658,1,2.04,1302.723,122.4,149.725
2026-03-18T13:47:35+00:00,39.506511222571135,2.691147308796644,139,2026-03-18T13:49:24.341081+00:00,658,1,2.36,1305.083,141.6,149.415
2026-03-18T13:47:36+00:00,39.50649186037481,2.691162144765258,140,2026-03-18T13:49:24.341081+00:00,658,1,2.501,1307.584,150.06,149.409
2026-03-18T13:47:37+00:00,39.50647400692105,2.691177148371935,140,2026-03-18T13:49:24.341081+00:00,658,1,2.366,1309.95,141.96,147.041
2026-03-18T13:47:38+00:00,39.50645690783858,2.691190307959914,140,2026-03-18T13:49:24.341081+00:00,658,1,2.211,1312.161,132.66,149.298
2026-03-18T13:47:39+00:00,39.50643997639418,2.6912031322717667,138,2026-03-18T13:49:24.341081+00:00,658,1,2.181,1314.342,130.86,149.698
2026-03-18T13:47:40+00:00,39.50642195530236,2.6912134420126677,139,2026-03-18T13:49:24.341081+00:00,658,1,2.19,1316.532,131.4,156.183
2026-03-18T13:47:41+00:00,39.50640167109668,2.6912208180874586,140,2026-03-18T13:49:24.341081+00:00,658,1,2.343,1318.875,140.58,164.328
2026-03-18T13:47:42+00:00,39.50638054870069,2.691232468932867,140,2026-03-18T13:49:24.341081+00:00,658,1,2.553,1321.427,153.18,156.946
2026-03-18T13:47:43+00:00,39.50636135414243,2.6912459637969732,140,2026-03-18T13:49:24.341081+00:00,658,1,2.428,1323.855,145.68,151.523
2026-03-18T13:47:44+00:00,39.50634081847966,2.6912574470043182,138,2026-03-18T13:49:24.341081+00:00,658,1,2.487,1326.342,149.22,156.663
2026-03-18T13:47:45+00:00,39.506319696083665,2.6912691816687584,139,2026-03-18T13:49:24.341081+00:00,658,1,2.555,1328.898,153.3,156.798
2026-03-18T13:47:46+00:00,39.50630184262991,2.6912805810570717,139,2026-03-18T13:49:24.341081+00:00,658,1,2.213,1331.111,132.78,153.773
2026-03-18T13:47:47+00:00,39.50628382153809,2.6912929862737656,141,2026-03-18T13:49:24.341081+00:00,658,1,2.269,1333.38,136.14,152.026
2026-03-18T13:47:48+00:00,39.50626563280821,2.691304050385952,141,2026-03-18T13:49:24.341081+00:00,658,1,2.234,1335.614,134.04,154.858
2026-03-18T13:47:49+00:00,39.50624844990671,2.6913147792220116,141,2026-03-18T13:49:24.341081+00:00,658,1,2.121,1337.735,127.26,154.277
2026-03-18T13:47:50+00:00,39.50623000971973,2.691326094791293,141,2026-03-18T13:49:24.341081+00:00,658,1,2.269,1340.003,136.14,154.665
2026-03-18T13:47:51+00:00,39.50621140189469,2.691340008750558,141,2026-03-18T13:49:24.341081+00:00,658,1,2.389,1342.392,143.34,150.018
2026-03-18T13:47:52+00:00,39.506191704422235,2.691351240500808,138,2026-03-18T13:49:24.341081+00:00,658,1,2.393,1344.785,143.58,156.253
2026-03-18T13:47:53+00:00,39.50617150403559,2.6913628075271845,133,2026-03-18T13:49:24.341081+00:00,658,1,2.456,1347.24,147.36,156.164
2026-03-18T13:47:54+00:00,39.50615440495312,2.6913783978670835,131,2026-03-18T13:49:24.341081+00:00,658,1,2.325,1349.565,139.5,144.874
2026-03-18T13:47:55+00:00,39.506136970594525,2.691396838054061,130,2026-03-18T13:49:24.341081+00:00,658,1,2.502,1352.067,150.12,140.783
2026-03-18T13:47:56+00:00,39.50611777603626,2.6914120092988014,134,2026-03-18T13:49:24.341081+00:00,658,1,2.5,1354.567,150.0,148.624
2026-03-18T13:47:57+00:00,39.50609900057316,2.691427180543542,136,2026-03-18T13:49:24.341081+00:00,658,1,2.46,1357.028,147.6,148.059
2026-03-18T13:47:58+00:00,39.506079806014895,2.691440675407648,137,2026-03-18T13:49:24.341081+00:00,658,1,2.428,1359.456,145.68,151.522
2026-03-18T13:47:59+00:00,39.5060605276376,2.691457523033023,138,2026-03-18T13:49:24.341081+00:00,658,1,2.585,1362.041,155.1,146.009
2026-03-18T13:48:00+00:00,39.50603890232742,2.6914731971919537,137,2026-03-18T13:49:24.341081+00:00,658,1,2.755,1364.796,165.3,150.785
2026-03-18T13:48:01+00:00,39.506016271188855,2.691485770046711,137,2026-03-18T13:49:24.341081+00:00,658,1,2.738,1367.534,164.28,156.798
2026-03-18T13:48:02+00:00,39.505994813516736,2.6914974208921194,139,2026-03-18T13:49:24.341081+00:00,658,1,2.587,1370.121,155.22,157.27
2026-03-18T13:48:03+00:00,39.50597385875881,2.6915098261088133,137,2026-03-18T13:49:24.341081+00:00,658,1,2.562,1372.683,153.72,155.451
2026-03-18T13:48:04+00:00,39.505954748019576,2.6915223989635706,136,2026-03-18T13:49:24.341081+00:00,658,1,2.383,1375.066,142.98,153.087
2026-03-18T13:48:05+00:00,39.50593546964228,2.691534301266074,138,2026-03-18T13:49:24.341081+00:00,658,1,2.374,1377.44,142.44,154.529
2026-03-18T13:48:06+00:00,39.50591811910272,2.6915457006543875,139,2026-03-18T13:49:24.341081+00:00,658,1,2.163,1379.603,129.78,153.119
2026-03-18T13:48:07+00:00,39.50590110383928,2.6915583573281765,140,2026-03-18T13:49:24.341081+00:00,658,1,2.181,1381.785,130.86,150.148
2026-03-18T13:48:08+00:00,39.50588291510939,2.6915701758116484,142,2026-03-18T13:49:24.341081+00:00,658,1,2.262,1384.047,135.72,153.374
2026-03-18T13:48:09+00:00,39.505864810198545,2.6915851794183254,140,2026-03-18T13:49:24.341081+00:00,658,1,2.39,1386.437,143.4,147.405
2026-03-18T13:48:10+00:00,39.50584712438285,2.691600602120161,140,2026-03-18T13:49:24.341081+00:00,658,1,2.37,1388.807,142.2,146.066
2026-03-18T13:48:11+00:00,39.505829606205225,2.6916135102510452,139,2026-03-18T13:49:24.341081+00:00,658,1,2.241,1391.048,134.46,150.381
2026-03-18T13:48:12+00:00,39.505812926217914,2.691628262400627,140,2026-03-18T13:49:24.341081+00:00,658,1,2.245,1393.293,134.7,145.691
2026-03-18T13:48:13+00:00,39.505795408040285,2.6916404999792576,140,2026-03-18T13:49:24.341081+00:00,658,1,2.213,1395.506,132.78,151.676
2026-03-18T13:48:14+00:00,39.5057772193104,2.6916534919291735,138,2026-03-18T13:49:24.341081+00:00,658,1,2.309,1397.815,138.54,151.14
2026-03-18T13:48:15+00:00,39.505758779123425,2.691665980964899,139,2026-03-18T13:49:24.341081+00:00,658,1,2.314,1400.129,138.84,152.41
2026-03-18T13:48:16+00:00,39.505740171298385,2.6916783023625612,138,2026-03-18T13:49:24.341081+00:00,658,1,2.323,1402.452,139.38,152.938
2026-03-18T13:48:17+00:00,39.505721144378185,2.691692635416985,137,2026-03-18T13:49:24.341081+00:00,658,1,2.447,1404.899,146.82,149.834
2026-03-18T13:48:18+00:00,39.505721144378185,2.691692635416985,138,2026-03-18T13:49:24.341081+00:00,658,1,0.0,1404.899,0.0,0.0
2026-03-18T13:48:19+00:00,39.50570127926767,2.691705711185932,138,2026-03-18T13:49:24.341081+00:00,658,1,2.477,1407.377,148.62,153.076
2026-03-18T13:48:20+00:00,39.5056841801852,2.691718367859721,140,2026-03-18T13:49:24.341081+00:00,658,1,2.19,1409.566,131.4,150.269
2026-03-18T13:48:21+00:00,39.505666410550475,2.691726330667734,141,2026-03-18T13:49:24.341081+00:00,658,1,2.091,1411.657,125.46,160.927
2026-03-18T13:48:22+00:00,39.50564746744931,2.6917249895632267,141,2026-03-18T13:49:24.341081+00:00,658,1,2.11,1413.766,126.6,183.127
2026-03-18T13:48:23+00:00,39.50563179329038,2.691718367859721,142,2026-03-18T13:49:24.341081+00:00,658,1,1.833,1415.6,109.98,198.054
2026-03-18T13:48:24+00:00,39.50562139973045,2.6917058788239956,140,2026-03-18T13:49:24.341081+00:00,658,1,1.576,1417.176,94.56,222.834
2026-03-18T13:48:25+00:00,39.50561159290373,2.691686013713479,139,2026-03-18T13:49:24.341081+00:00,658,1,2.023,1419.199,121.38,237.388
2026-03-18T13:48:26+00:00,39.50560270808637,2.6916622929275036,139,2026-03-18T13:49:24.341081+00:00,658,1,2.262,1421.461,135.72,244.106
2026-03-18T13:48:27+00:00,39.50559390708804,2.69163865596056,140,2026-03-18T13:49:24.341081+00:00,658,1,2.252,1423.713,135.12,244.239
2026-03-18T13:48:28+00:00,39.50558342970908,2.691614767536521,140,2026-03-18T13:49:24.341081+00:00,658,1,2.357,1426.07,141.42,240.384
2026-03-18T13:48:29+00:00,39.505570102483034,2.69159029237926,139,2026-03-18T13:49:24.341081+00:00,658,1,2.57,1428.64,154.2,234.788
2026-03-18T13:48:30+00:00,39.50555727817118,2.691565901041031,141,2026-03-18T13:49:24.341081+00:00,658,1,2.532,1431.173,151.92,235.728
2026-03-18T13:48:31+00:00,39.505546716973186,2.691542012616992,142,2026-03-18T13:49:24.341081+00:00,658,1,2.362,1433.535,141.72,240.187
2026-03-18T13:48:32+00:00,39.505535401403904,2.691519884392619,141,2026-03-18T13:49:24.341081+00:00,658,1,2.278,1435.812,136.68,236.465
2026-03-18T13:48:33+00:00,39.50552576221526,2.6914970856159925,141,2026-03-18T13:49:24.341081+00:00,658,1,2.23,1438.043,133.8,241.279
2026-03-18T13:48:34+00:00,39.50551520101726,2.6914747897535563,140,2026-03-18T13:49:24.341081+00:00,658,1,2.245,1440.287,134.7,238.453
2026-03-18T13:48:35+00:00,39.50550690293312,2.69144712947309,140,2026-03-18T13:49:24.341081+00:00,658,1,2.546,1442.833,152.76,248.753
2026-03-18T13:48:36+00:00,39.50549877248704,2.6914170384407043,140,2026-03-18T13:49:24.341081+00:00,658,1,2.735,1445.569,164.1,250.7
2026-03-18T13:48:37+00:00,39.505488965660334,2.6913895457983017,140,2026-03-18T13:49:24.341081+00:00,658,1,2.599,1448.167,155.94,245.188
2026-03-18T13:48:38+00:00,39.50548284687102,2.691359957680106,140,2026-03-18T13:49:24.341081+00:00,658,1,2.628,1450.795,157.68,254.996
2026-03-18T13:48:39+00:00,39.50547404587269,2.691332632675767,141,2026-03-18T13:49:24.341081+00:00,658,1,2.54,1453.336,152.4,247.342
2026-03-18T13:48:40+00:00,39.505464155226946,2.691304888576269,142,2026-03-18T13:49:24.341081+00:00,658,1,2.622,1455.958,157.32,245.201
2026-03-18T13:48:41+00:00,39.50545568950474,2.691281083971262,142,2026-03-18T13:49:24.341081+00:00,658,1,2.249,1458.207,134.94,245.254
2026-03-18T13:48:42+00:00,39.5054473914206,2.6912632305175066,142,2026-03-18T13:49:24.341081+00:00,658,1,1.788,1459.995,107.28,238.935
2026-03-18T13:48:43+00:00,39.50543641112745,2.6912422757595778,143,2026-03-18T13:49:24.341081+00:00,658,1,2.173,1462.168,130.38,235.818
2026-03-18T13:48:44+00:00,39.50542761012912,2.691221321001649,142,2026-03-18T13:49:24.341081+00:00,658,1,2.047,1464.215,122.82,241.438
2026-03-18T13:48:45+00:00,39.50541755184531,2.69120036624372,143,2026-03-18T13:49:24.341081+00:00,658,1,2.117,1466.332,127.02,238.114
2026-03-18T13:48:46+00:00,39.50540514662862,2.691179746761918,142,2026-03-18T13:49:24.341081+00:00,658,1,2.243,1468.576,134.58,232.055
2026-03-18T13:48:47+00:00,39.505393328145146,2.6911599654704332,142,2026-03-18T13:49:24.341081+00:00,658,1,2.146,1470.722,128.76,232.248
2026-03-18T13:48:48+00:00,39.50538243167102,2.69113976508379,142,2026-03-18T13:49:24.341081+00:00,658,1,2.115,1472.837,126.9,235.042
2026-03-18T13:48:49+00:00,39.50537069700658,2.6911187265068293,141,2026-03-18T13:49:24.341081+00:00,658,1,2.227,1475.064,133.62,234.137
2026-03-18T13:48:50+00:00,39.50535745359957,2.6910953409969807,143,2026-03-18T13:49:24.341081+00:00,658,1,2.489,1477.553,149.34,233.722
2026-03-18T13:48:51+00:00,39.50534412637353,2.6910727936774492,141,2026-03-18T13:49:24.341081+00:00,658,1,2.437,1479.989,146.22,232.545
2026-03-18T13:48:52+00:00,39.50533247552812,2.6910511683672667,142,2026-03-18T13:49:24.341081+00:00,658,1,2.263,1482.252,135.78,235.075
2026-03-18T13:48:53+00:00,39.50531872920692,2.691031889989972,142,2026-03-18T13:49:24.341081+00:00,658,1,2.252,1484.504,135.12,227.257
2026-03-18T13:48:54+00:00,39.50530523434281,2.6910123601555824,142,2026-03-18T13:49:24.341081+00:00,658,1,2.249,1486.754,134.94,228.153
2026-03-18T13:48:55+00:00,39.505293080583215,2.6909905672073364,143,2026-03-18T13:49:24.341081+00:00,658,1,2.307,1489.061,138.42,234.14
2026-03-18T13:48:56+00:00,39.50528050772846,2.690963828936219,143,2026-03-18T13:49:24.341081+00:00,658,1,2.686,1491.747,161.16,238.64
2026-03-18T13:48:57+00:00,39.50526709668338,2.690938515588641,142,2026-03-18T13:49:24.341081+00:00,658,1,2.634,1494.381,158.04,235.524
2026-03-18T13:48:58+00:00,39.50525360181928,2.6909178122878075,141,2026-03-18T13:49:24.341081+00:00,658,1,2.325,1496.707,139.5,229.809
2026-03-18T13:48:59+00:00,39.50524555519223,2.6908904034644365,141,2026-03-18T13:49:24.341081+00:00,658,1,2.516,1499.223,150.96,249.168
2026-03-18T13:49:00+00:00,39.50523776002228,2.690862910822034,141,2026-03-18T13:49:24.341081+00:00,658,1,2.513,1501.736,150.78,249.823
2026-03-18T13:49:01+00:00,39.505230551585555,2.690840195864439,143,2026-03-18T13:49:24.341081+00:00,658,1,2.107,1503.843,126.42,247.643
2026-03-18T13:49:02+00:00,39.505222756415606,2.6908194087445736,142,2026-03-18T13:49:24.341081+00:00,658,1,1.983,1505.826,118.98,244.079
2026-03-18T13:49:03+00:00,39.50521462596953,2.6907929219305515,142,2026-03-18T13:49:24.341081+00:00,658,1,2.446,1508.271,146.76,248.305
2026-03-18T13:49:04+00:00,39.50520666316152,2.6907640043646097,143,2026-03-18T13:49:24.341081+00:00,658,1,2.634,1510.906,158.04,250.359
2026-03-18T13:49:05+00:00,39.505196772515774,2.6907376013696194,142,2026-03-18T13:49:24.341081+00:00,658,1,2.518,1513.424,151.08,244.103
2026-03-18T13:49:06+00:00,39.50518721714616,2.6907125394791365,143,2026-03-18T13:49:24.341081+00:00,658,1,2.398,1515.822,143.88,243.704
2026-03-18T13:49:07+00:00,39.50518084689975,2.6906877290457487,142,2026-03-18T13:49:24.341081+00:00,658,1,2.243,1518.065,134.58,251.594
2026-03-18T13:49:08+00:00,39.50517347082496,2.6906615775078535,144,2026-03-18T13:49:24.341081+00:00,658,1,2.389,1520.454,143.34,249.92
2026-03-18T13:49:09+00:00,39.50516441836953,2.690637353807688,143,2026-03-18T13:49:24.341081+00:00,658,1,2.309,1522.763,138.54,244.157
2026-03-18T13:49:10+00:00,39.505157796666026,2.690610783174634,144,2026-03-18T13:49:24.341081+00:00,658,1,2.396,1525.159,143.76,252.1
2026-03-18T13:49:11+00:00,39.505148408934474,2.690586894750595,143,2026-03-18T13:49:24.341081+00:00,658,1,2.3,1527.459,138.0,243.009
2026-03-18T13:49:12+00:00,39.50513826683163,2.69056367687881,144,2026-03-18T13:49:24.341081+00:00,658,1,2.289,1529.748,137.34,240.484
2026-03-18T13:49:13+00:00,39.505126951262355,2.6905367709696293,144,2026-03-18T13:49:24.341081+00:00,658,1,2.629,1532.377,157.74,241.406
2026-03-18T13:49:14+00:00,39.50511504895985,2.690508523955941,143,2026-03-18T13:49:24.341081+00:00,658,1,2.761,1535.138,165.66,241.36
2026-03-18T13:49:15+00:00,39.50510532595217,2.6904806960374117,142,2026-03-18T13:49:24.341081+00:00,658,1,2.621,1537.759,157.26,245.637
2026-03-18T13:49:16+00:00,39.50509937480092,2.690461166203022,143,2026-03-18T13:49:24.341081+00:00,658,1,1.801,1539.561,108.06,248.449
2026-03-18T13:49:17+00:00,39.505088310688734,2.6904392894357443,144,2026-03-18T13:49:24.341081+00:00,658,1,2.244,1541.805,134.64,236.756
2026-03-18T13:49:18+00:00,39.50507598929107,2.690415820106864,143,2026-03-18T13:49:24.341081+00:00,658,1,2.435,1544.24,146.1,235.767
2026-03-18T13:49:19+00:00,39.50506375171244,2.6903927698731422,144,2026-03-18T13:49:24.341081+00:00,658,1,2.401,1546.641,144.06,235.469
2026-03-18T13:49:20+00:00,39.50504958629608,2.690381705760956,145,2026-03-18T13:49:24.341081+00:00,658,1,1.839,1548.48,110.34,211.075
2026-03-18T13:49:21+00:00,39.50504179112613,2.69038874655962,146,2026-03-18T13:49:24.341081+00:00,658,1,1.057,1549.536,63.42,145.127
2026-03-18T13:49:22+00:00,39.505033576861024,2.6903994753956795,144,2026-03-18T13:49:24.341081+00:00,658,1,1.297,1550.833,77.82,134.778
2026-03-18T13:49:23+00:00,39.505023350939155,2.690416071563959,143,2026-03-18T13:49:24.341081+00:00,658,1,1.822,1552.655,109.32,128.61
2026-03-18T13:49:24+00:00,39.505011700093746,2.690434008836746,144,2026-03-18T13:49:24.341081+00:00,658,1,2.012,1554.667,120.72,130.092
2026-03-18T13:49:25+00:00,39.504994098097086,2.690451694652438,146,2026-03-18T13:49:24.341081+00:00,658,1,2.477,1557.144,148.62,142.216
2026-03-18T13:49:26+00:00,39.50497825630009,2.690470302477479,145,2026-03-18T13:49:24.341081+00:00,658,1,2.377,1559.521,142.62,137.814
2026-03-18T13:49:27+00:00,39.50496492907405,2.690487401559949,145,2026-03-18T13:49:24.341081+00:00,658,1,2.085,1561.606,125.1,135.29
2026-03-18T13:49:28+00:00,39.504951601848006,2.6905034948140383,148,2026-03-18T13:49:24.341081+00:00,658,1,2.025,1563.632,121.5,137.025
2026-03-18T13:49:29+00:00,39.50493718497455,2.6905149780213833,148,2026-03-18T13:49:24.341081+00:00,658,1,1.882,1565.513,112.92,148.427
2026-03-18T13:49:30+00:00,39.504924612119794,2.690526880323887,148,2026-03-18T13:49:24.341081+00:00,658,1,1.731,1567.244,103.86,143.855
2026-03-18T13:49:31+00:00,39.50491371564567,2.690538866445422,147,2026-03-18T13:49:24.341081+00:00,658,1,1.589,1568.834,95.34,139.678
2026-03-18T13:49:32+00:00,39.504901645705104,2.6905557978898287,147,2026-03-18T13:49:24.341081+00:00,658,1,1.978,1570.811,118.68,132.736
2026-03-18T13:49:33+00:00,39.50488865375519,2.690570717677474,146,2026-03-18T13:49:24.341081+00:00,658,1,1.93,1572.741,115.8,138.457
2026-03-18T13:49:34+00:00,39.50487541034818,2.6905827037990093,146,2026-03-18T13:49:24.341081+00:00,658,1,1.796,1574.538,107.76,145.073
2026-03-18T13:49:35+00:00,39.50486434623599,2.6905946899205446,145,2026-03-18T13:49:24.341081+00:00,658,1,1.603,1576.141,96.18,140.109
2026-03-18T13:49:36+00:00,39.504852863028646,2.690606927499175,144,2026-03-18T13:49:24.341081+00:00,658,1,1.653,1577.794,99.18,140.571
2026-03-18T13:49:37+00:00,39.50484230183065,2.69061648286879,142,2026-03-18T13:49:24.341081+00:00,658,1,1.432,1579.226,85.92,145.082
2026-03-18T13:49:38+00:00,39.504832327365875,2.6906229369342327,140,2026-03-18T13:49:24.341081+00:00,658,1,1.24,1580.466,74.4,153.469
2026-03-18T13:49:39+00:00,39.50482184998691,2.690629810094834,139,2026-03-18T13:49:24.341081+00:00,658,1,1.306,1581.772,78.36,153.154
2026-03-18T13:49:40+00:00,39.504811288788915,2.6906386110931635,138,2026-03-18T13:49:24.341081+00:00,658,1,1.396,1583.168,83.76,147.26
2026-03-18T13:49:41+00:00,39.50480475090444,2.690644394606352,138,2026-03-18T13:49:24.341081+00:00,658,1,0.88,1584.048,52.8,145.685
2026-03-18T13:49:42+00:00,39.50479586608708,2.6906488370150328,139,2026-03-18T13:49:24.341081+00:00,658,1,1.059,1585.107,63.54,158.904
2026-03-18T13:49:43+00:00,39.50478471815586,2.6906594820320606,140,2026-03-18T13:49:24.341081+00:00,658,1,1.54,1586.647,92.4,143.619
2026-03-18T13:49:44+00:00,39.50477105565369,2.6906745694577694,138,2026-03-18T13:49:24.341081+00:00,658,1,1.996,1588.643,119.76,139.568
2026-03-18T13:49:45+00:00,39.50476041063666,2.6906880643218756,137,2026-03-18T13:49:24.341081+00:00,658,1,1.656,1590.298,99.36,135.633
2026-03-18T13:49:46+00:00,39.50474901124835,2.690700888633728,135,2026-03-18T13:49:24.341081+00:00,658,1,1.678,1591.977,100.68,139.041
2026-03-18T13:49:47+00:00,39.50473710894585,2.69071321003139,135,2026-03-18T13:49:24.341081+00:00,658,1,1.694,1593.671,101.64,141.384
2026-03-18T13:49:48+00:00,39.504725793376565,2.6907239388674498,135,2026-03-18T13:49:24.341081+00:00,658,1,1.559,1595.23,93.54,143.812
2026-03-18T13:49:49+00:00,39.50471481308341,2.6907360926270485,132,2026-03-18T13:49:24.341081+00:00,658,1,1.606,1596.835,96.36,139.502
2026-03-18T13:49:50+00:00,39.504705760627985,2.6907490007579327,129,2026-03-18T13:49:24.341081+00:00,658,1,1.497,1598.332,89.82,132.268
2026-03-18T13:49:51+00:00,39.50469486415386,2.6907617412507534,127,2026-03-18T13:49:24.341081+00:00,658,1,1.632,1599.964,97.92,137.945
2026-03-18T13:49:52+00:00,39.504690589383245,2.6907713804394007,126,2026-03-18T13:49:24.341081+00:00,658,1,0.954,1600.918,57.24,119.889
2026-03-18T13:49:53+00:00,39.50468002818525,2.690783366560936,126,2026-03-18T13:49:24.341081+00:00,658,1,1.561,1602.478,93.66,138.792
2026-03-18T13:49:54+00:00,39.504668125882745,2.6907926704734564,125,2026-03-18T13:49:24.341081+00:00,658,1,1.546,1604.024,92.76,148.905
2026-03-18T13:49:55+00:00,39.504658821970224,2.690801806747914,121,2026-03-18T13:49:24.341081+00:00,658,1,1.298,1605.322,77.88,142.85
2026-03-18T13:49:56+00:00,39.50465111061931,2.6908114459365606,118,2026-03-18T13:49:24.341081+00:00,658,1,1.191,1606.513,71.46,136.036
2026-03-18T13:49:57+00:00,39.50464557856321,2.69082167185843,115,2026-03-18T13:49:24.341081+00:00,658,1,1.071,1607.585,64.26,125.036
2026-03-18T13:49:58+00:00,39.50463845394552,2.69083340652287,111,2026-03-18T13:49:24.341081+00:00,658,1,1.281,1608.866,76.86,128.199
2026-03-18T13:49:59+00:00,39.50463082641363,2.6908444706350565,111,2026-03-18T13:49:24.341081+00:00,658,1,1.273,1610.139,76.38,131.781
2026-03-18T13:50:00+00:00,39.50462194159627,2.69085587002337,113,2026-03-18T13:49:24.341081+00:00,658,1,1.39,1611.529,83.4,135.29
2026-03-18T13:50:01+00:00,39.50461079366505,2.6908646710217,116,2026-03-18T13:49:24.341081+00:00,658,1,1.451,1612.98,87.06,148.653
2026-03-18T13:50:02+00:00,39.50460207648575,2.690870789811015,117,2026-03-18T13:49:24.341081+00:00,658,1,1.102,1614.083,66.12,151.561
2026-03-18T13:50:03+00:00,39.50459260493517,2.6908783335238695,116,2026-03-18T13:49:24.341081+00:00,658,1,1.236,1615.319,74.16,148.428
2026-03-18T13:50:04+00:00,39.50458833016455,2.690884033218026,115,2026-03-18T13:49:24.341081+00:00,658,1,0.682,1616.001,40.92,134.188
2026-03-18T13:50:05+00:00,39.50458103790879,2.690890822559595,114,2026-03-18T13:49:24.341081+00:00,658,1,0.998,1616.999,59.88,144.308
2026-03-18T13:50:06+00:00,39.504574751481414,2.6908971089869738,114,2026-03-18T13:49:24.341081+00:00,658,1,0.883,1617.882,52.98,142.347
2026-03-18T13:50:07+00:00,39.504568884149194,2.690908843651414,114,2026-03-18T13:49:24.341081+00:00,658,1,1.2,1619.082,72.0,122.944
2026-03-18T13:50:08+00:00,39.504568381235,2.6909257750958204,113,2026-03-18T13:49:24.341081+00:00,658,1,1.454,1620.536,87.24,92.205
2026-03-18T13:50:09+00:00,39.50456737540662,2.6909484900534153,113,2026-03-18T13:49:24.341081+00:00,658,1,1.952,1622.488,117.12,93.285
2026-03-18T13:50:10+00:00,39.504571398720145,2.6909761503338814,116,2026-03-18T13:49:24.341081+00:00,658,1,2.415,1624.903,144.9,79.324
2026-03-18T13:50:11+00:00,39.50458246283233,2.690998949110508,119,2026-03-18T13:49:24.341081+00:00,658,1,2.311,1627.213,138.66,57.831
2026-03-18T13:50:12+00:00,39.50459964573383,2.6910093426704407,118,2026-03-18T13:49:24.341081+00:00,658,1,2.108,1629.322,126.48,25.019
2026-03-18T13:50:13+00:00,39.504617331549525,2.6910131983458996,113,2026-03-18T13:49:24.341081+00:00,658,1,1.994,1631.316,119.64,9.548
2026-03-18T13:50:14+00:00,39.5046325866133,2.691012192517519,110,2026-03-18T13:49:24.341081+00:00,658,1,1.698,1633.014,101.88,357.088
2026-03-18T13:50:15+00:00,39.50464867986739,2.6910114381462336,105,2026-03-18T13:49:24.341081+00:00,658,1,1.791,1634.805,107.46,357.929
